State,District,Disease,ISO_Year,ISO_Week,Cases,Deaths,Latitude,Longitude,Precipitation,Surface Temperature,LAI,Date
Andaman And Nicobar Islands,Andaman,Acute Diarrhoeal Disease,2019,23,8.0,0.0,13.51111965,92.91738842,0.77260494,301.72,33.0,2019-06-06
Andaman And Nicobar Islands,Andaman,Acute Diarrhoeal Disease,2019,41,30.0,0.0,13.51111965,92.91738842,0.1498575146,298.9066666,42.0,2019-10-09
Andaman And Nicobar Islands,North And Middle Andaman,Acute Diarrhoeal Disease,2013,51,86.0,0.0,12.61123865,92.83165406,0.1881493739,298.2,53.0,2013-12-16
Andhra Pradesh,Anantapur,Acute Diarrhoeal Disease,2011,25,128.0,0.0,14.6546235,77.55625984,0.027714734020000003,307.82,,2011-06-26
Andhra Pradesh,Anantapur,Acute Diarrhoeal Disease,2011,35,25.0,0.0,14.6546235,77.55625984,0.2521427967,,7.0,2011-09-03
Andhra Pradesh,Anantapur,Acute Diarrhoeal Disease,2012,20,25.0,0.0,14.6546235,77.55625984,0.08289797767,312.8,3.0,2012-05-18
Andhra Pradesh,Anantapur,Acute Diarrhoeal Disease,2013,23,59.0,0.0,14.6546235,77.55625984,0.1960967701,,2.0,2013-06-04
Andhra Pradesh,Anantapur,Acute Diarrhoeal Disease,2013,32,34.0,2.0,14.6546235,77.55625984,0.03424359017,308.62,,2013-08-05
Andhra Pradesh,Anantapur,Acute Diarrhoeal Disease,2014,26,12.0,0.0,14.6546235,77.55625984,0.00685651061,307.90500000000003,3.0,2014-06-27
Andhra Pradesh,Anantapur,Acute Diarrhoeal Disease,2015,25,71.0,0.0,14.6546235,77.55625984,0.1592405045,313.15000000000003,5.0,2015-06-15
Andhra Pradesh,Anantapur,Acute Diarrhoeal Disease,2016,22,11.0,0.0,14.6546235,77.55625984,0.09720540554,312.5,4.0,2016-06-02
Andhra Pradesh,Anantapur,Acute Diarrhoeal Disease,2021,9,30.0,0.0,14.6546235,77.55625984,3.87e-05,313.216,,2021-03-05
Andhra Pradesh,Anantapur,Cholera,2012,51,23.0,0.0,14.6546235,77.55625984,9.79e-05,306.06,6.0,2012-12-20
Andhra Pradesh,Anantapur,Malaria,2010,23,68.0,0.0,14.6546235,77.55625984,0.2540483378,311.175,,2010-06-09
Andhra Pradesh,Chittor,Acute Diarrhoeal Disease,2010,13,14.0,0.0,13.1601048,79.15555062,0.05093987381,310.872,7.0,2010-04-03
Andhra Pradesh,Chittor,Acute Diarrhoeal Disease,2010,17,30.0,0.0,13.1601048,79.15555062,0.007357521231,309.85200000000003,7.0,2010-04-27
Andhra Pradesh,Chittor,Acute Diarrhoeal Disease,2010,20,81.0,0.0,13.1601048,79.15555062,0.01809973349,310.2905,11.0,2010-05-17
Andhra Pradesh,Chittor,Acute Diarrhoeal Disease,2010,24,25.0,3.0,13.1601048,79.15555062,0.41110525789999997,304.84000000000003,11.0,2010-06-14
Andhra Pradesh,Chittor,Acute Diarrhoeal Disease,2010,30,9.0,0.0,13.1601048,79.15555062,0.0265531894,301.38,,2010-07-28
Andhra Pradesh,Chittor,Acute Diarrhoeal Disease,2010,45,12.0,0.0,13.1601048,79.15555062,0.9832204595,298.865,13.0,2010-11-13
Andhra Pradesh,Chittor,Acute Diarrhoeal Disease,2010,46,12.0,0.0,13.1601048,79.15555062,0.3034626315,299.42,13.0,2010-11-15
Andhra Pradesh,Chittor,Acute Diarrhoeal Disease,2011,25,51.0,0.0,13.1601048,79.15555062,0.02659007207,307.488,,2011-06-25
Andhra Pradesh,Chittor,Acute Diarrhoeal Disease,2011,32,29.0,0.0,13.2178147,79.0929361,0.06253562373,296.94,9.0,2011-08-09
Andhra Pradesh,Chittor,Acute Diarrhoeal Disease,2011,44,45.0,0.0,13.1601048,79.15555062,0.72651644,,17.0,2011-11-03
Andhra Pradesh,Chittor,Acute Diarrhoeal Disease,2011,47,43.0,0.0,13.1601048,79.15555062,0.03873107415,299.90000000000003,,2011-11-25
Andhra Pradesh,Chittor,Acute Diarrhoeal Disease,2012,23,21.0,1.0,13.1601048,79.15555062,0.08453240705,311.296,,2012-06-09
Andhra Pradesh,Chittor,Acute Diarrhoeal Disease,2012,26,24.0,0.0,13.1601048,79.15555062,0.1251162156,309.0266666,11.0,2012-06-27
Andhra Pradesh,Chittor,Acute Diarrhoeal Disease,2012,37,70.0,1.0,13.1601048,79.15555062,0.1577177859,304.78000000000003,10.0,2012-09-10
Andhra Pradesh,Chittor,Acute Diarrhoeal Disease,2013,5,29.0,0.0,13.1601048,79.15555062,0.0006336637921,303.3566666,9.0,2013-01-31
Andhra Pradesh,Chittor,Acute Diarrhoeal Disease,2013,7,82.0,0.0,13.1601048,79.15555062,0.005553353091,304.9666666,8.0,2013-02-11
Andhra Pradesh,Chittor,Acute Diarrhoeal Disease,2013,12,21.0,0.0,13.1601048,79.15555062,0.0009203180385,307.88,,2013-03-21
Andhra Pradesh,Chittor,Acute Diarrhoeal Disease,2013,16,16.0,0.0,13.1601048,79.15555062,0.007145038897,313.072,8.0,2013-04-20
Andhra Pradesh,Chittor,Acute Diarrhoeal Disease,2013,18,44.0,0.0,13.1601048,79.15555062,0.002548878307,311.956,7.0,2013-05-03
Andhra Pradesh,Chittor,Acute Diarrhoeal Disease,2013,47,15.0,0.0,13.1601048,79.15555062,0.294202793,300.62,15.0,2013-11-22
Andhra Pradesh,Chittor,Acute Diarrhoeal Disease,2014,25,19.0,0.0,13.1601048,79.15555062,0.1034736358,309.17,13.0,2014-06-16
Andhra Pradesh,Chittor,Acute Diarrhoeal Disease,2014,30,14.0,0.0,13.1601048,79.15555062,0.03713151105,304.98,8.0,2014-07-26
Andhra Pradesh,Chittor,Acute Diarrhoeal Disease,2014,48,22.0,2.0,13.1601048,79.15555062,0.001506591047,297.495,14.0,2014-11-29
Andhra Pradesh,Chittor,Acute Diarrhoeal Disease,2015,13,82.0,0.0,13.1601048,79.15555062,0.001338915891,313.108,,2015-03-29
Andhra Pradesh,Chittor,Acute Diarrhoeal Disease,2015,14,18.0,0.0,13.1601048,79.15555062,0.008543948554,310.95,7.0,2015-04-05
Andhra Pradesh,Chittor,Acute Diarrhoeal Disease,2015,19,23.0,0.0,13.1601048,79.15555062,0.02483848363,308.93,6.0,2015-05-10
Andhra Pradesh,Chittor,Acute Diarrhoeal Disease,2015,22,16.0,0.0,13.1601048,79.15555062,0.1061365377,309.49,13.0,2015-05-29
Andhra Pradesh,Chittor,Acute Diarrhoeal Disease,2015,24,55.0,1.0,13.1601048,79.15555062,0.48945949,306.42,14.0,2015-06-14
Andhra Pradesh,Chittor,Acute Diarrhoeal Disease,2016,4,52.0,0.0,13.1601048,79.15555062,0.05755587459,302.264,11.0,2016-01-30
Andhra Pradesh,Chittor,Acute Diarrhoeal Disease,2016,25,75.0,1.0,13.1601048,79.15555062,0.4517175858,302.2,13.0,2016-06-26
Andhra Pradesh,Chittor,Acute Diarrhoeal Disease,2016,30,11.0,0.0,13.1601048,79.15555062,0.8138324845,304.45,15.0,2016-07-29
Andhra Pradesh,Chittor,Acute Diarrhoeal Disease,2016,31,32.0,0.0,13.1601048,79.15555062,0.001476693637,299.2466666,17.0,2016-08-07
Andhra Pradesh,Chittor,Acute Diarrhoeal Disease,2016,39,12.0,0.0,13.1601048,79.15555062,0.2775444993,302.16,,2016-09-29
Andhra Pradesh,Chittor,Acute Diarrhoeal Disease,2018,6,42.0,0.0,13.1601048,79.15555062,0.09335975988,304.23,11.0,2018-02-11
Andhra Pradesh,Chittor,Acute Diarrhoeal Disease,2019,25,35.0,0.0,13.1601048,79.15555062,0.01858787331,310.12,8.0,2019-06-19
Andhra Pradesh,Chittor,Chikungunya,2013,11,12.0,0.0,13.1601048,79.15555062,0.0001769088606,308.26,10.0,2013-03-15
Andhra Pradesh,Chittor,Dengue,2017,9,63.0,0.0,13.1601048,79.15555062,0.0002700199809,306.12,8.0,2017-03-04
Andhra Pradesh,Cuddapah,Acute Diarrhoeal Disease,2012,20,29.0,0.0,14.4956602,78.8349278,0.1016562317,314.0666666,,2012-05-16
Andhra Pradesh,Cuddapah,Acute Diarrhoeal Disease,2016,24,14.0,0.0,14.4956602,78.8349278,0.296688057,309.54,6.0,2016-06-13
Andhra Pradesh,Cuddapah,Acute Diarrhoeal Disease,2016,28,42.0,0.0,14.4956602,78.8349278,0.1040768561,301.12,9.0,2016-07-12
Andhra Pradesh,Cuddapah,Acute Diarrhoeal Disease,2017,31,51.0,0.0,14.4956602,78.8349278,0.08707381249,308.0466666,6.0,2017-07-31
Andhra Pradesh,Cuddapah,Acute Diarrhoeal Disease,2018,13,25.0,0.0,14.4956602,78.8349278,0.004435096183,310.12333340000004,8.0,2018-03-31
Andhra Pradesh,East Godavari,Acute Diarrhoeal Disease,2010,2,25.0,0.0,16.99842865,81.71561488,0.008943070151,300.535,13.0,2010-01-12
Andhra Pradesh,East Godavari,Acute Diarrhoeal Disease,2011,40,55.0,0.0,16.99842865,81.71561488,0.01923500463,304.14,18.0,2011-10-09
Andhra Pradesh,East Godavari,Acute Diarrhoeal Disease,2012,27,41.0,0.0,16.99842865,81.71561488,0.8395909477,305.8,13.0,2012-07-06
Andhra Pradesh,East Godavari,Acute Diarrhoeal Disease,2012,45,224.0,0.0,16.99842865,81.71561488,1.285813591,299.28000000000003,19.0,2012-11-05
Andhra Pradesh,East Godavari,Acute Diarrhoeal Disease,2013,16,30.0,0.0,16.99842865,81.71561488,0.0006611923121,307.216,10.0,2013-04-16
Andhra Pradesh,East Godavari,Acute Diarrhoeal Disease,2014,31,110.0,0.0,16.99842865,81.71561488,1.741450456,300.55,7.0,2014-07-30
Andhra Pradesh,East Godavari,Acute Diarrhoeal Disease,2015,28,29.0,0.0,16.99842865,81.71561488,0.1025574804,302.88,16.0,2015-07-08
Andhra Pradesh,East Godavari,Acute Diarrhoeal Disease,2015,41,182.0,0.0,16.99842865,81.71561488,0.7861790594,301.65500000000003,,2015-10-07
Andhra Pradesh,East Godavari,Acute Diarrhoeal Disease,2016,10,10.0,0.0,16.99842865,81.71561488,0.03940526049,301.7333334,12.0,2016-03-07
Andhra Pradesh,East Godavari,Acute Diarrhoeal Disease,2016,31,14.0,0.0,16.99842865,81.71561488,1.40035154,,,2016-08-04
Andhra Pradesh,East Godavari,Acute Diarrhoeal Disease,2017,1,15.0,0.0,16.99842865,81.71561488,0.0002294354551,300.392,25.0,2017-01-05
Andhra Pradesh,East Godavari,Acute Diarrhoeal Disease,2017,35,24.0,0.0,16.99842865,81.71561488,0.3244615379,300.93,20.0,2017-09-03
Andhra Pradesh,East Godavari,Acute Diarrhoeal Disease,2017,41,67.0,0.0,16.99842865,81.71561488,0.5780676133,298.09000000000003,17.0,2017-10-09
Andhra Pradesh,East Godavari,Acute Diarrhoeal Disease,2018,6,9.0,0.0,16.99842865,81.71561488,3.28e-05,302.7833334,16.0,2018-02-05
Andhra Pradesh,Godavari,Acute Diarrhoeal Disease,2011,11,19.0,0.0,16.99842865,81.71561488,0.001156009842,305.74,13.0,2011-03-19
Andhra Pradesh,Guntur,Acute Diarrhoeal Disease,2010,17,45.0,0.0,16.2915189,80.4541588,0.008228921511,310.272,,2010-05-01
Andhra Pradesh,Guntur,Acute Diarrhoeal Disease,2018,5,7.0,2.0,16.2915189,80.4541588,0.004933707398,304.376,9.0,2018-01-31
Andhra Pradesh,Guntur,Acute Diarrhoeal Disease,2018,9,168.0,0.0,16.2915189,80.4541588,8.66e-05,311.956,8.0,2018-03-04
Andhra Pradesh,Guntur,Acute Diarrhoeal Disease,2018,10,1987.0,4.0,16.2915189,80.4541588,6.73e-05,311.896,,2018-03-06
Andhra Pradesh,Guntur,Acute Diarrhoeal Disease,2018,13,21.0,0.0,16.2915189,80.4541588,0.009486840579,311.656,9.0,2018-03-28
Andhra Pradesh,Guntur,Acute Diarrhoeal Disease,2018,15,19.0,0.0,16.2915189,80.4541588,0.01110698313,311.4833334,7.0,2018-04-13
Andhra Pradesh,Guntur,Acute Diarrhoeal Disease,2018,22,35.0,0.0,16.2915189,80.4541588,0.01701078316,312.0733334,,2018-06-01
Andhra Pradesh,Guntur,Acute Diarrhoeal Disease,2018,24,53.0,0.0,16.2915189,80.4541588,0.1407849073,307.76,5.0,2018-06-14
Andhra Pradesh,Guntur,Acute Diarrhoeal Disease,2019,20,23.0,2.0,16.2915189,80.4541588,0.006561507979,315.024,5.0,2019-05-14
Andhra Pradesh,Guntur,Acute Diarrhoeal Disease,2019,39,38.0,0.0,16.2915189,80.4541588,1.075276598,303.1266666,9.0,2019-09-23
Andhra Pradesh,Kadapa,Acute Diarrhoeal Disease,2009,25,39.0,0.0,14.4752936,78.8216861,0.05305104678,310.14,8.0,2009-06-19
Andhra Pradesh,Kadapa,Acute Diarrhoeal Disease,2009,27,18.0,0.0,14.4752936,78.8216861,0.1197721186,310.12,,2009-07-03
Andhra Pradesh,Kadapa,Acute Diarrhoeal Disease,2009,28,50.0,0.0,14.4752936,78.8216861,0.2257715142,308.84000000000003,,2009-07-11
Andhra Pradesh,Kadapa,Acute Diarrhoeal Disease,2009,51,65.0,0.0,14.4752936,78.8216861,0.007220750371,302.14,9.0,2009-12-15
Andhra Pradesh,Kadapa,Acute Diarrhoeal Disease,2010,19,35.0,0.0,14.4752936,78.8216861,0.01198671829,314.276,5.0,2010-05-10
Andhra Pradesh,Kadapa,Acute Diarrhoeal Disease,2010,20,42.0,0.0,14.4752936,78.8216861,0.02307777675,316.3933334,6.0,2010-05-19
Andhra Pradesh,Kadapa,Acute Diarrhoeal Disease,2010,22,39.0,0.0,14.4752936,78.8216861,0.09689869443,313.3533334,6.0,2010-06-06
Andhra Pradesh,Kadapa,Acute Diarrhoeal Disease,2010,24,153.0,0.0,14.4752936,78.8216861,0.96984204285,309.38,7.0,2010-06-15
Andhra Pradesh,Kadapa,Acute Diarrhoeal Disease,2010,25,20.0,0.0,14.4752936,78.8216861,0.1611383373,307.40000000000003,,2010-06-25
Andhra Pradesh,Kadapa,Acute Diarrhoeal Disease,2010,26,102.0,0.0,14.4752936,78.8216861,0.1809348465566667,308.40000000000003,9.0,2010-07-01
Andhra Pradesh,Kadapa,Acute Diarrhoeal Disease,2010,30,90.0,0.0,14.4752936,78.8216861,0.41130478,,10.0,2010-07-26
Andhra Pradesh,Kadapa,Acute Diarrhoeal Disease,2011,21,32.0,0.0,14.4752936,78.8216861,0.03010703838,312.096,8.0,2011-05-26
Andhra Pradesh,Kadapa,Acute Diarrhoeal Disease,2011,22,42.0,0.0,14.4752936,78.8216861,0.2414661965,310.4533334,7.0,2011-06-03
Andhra Pradesh,Kadapa,Acute Diarrhoeal Disease,2011,28,10.0,0.0,14.4752936,78.8216861,0.1299988478,308.85,5.0,2011-07-14
Andhra Pradesh,Kadapa,Acute Diarrhoeal Disease,2011,42,46.0,0.0,14.4752936,78.8216861,0.0062061692815,306.505,16.0,2011-10-21
Andhra Pradesh,Kadapa,Acute Diarrhoeal Disease,2012,20,42.0,1.0,14.4752936,78.8216861,0.1016562317,314.0666666,,2012-05-16
Andhra Pradesh,Kadapa,Acute Diarrhoeal Disease,2012,49,31.0,0.0,14.4752936,78.8216861,0.4699738272,304.37,14.0,2012-12-08
Andhra Pradesh,Kadapa,Acute Diarrhoeal Disease,2012,50,25.0,0.0,14.4752936,78.8216861,0.3962220285,302.7133334,,2012-12-10
Andhra Pradesh,Kadapa,Acute Diarrhoeal Disease,2013,26,48.0,2.0,14.4752936,78.8216861,0.08256184296,309.6,6.0,2013-06-28
Andhra Pradesh,Kadapa,Acute Diarrhoeal Disease,2015,28,101.0,0.0,14.4752936,78.8216861,0.009533108693,307.27,7.0,2015-07-06
Andhra Pradesh,Kadapa,Acute Diarrhoeal Disease,2015,34,35.0,0.0,14.4752936,78.8216861,0.3022869686,312.68,4.0,2015-08-22
Andhra Pradesh,Kadapa,Acute Diarrhoeal Disease,2015,35,23.0,0.0,14.4752936,78.8216861,0.1314551927,305.06,4.0,2015-08-27
Andhra Pradesh,Kadapa,Acute Diarrhoeal Disease,2016,24,14.0,0.0,14.4752936,78.8216861,0.296688057,309.54,6.0,2016-06-13
Andhra Pradesh,Kadapa,Acute Diarrhoeal Disease,2016,28,42.0,0.0,14.4752936,78.8216861,0.1040768561,301.12,9.0,2016-07-12
Andhra Pradesh,Kadapa,Acute Diarrhoeal Disease,2017,14,48.0,0.0,14.4752936,78.8216861,0.001862683483,313.704,,2017-04-07
Andhra Pradesh,Kadapa,Acute Diarrhoeal Disease,2017,21,62.0,0.0,14.4752936,78.8216861,0.03940527194,315.5733334,6.0,2017-05-22
Andhra Pradesh,Kadapa,Acute Diarrhoeal Disease,2019,26,282.0,0.0,14.4752936,78.8216861,0.2276109761,313.94,3.0,2019-06-30
Andhra Pradesh,Kadapa,Chikungunya,2017,11,32.0,0.0,14.4752936,78.8216861,0.01313335307,312.212,7.0,2017-03-18
Andhra Pradesh,Kadapa,Dengue,2014,20,15.0,0.0,14.4752936,78.8216861,0.0001169490468,316.036,,2014-05-17
Andhra Pradesh,Kadapa,Dengue,2015,11,42.0,0.0,14.4752936,78.8216861,0.04333554596,311.19,6.0,2015-03-10
Andhra Pradesh,Kadapa,Dengue,2019,27,6.0,0.0,14.4752936,78.8216861,0.2835273569,313.94,3.0,2019-07-01
Andhra Pradesh,Kadapa,Malaria,2017,28,7.0,0.0,14.4752936,78.8216861,0.1471605754,310.02,7.0,2017-07-10
Andhra Pradesh,Krishna,Acute Diarrhoeal Disease,2010,13,19.0,0.0,16.21399145,81.02572814,0.000686087432,305.53200000000004,11.0,2010-04-04
Andhra Pradesh,Krishna,Acute Diarrhoeal Disease,2011,8,132.0,0.0,16.21399145,81.02572814,0.2278476707,300.628,15.0,2011-02-27
Andhra Pradesh,Krishna,Acute Diarrhoeal Disease,2011,17,106.0,3.0,16.21399145,81.02572814,0.5415081107,307.94,7.0,2011-04-28
Andhra Pradesh,Krishna,Acute Diarrhoeal Disease,2011,50,48.0,0.0,16.21399145,81.02572814,0.03798657977,302.336,9.0,2011-12-13
Andhra Pradesh,Krishna,Acute Diarrhoeal Disease,2013,16,102.0,0.0,16.21399145,81.02572814,0.009029195966,310.368,7.0,2013-04-21
Andhra Pradesh,Krishna,Acute Diarrhoeal Disease,2014,13,31.0,0.0,16.21399145,81.02572814,7.47e-05,306.15000000000003,15.0,2014-03-26
Andhra Pradesh,Krishna,Acute Diarrhoeal Disease,2014,50,25.0,0.0,16.21399145,81.02572814,0.0003007048705,300.37,14.0,2014-12-09
Andhra Pradesh,Krishna,Acute Diarrhoeal Disease,2015,46,25.0,0.0,16.21399145,81.02572814,0.08084867334,301.012,,2015-11-09
Andhra Pradesh,Krishna,Acute Diarrhoeal Disease,2018,14,28.0,0.0,16.21399145,81.02572814,0.01054846624,305.64,,2018-04-06
Andhra Pradesh,Krishna,Acute Diarrhoeal Disease,2022,17,30.0,0.0,16.21399145,81.02572814,0.001602218663,308.756,7.0,2022-04-28
Andhra Pradesh,Krishna,Dengue,2011,35,45.0,0.0,16.21399145,81.02572814,0.5729812104,300.82,9.0,2011-08-31
Andhra Pradesh,Krishna,Dengue,2011,36,30.0,0.0,16.21399145,81.02572814,0.02856716243,304.56,14.0,2011-09-07
Andhra Pradesh,Krishna,Dengue,2015,29,140.0,0.0,16.21399145,81.02572814,0.09276153657,305.325,5.0,2015-07-15
Andhra Pradesh,Krishna,Dengue,2018,21,35.0,0.0,16.21399145,81.02572814,0.007031868493,305.4966666,4.0,2018-05-22
Andhra Pradesh,Kurnool,Acute Diarrhoeal Disease,2010,23,22.0,0.0,15.8309251,78.0425373,0.04048025423,314.225,,2010-06-09
Andhra Pradesh,Kurnool,Acute Diarrhoeal Disease,2011,17,71.0,0.0,15.8309251,78.0425373,0.0430614165,312.96,7.0,2011-04-27
Andhra Pradesh,Kurnool,Acute Diarrhoeal Disease,2011,22,183.0,0.0,15.8309251,78.0425373,0.08862595967,314.135,6.0,2011-05-30
Andhra Pradesh,Kurnool,Acute Diarrhoeal Disease,2011,23,22.0,0.0,15.8309251,78.0425373,0.1991433943,310.88,,2011-06-09
Andhra Pradesh,Kurnool,Acute Diarrhoeal Disease,2011,25,78.0,0.0,15.8309251,78.0425373,0.04302627188,308.54,4.0,2011-06-24
Andhra Pradesh,Kurnool,Acute Diarrhoeal Disease,2011,27,121.0,0.0,15.8309251,78.0425373,0.4360617358,306.2,6.0,2011-07-10
Andhra Pradesh,Kurnool,Acute Diarrhoeal Disease,2011,30,61.0,0.0,15.8309251,78.0425373,0.9857051618,303.18,4.0,2011-07-30
Andhra Pradesh,Kurnool,Acute Diarrhoeal Disease,2012,35,28.0,0.0,15.8309251,78.0425373,0.4921974488,299.64,6.0,2012-08-30
Andhra Pradesh,Kurnool,Acute Diarrhoeal Disease,2012,39,18.0,0.0,15.8309251,78.0425373,0.008389028539,307.41,15.0,2012-09-27
Andhra Pradesh,Kurnool,Acute Diarrhoeal Disease,2012,41,22.0,2.0,15.8309251,78.0425373,0.1665819417,301.935,16.0,2012-10-10
Andhra Pradesh,Kurnool,Acute Diarrhoeal Disease,2013,29,50.0,1.0,15.8309251,78.0425373,0.5152907256,,,2013-07-19
Andhra Pradesh,Kurnool,Acute Diarrhoeal Disease,2013,30,99.0,0.0,15.8309251,78.0425373,0.7500775955,,4.0,2013-07-22
Andhra Pradesh,Kurnool,Acute Diarrhoeal Disease,2013,46,24.0,2.0,15.8309251,78.0425373,0.0001787720902,303.988,14.0,2013-11-12
Andhra Pradesh,Kurnool,Acute Diarrhoeal Disease,2013,47,19.0,1.0,15.8309251,78.0425373,0.1097304627,301.7066666,11.0,2013-11-18
Andhra Pradesh,Kurnool,Acute Diarrhoeal Disease,2015,21,34.0,0.0,15.8309251,78.0425373,0.0271350511,310.176,6.0,2015-05-23
Andhra Pradesh,Kurnool,Acute Diarrhoeal Disease,2016,7,11.0,0.0,15.8309251,78.0425373,8.36e-05,311.1766666,,2016-02-17
Andhra Pradesh,Kurnool,Acute Diarrhoeal Disease,2016,23,34.0,0.0,15.8309251,78.0425373,0.61201615,,5.0,2016-06-11
Andhra Pradesh,Kurnool,Acute Diarrhoeal Disease,2017,19,28.0,0.0,15.8309251,78.0425373,0.04057648441,318.66,4.0,2017-05-11
Andhra Pradesh,Kurnool,Acute Diarrhoeal Disease,2017,21,43.0,0.0,15.8309251,78.0425373,0.006801795772,317.02,,2017-05-25
Andhra Pradesh,Kurnool,Acute Diarrhoeal Disease,2018,8,27.0,0.0,15.8309251,78.0425373,7.8e-05,309.112,6.0,2018-02-21
Andhra Pradesh,Kurnool,Acute Diarrhoeal Disease,2019,15,42.0,0.0,15.8309251,78.0425373,0.02615758416,317.156,,2019-04-14
Andhra Pradesh,Kurnool,Acute Diarrhoeal Disease,2019,40,91.0,0.0,15.8309251,78.0425373,0.1976218729,301.9166667,16.0,2019-09-30
Andhra Pradesh,Kurnool,Acute Diarrhoeal Disease,2019,50,60.0,0.0,15.8309251,78.0425373,0.009241834235,301.62,12.0,2019-12-09
Andhra Pradesh,Kurnool,Acute Diarrhoeal Disease,2021,7,24.0,1.0,15.8309251,78.0425373,0.007255567001,306.6,8.0,2021-02-20
Andhra Pradesh,Kurnool,Acute Diarrhoeal Disease,2021,29,41.0,3.0,15.8309251,78.0425373,1.222079249,300.2,6.0,2021-07-25
Andhra Pradesh,Kurnool,Cholera,2015,8,22.0,0.0,15.8309251,78.0425373,0.0001869740084,311.44,,2015-02-18
Andhra Pradesh,Nandyal,Acute Diarrhoeal Disease,2022,20,21.0,1.0,15.52481495,78.41517104,0.4907972928,303.26,,2022-05-16
Andhra Pradesh,Nandyal,Acute Diarrhoeal Disease,2022,22,10.0,0.0,15.52481495,78.41517104,0.0003646042804,307.456,16.0,2022-05-31
Andhra Pradesh,Nellore,Acute Diarrhoeal Disease,2009,26,43.0,0.0,13.4923257,79.202539,0.1331302201,309.73,10.0,2009-06-27
Andhra Pradesh,Nellore,Acute Diarrhoeal Disease,2010,38,27.0,1.0,13.4923257,79.202539,0.09589897066,303.94,16.0,2010-09-24
Andhra Pradesh,Nellore,Acute Diarrhoeal Disease,2010,46,38.0,0.0,13.4923257,79.202539,0.6782579387,299.22,15.0,2010-11-20
Andhra Pradesh,Nellore,Acute Diarrhoeal Disease,2011,24,81.0,1.0,13.4923257,79.202539,0.09398346726,,9.0,2011-06-19
Andhra Pradesh,Nellore,Acute Diarrhoeal Disease,2011,27,15.0,0.0,13.4923257,79.202539,0.2991829626,311.16,10.0,2011-07-05
Andhra Pradesh,Nellore,Acute Diarrhoeal Disease,2011,28,31.0,1.0,13.4923257,79.202539,0.08416464069,306.9666666,6.0,2011-07-14
Andhra Pradesh,Nellore,Acute Diarrhoeal Disease,2012,1,10.0,0.0,13.4923257,79.202539,0.1145493093,300.96500000000003,13.0,2012-01-06
Andhra Pradesh,Nellore,Acute Diarrhoeal Disease,2013,31,27.0,0.0,13.4923257,79.202539,0.1091315018,306.68,9.0,2013-08-01
Andhra Pradesh,Nellore,Acute Diarrhoeal Disease,2014,2,32.0,0.0,13.4923257,79.202539,0.005329409554,303.54,11.0,2014-01-07
Andhra Pradesh,Nellore,Acute Diarrhoeal Disease,2015,20,32.0,0.0,13.4923257,79.202539,0.02226700101,309.90000000000003,5.0,2015-05-12
Andhra Pradesh,Nellore,Acute Diarrhoeal Disease,2015,42,48.0,0.0,13.4923257,79.202539,0.5927571458,304.05,,2015-10-15
Andhra Pradesh,Nellore,Acute Diarrhoeal Disease,2015,49,14.0,0.0,13.4923257,79.202539,0.9864755403,299.46,13.0,2015-12-06
Andhra Pradesh,Nellore,Acute Diarrhoeal Disease,2016,21,16.0,0.0,13.4923257,79.202539,0.002134173655,307.7366666,10.0,2016-05-27
Andhra Pradesh,Nellore,Dengue,2015,34,13.0,0.0,13.4923257,79.202539,0.217519348,308.5733334,,2015-08-20
Andhra Pradesh,Nellore,Malaria,2015,34,11.0,0.0,13.4923257,79.202539,0.2150921465,309.38,10.0,2015-08-19
Andhra Pradesh,Prakasam,Acute Diarrhoeal Disease,2009,26,12.0,0.0,15.6589741,79.47164373,0.1312363003,314.75333340000003,,2009-06-25
Andhra Pradesh,Prakasam,Acute Diarrhoeal Disease,2010,7,11.0,0.0,15.6589741,79.47164373,0.001624101508,307.464,8.0,2010-02-19
Andhra Pradesh,Prakasam,Acute Diarrhoeal Disease,2010,8,31.0,0.0,15.6589741,79.47164373,0.007760541257,308.968,,2010-02-25
Andhra Pradesh,Prakasam,Acute Diarrhoeal Disease,2010,16,26.0,0.0,15.6589741,79.47164373,0.01063122106,315.796,6.0,2010-04-19
Andhra Pradesh,Prakasam,Acute Diarrhoeal Disease,2010,17,13.0,0.0,15.6589741,79.47164373,0.01731948379,312.48,,2010-05-01
Andhra Pradesh,Prakasam,Acute Diarrhoeal Disease,2010,26,37.0,0.0,15.6589741,79.47164373,0.1133148257,310.56,9.0,2010-06-30
Andhra Pradesh,Prakasam,Acute Diarrhoeal Disease,2010,28,44.0,0.0,15.6589741,79.47164373,0.08708779789,303.8866666,12.0,2010-07-14
Andhra Pradesh,Prakasam,Acute Diarrhoeal Disease,2010,30,30.0,1.0,15.6589741,79.47164373,0.617833668,,5.0,2010-07-26
Andhra Pradesh,Prakasam,Acute Diarrhoeal Disease,2010,43,22.0,0.0,15.6589741,79.47164373,0.288185725,301.48,7.0,2010-10-26
Andhra Pradesh,Prakasam,Acute Diarrhoeal Disease,2011,25,56.0,0.0,15.6589741,79.47164373,0.003870045437,312.76,6.0,2011-06-23
Andhra Pradesh,Prakasam,Acute Diarrhoeal Disease,2011,45,20.0,0.0,15.6589741,79.47164373,8.42e-05,306.996,11.0,2011-11-13
Andhra Pradesh,Prakasam,Acute Diarrhoeal Disease,2012,14,60.0,0.0,15.6589741,79.47164373,0.003033576695,313.7933334,5.0,2012-04-03
Andhra Pradesh,Prakasam,Acute Diarrhoeal Disease,2013,20,22.0,0.0,15.6589741,79.47164373,0.04070217453,317.0933334,,2013-05-17
Andhra Pradesh,Prakasam,Acute Diarrhoeal Disease,2014,5,50.0,0.0,15.6589741,79.47164373,0.05612538856,300.536,7.0,2014-01-30
Andhra Pradesh,Prakasam,Acute Diarrhoeal Disease,2015,8,22.0,0.0,15.6589741,79.47164373,0.001088607416,309.5366666,,2015-02-18
Andhra Pradesh,Prakasam,Acute Diarrhoeal Disease,2016,24,14.0,0.0,15.6589741,79.47164373,0.02424316593,312.02,,2016-06-16
Andhra Pradesh,Prakasam,Acute Diarrhoeal Disease,2018,22,30.0,1.0,15.6589741,79.47164373,0.09974351478,311.824,,2018-06-02
Andhra Pradesh,Prakasam,Acute Diarrhoeal Disease,2018,35,35.0,0.0,15.6589741,79.47164373,0.04604273553,310.05,,2018-08-28
Andhra Pradesh,Prakasam,Acute Diarrhoeal Disease,2022,19,29.0,0.0,15.6589741,79.47164373,0.9649838386,308.2466666,6.0,2022-05-15
Andhra Pradesh,Prakasam,Chikungunya,2013,11,27.0,0.0,15.6589741,79.47164373,0.01582499826,311.6,7.0,2013-03-11
Andhra Pradesh,Prakasam,Dengue,2012,16,35.0,0.0,15.6589741,79.47164373,0.01306718896,317.87333340000004,5.0,2012-04-19
Andhra Pradesh,Prakasam,Dengue,2016,38,50.0,0.0,15.6589741,79.47164373,0.4254672712,302.76,5.0,2016-09-23
Andhra Pradesh,Prakasam,Dengue,2017,19,28.0,0.0,15.6589741,79.47164373,0.06040740703,315.196,5.0,2017-05-13
Andhra Pradesh,Prakasam,Malaria,2009,25,39.0,1.0,15.6589741,79.47164373,0.06323146104,313.26,5.0,2009-06-15
Andhra Pradesh,Ranga Reddy,Acute Diarrhoeal Disease,2013,37,80.0,0.0,13.1006135,79.1260283,0.6728311561,302.2,4.0,2013-09-11
Andhra Pradesh,Srikakulam,Acute Diarrhoeal Disease,2013,33,16.0,0.0,18.32002205,83.9160772,0.5241072051,301.72,17.0,2013-08-16
Andhra Pradesh,Srikakulam,Acute Diarrhoeal Disease,2016,28,12.0,2.0,18.32002205,83.9160772,0.4240231185,303.86,18.0,2016-07-16
Andhra Pradesh,Srikakulam,Acute Diarrhoeal Disease,2017,24,16.0,0.0,18.32002205,83.9160772,0.8792437884,300.82,,2017-06-18
Andhra Pradesh,Srikakulam,Acute Diarrhoeal Disease,2018,45,36.0,0.0,18.32002205,83.9160772,0.03246801788,302.2833334,13.0,2018-11-05
Andhra Pradesh,Srikakulam,Acute Diarrhoeal Disease,2018,48,39.0,0.0,18.32002205,83.9160772,0.000117000311,301.392,9.0,2018-12-01
Andhra Pradesh,Srikakulam,Dengue,2016,29,22.0,0.0,18.32002205,83.9160772,0.3929427031,303.38,10.0,2016-07-21
Andhra Pradesh,Visakhapatnam,Acute Diarrhoeal Disease,2009,34,26.0,0.0,17.7222517,83.32670984,0.337273926,301.7466666,,2009-08-21
Andhra Pradesh,Visakhapatnam,Acute Diarrhoeal Disease,2010,11,36.0,0.0,17.7222517,83.32670984,0.0389688862,305.515,7.0,2010-03-15
Andhra Pradesh,Visakhapatnam,Acute Diarrhoeal Disease,2010,40,27.0,0.0,17.7222517,83.32670984,0.7003195887,302.19,,2010-10-07
Andhra Pradesh,Visakhapatnam,Acute Diarrhoeal Disease,2010,42,56.0,0.0,17.7222517,83.32670984,0.9560793176,300.67,13.0,2010-10-21
Andhra Pradesh,Visakhapatnam,Acute Diarrhoeal Disease,2010,44,20.0,0.0,17.7222517,83.32670984,2.694219773,299.53000000000003,11.0,2010-11-02
Andhra Pradesh,Visakhapatnam,Acute Diarrhoeal Disease,2011,36,15.0,0.0,17.7222517,83.32670984,0.6172075623,,,2011-09-06
Andhra Pradesh,Visakhapatnam,Acute Diarrhoeal Disease,2012,23,55.0,1.0,17.7222517,83.32670984,0.01893911243,311.15000000000003,6.0,2012-06-06
Andhra Pradesh,Visakhapatnam,Acute Diarrhoeal Disease,2012,37,11.0,0.0,17.7222517,83.32670984,0.426829247,,10.0,2012-09-15
Andhra Pradesh,Visakhapatnam,Acute Diarrhoeal Disease,2012,45,55.0,0.0,17.7222517,83.32670984,1.458831392,305.36,13.0,2012-11-05
Andhra Pradesh,Visakhapatnam,Acute Diarrhoeal Disease,2012,46,54.0,0.0,17.7222517,83.32670984,0.05508633867,302.0566666,17.0,2012-11-13
Andhra Pradesh,Visakhapatnam,Acute Diarrhoeal Disease,2012,48,24.0,0.0,17.7222517,83.32670984,0.26920260549999997,300.72333330000004,15.0,2012-11-26
Andhra Pradesh,Visakhapatnam,Acute Diarrhoeal Disease,2012,49,36.0,0.0,17.7222517,83.32670984,0.0004330389402,301.572,13.0,2012-12-03
Andhra Pradesh,Visakhapatnam,Acute Diarrhoeal Disease,2013,23,15.0,0.0,17.7222517,83.32670984,0.03342050246,309.4066666,9.0,2013-06-04
Andhra Pradesh,Visakhapatnam,Acute Diarrhoeal Disease,2013,43,11.0,0.0,17.7222517,83.32670984,2.539467278,,15.0,2013-10-26
Andhra Pradesh,Visakhapatnam,Acute Diarrhoeal Disease,2013,46,30.0,0.0,17.7222517,83.32670984,0.0005585707952,302.2633334,,2013-11-16
Andhra Pradesh,Visakhapatnam,Acute Diarrhoeal Disease,2014,15,14.0,2.0,17.7222517,83.32670984,0.003455332578,309.0733334,10.0,2014-04-09
Andhra Pradesh,Visakhapatnam,Acute Diarrhoeal Disease,2015,24,15.0,0.0,17.7222517,83.32670984,1.090899644,306.66,5.0,2015-06-08
Andhra Pradesh,Visakhapatnam,Acute Diarrhoeal Disease,2015,38,52.0,0.0,17.7222517,83.32670984,2.692314466,,9.0,2015-09-18
Andhra Pradesh,Visakhapatnam,Acute Diarrhoeal Disease,2015,43,15.0,0.0,17.7222517,83.32670984,0.09566008838,303.516,18.0,2015-10-21
Andhra Pradesh,Visakhapatnam,Acute Diarrhoeal Disease,2016,1,20.0,0.0,17.7222517,83.32670984,0.00468783893,301.88,11.0,2016-01-06
Andhra Pradesh,Visakhapatnam,Acute Diarrhoeal Disease,2016,21,15.0,0.0,17.7222517,83.32670984,1.904415471,307.67,,2016-05-23
Andhra Pradesh,Visakhapatnam,Acute Diarrhoeal Disease,2016,25,41.0,0.0,17.7222517,83.32670984,0.3516362116,304.53000000000003,15.0,2016-06-21
Andhra Pradesh,Visakhapatnam,Acute Diarrhoeal Disease,2019,5,23.0,0.0,17.7222517,83.32670984,0.01016701059,301.456,11.0,2019-01-31
Andhra Pradesh,Visakhapatnam,Acute Diarrhoeal Disease,2019,9,133.0,0.0,17.7222517,83.32670984,0.001563707088,308.7966666,9.0,2019-02-27
Andhra Pradesh,Visakhapatnam,Acute Diarrhoeal Disease,2019,20,16.0,0.0,17.7222517,83.32670984,0.02533374769,308.59200000000004,9.0,2019-05-19
Andhra Pradesh,Visakhapatnam,Acute Diarrhoeal Disease,2020,5,13.0,0.0,17.7222517,83.32670984,0.1064647785,302.745,,2020-02-02
Andhra Pradesh,Visakhapatnam,Chikungunya,2011,50,12.0,0.0,17.7222517,83.32670984,0.005255753106,302.38,9.0,2011-12-14
Andhra Pradesh,Visakhapatnam,Chikungunya,2013,44,10.0,0.0,17.7222517,83.32670984,2.584537429,,15.0,2013-10-28
Andhra Pradesh,Visakhapatnam,Chikungunya,2014,34,23.0,0.0,17.7222517,83.32670984,0.2358781122,305.2466666,17.0,2014-08-19
Andhra Pradesh,Visakhapatnam,Dengue,2019,23,14.0,0.0,17.7222517,83.32670984,0.005092893307,308.33,9.0,2019-06-03
Andhra Pradesh,Vizianagaram,Acute Diarrhoeal Disease,2010,31,25.0,0.0,18.1120819,83.40521962,0.8399196414,303.04,5.0,2010-08-02
Andhra Pradesh,Vizianagaram,Acute Diarrhoeal Disease,2010,36,27.0,0.0,18.1120819,83.40521962,0.4870898599,301.32,12.0,2010-09-12
Andhra Pradesh,Vizianagaram,Acute Diarrhoeal Disease,2010,37,11.0,0.0,18.1120819,83.40521962,0.3795348406,296.62,,2010-09-14
Andhra Pradesh,Vizianagaram,Acute Diarrhoeal Disease,2010,44,54.0,0.0,18.1120819,83.40521962,2.384673955,300.33,11.0,2010-11-06
Andhra Pradesh,Vizianagaram,Acute Diarrhoeal Disease,2011,16,22.0,0.0,18.1120819,83.40521962,0.2910443642,310.5,11.0,2011-04-24
Andhra Pradesh,Vizianagaram,Acute Diarrhoeal Disease,2012,49,130.0,0.0,18.1120819,83.40521962,6.98e-05,299.8066666,13.0,2012-12-07
Andhra Pradesh,Vizianagaram,Acute Diarrhoeal Disease,2012,50,89.0,0.0,18.1120819,83.40521962,0.0005868506973,303.415,,2012-12-10
Andhra Pradesh,Vizianagaram,Acute Diarrhoeal Disease,2013,39,17.0,0.0,18.1120819,83.40521962,0.6275069675,304.19,23.0,2013-09-25
Andhra Pradesh,Vizianagaram,Acute Diarrhoeal Disease,2013,44,41.0,0.0,18.1120819,83.40521962,0.26087559,300.844,19.0,2013-11-02
Andhra Pradesh,Vizianagaram,Acute Diarrhoeal Disease,2013,45,14.0,0.0,18.1120819,83.40521962,0.004332922697,302.6366666,,2013-11-09
Andhra Pradesh,Vizianagaram,Acute Diarrhoeal Disease,2015,31,26.0,0.0,18.1120819,83.40521962,0.1762899299,,5.0,2015-07-30
Andhra Pradesh,Vizianagaram,Acute Diarrhoeal Disease,2015,39,54.0,0.0,18.1120819,83.40521962,0.6906381139,305.40000000000003,20.0,2015-09-25
Andhra Pradesh,Vizianagaram,Acute Diarrhoeal Disease,2016,25,37.0,0.0,18.1120819,83.40521962,0.3930712575,302.92,15.0,2016-06-22
Andhra Pradesh,Vizianagaram,Acute Diarrhoeal Disease,2016,26,13.0,0.0,18.1120819,83.40521962,2.201965047,,,2016-07-03
Andhra Pradesh,Vizianagaram,Acute Diarrhoeal Disease,2016,27,11.0,0.0,18.1120819,83.40521962,0.211354935,305.24,9.0,2016-07-09
Andhra Pradesh,Vizianagaram,Acute Diarrhoeal Disease,2016,33,14.0,0.0,18.1120819,83.40521962,0.2870516494,302.38,16.0,2016-08-21
Andhra Pradesh,Vizianagaram,Acute Diarrhoeal Disease,2016,36,37.0,0.0,18.1120819,83.40521962,0.6099486256,,16.0,2016-09-06
Andhra Pradesh,Vizianagaram,Acute Diarrhoeal Disease,2019,26,14.0,0.0,18.1120819,83.40521962,0.1162495604,306.14,14.0,2019-06-30
Andhra Pradesh,West Godavari,Acute Diarrhoeal Disease,2012,51,45.0,0.0,16.63713765,81.58909666,0.001204859045,301.31333340000003,,2012-12-17
Andhra Pradesh,West Godavari,Acute Diarrhoeal Disease,2013,8,24.0,0.0,16.63713765,81.58909666,0.1170010357,302.045,19.0,2013-02-22
Andhra Pradesh,West Godavari,Acute Diarrhoeal Disease,2013,10,18.0,0.0,16.63713765,81.58909666,0.002922846405,303.4533334,20.0,2013-03-10
Andhra Pradesh,West Godavari,Acute Diarrhoeal Disease,2013,46,15.0,0.0,16.63713765,81.58909666,0.02712982454,300.888,14.0,2013-11-11
Andhra Pradesh,West Godavari,Acute Diarrhoeal Disease,2015,38,11.0,0.0,16.63713765,81.58909666,1.335196725,303.66,8.0,2015-09-17
Andhra Pradesh,West Godavari,Acute Diarrhoeal Disease,2016,50,38.0,0.0,16.63713765,81.58909666,0.0222333641,301.865,8.0,2016-12-13
Andhra Pradesh,West Godavari,Dengue,2012,35,58.0,0.0,16.63713765,81.58909666,0.6296221556,301.24,14.0,2012-08-31
Arunachal Pradesh,Changlang,Malaria,2015,43,508.0,6.0,27.1398402,95.7382485,0.09931108215,298.47200000000004,51.0,2015-10-20
Arunachal Pradesh,Dibang Valley,Acute Diarrhoeal Disease,2017,22,28.0,0.0,28.83416675,95.94523415,2.026425866,299.84000000000003,34.0,2017-05-30
Arunachal Pradesh,Dibang Valley,Acute Diarrhoeal Disease,2018,12,30.0,0.0,28.83416675,95.94523415,1.66853422,282.308,32.0,2018-03-19
Arunachal Pradesh,East Kameng,Acute Diarrhoeal Disease,2010,25,30.0,0.0,27.3,93.05,3.4182755775,286.4483333,5.0,2010-06-21
Arunachal Pradesh,East Kameng,Acute Diarrhoeal Disease,2011,4,686.0,0.0,27.3,93.05,0.5065819908,280.552,,2011-01-24
Arunachal Pradesh,East Kameng,Acute Diarrhoeal Disease,2013,5,69.0,4.0,27.3,93.05,0.1920768368,284.4833334,24.0,2013-01-28
Arunachal Pradesh,East Kameng,Acute Diarrhoeal Disease,2015,45,27.0,0.0,27.3,93.05,1.178883881,289.1766666,39.0,2015-11-06
Arunachal Pradesh,East Kameng,Acute Diarrhoeal Disease,2018,6,17.0,0.0,27.3,93.05,0.7054884658,283.676,6.0,2018-02-07
Arunachal Pradesh,East Kameng,Acute Diarrhoeal Disease,2019,34,45.0,1.0,27.3,93.05,1.301433854,291.0933334,49.0,2019-08-25
Arunachal Pradesh,East Kameng,Dengue,2012,36,31.0,1.0,27.3,93.05,2.993585127,284.0,13.0,2012-09-03
Arunachal Pradesh,East Kameng,Malaria,2013,26,52.0,0.0,27.3,93.05,2.720666618,290.91200000000003,,2013-06-26
Arunachal Pradesh,East Siang,Acute Diarrhoeal Disease,2019,27,21.0,0.0,28.3,95.15,1.589279616,294.02,5.0,2019-07-07
Arunachal Pradesh,East Siang,Chikungunya,2015,34,38.0,0.0,28.3,95.15,3.054230503,298.36,8.0,2015-08-18
Arunachal Pradesh,East Siang,Chikungunya,2019,27,160.0,0.0,28.3,95.15,1.589279616,294.02,5.0,2019-07-07
Arunachal Pradesh,East Siang,Dengue,2013,44,8.0,2.0,28.3,95.15,0.5127766859,292.868,50.0,2013-10-28
Arunachal Pradesh,East Siang,Dengue,2014,49,64.0,0.0,28.3,95.15000000000002,0.1201638328,286.85,35.0,2014-12-01
Arunachal Pradesh,East Siang,Dengue,2015,23,14420.0,6.0,28.3,95.15,3.5019120130000005,295.2,17.0,2015-06-04
Arunachal Pradesh,East Siang,Dengue,2015,24,68.0,0.0,28.3,95.15,4.401960024,297.15000000000003,17.0,2015-06-08
Arunachal Pradesh,East Siang,Dengue,2016,34,5.0,0.0,28.3,95.15,0.4468191859,295.8,48.0,2016-08-23
Arunachal Pradesh,East Siang,Dengue,2019,23,183.0,0.0,28.3,95.15,0.7817187043,297.2733334,44.0,2019-06-03
Arunachal Pradesh,East Siang,Dengue,2019,25,158.0,0.0,28.3,95.15,1.698544596,287.64,13.0,2019-06-22
Arunachal Pradesh,Kra Daadi,Acute Diarrhoeal Disease,2019,23,27.0,0.0,27.96354175,93.76656539,0.5714545475,299.11333340000004,33.0,2019-06-05
Arunachal Pradesh,Kurung Kumey,Acute Diarrhoeal Disease,2012,4,199.0,8.0,27.98636765,93.15783469,0.1820995246,282.0566666,26.0,2012-01-27
Arunachal Pradesh,Kurung Kumey,Acute Diarrhoeal Disease,2013,8,14.0,1.0,27.98636765,93.15783469,0.2853411741,286.8766666,38.0,2013-02-24
Arunachal Pradesh,Lohit,Acute Diarrhoeal Disease,2021,28,4.0,0.0,27.8239052,95.861898,0.7405375321,301.5,13.0,2021-07-13
Arunachal Pradesh,Lower Dibang Valley,Acute Diarrhoeal Disease,2010,18,65.0,0.0,28.21495625,95.87877404,0.3806328982,288.63,14.0,2010-05-05
Arunachal Pradesh,Lower Dibang Valley,Acute Diarrhoeal Disease,2017,46,39.0,0.0,28.21495625,95.87877404,0.000359227118,298.79,34.0,2017-11-13
Arunachal Pradesh,Lower Subansiri,Malaria,2010,31,24.0,0.0,27.8,93.6,1.018872718,286.375,28.0,2010-08-02
Arunachal Pradesh,Papum Pare,AES,2014,28,5.0,3.0,27.28636665,93.6187716,1.772725267,291.64,5.0,2014-07-10
Arunachal Pradesh,Papum Pare,Acute Diarrhoeal Disease,2017,31,112.0,1.0,27.28636665,93.6187716,1.461355685,297.8933334,22.0,2017-08-03
Arunachal Pradesh,Papum Pare,Acute Diarrhoeal Disease,2019,37,55.0,0.0,27.28636665,93.6187716,1.875597442,,3.0,2019-09-12
Arunachal Pradesh,Papum Pare,Dengue,2012,36,544.0,0.0,27.28636665,93.6187716,2.063140676,287.94,12.0,2012-09-03
Arunachal Pradesh,Papum Pare,Dengue,2015,34,43.0,0.0,27.28636665,93.6187716,2.74522194,,,2015-08-21
Arunachal Pradesh,Papum Pare,Dengue,2015,37,20.0,0.0,27.28636665,93.6187716,1.202382835,287.2133334,35.0,2015-09-07
Arunachal Pradesh,Papum Pare,Dengue,2015,39,219.0,0.0,27.28636665,93.6187716,1.8752664470000002,296.37,,2015-09-21
Arunachal Pradesh,Seppa Town,Acute Diarrhoeal Disease,2011,4,454.0,0.0,27.3594183,93.04060980000001,0.5065819908,280.552,,2011-01-24
Arunachal Pradesh,Seppa Town,Acute Diarrhoeal Disease,2011,5,579.0,0.0,27.3594183,93.04060980000001,0.7235730026999999,283.1466666,20.0,2011-01-31
Arunachal Pradesh,Shi-Yomi,Acute Diarrhoeal Disease,2019,34,95.0,0.0,28.68516625,94.23678241,0.6327114122,288.03200000000004,37.0,2019-08-23
Arunachal Pradesh,Shi-Yomi,Acute Diarrhoeal Disease,2019,37,125.0,0.0,28.68516625,94.23678241,1.277127467,279.26,,2019-09-13
Arunachal Pradesh,Tirap,Acute Diarrhoeal Disease,2015,20,20.0,0.0,27.03016895,95.49791755,0.7840058317,298.14,18.0,2015-05-13
Arunachal Pradesh,Tirap,Malaria,2009,49,407.0,0.0,27.03016895,95.49791755,0.06696777185,289.63,50.0,2009-12-01
Arunachal Pradesh,Upper Siang,Acute Diarrhoeal Disease,2014,28,68.0,0.0,28.73120455,95.03773151,2.139688935,287.4266666,8.0,2014-07-07
Arunachal Pradesh,Upper Siang,Dengue,2012,37,278.0,0.0,28.73120455,95.03773151,2.45122472,293.79,14.0,2012-09-15
Arunachal Pradesh,Upper Siang,Dengue,2015,34,43.0,0.0,28.73120455,95.03773151,3.054230503,298.36,8.0,2015-08-18
Arunachal Pradesh,Upper Siang,Malaria,2014,30,41.0,0.0,28.73120455,95.03773151,2.883746787,268.18,35.0,2014-07-21
Arunachal Pradesh,Upper Siang,Malaria,2022,19,36.0,0.0,28.73120455,95.03773151,1.142611934,296.955,25.0,2022-05-12
Arunachal Pradesh,Upper Subansiri,Acute Diarrhoeal Disease,2019,37,27.0,0.0,28.3,94.0,1.166137081,277.88,2.0,2019-09-10
Arunachal Pradesh,West Kameng,Acute Diarrhoeal Disease,2022,21,37.0,0.0,27.4,92.35,1.087377988,291.86,18.0,2022-05-27
Arunachal Pradesh,West Siang,Acute Diarrhoeal Disease,2012,11,284.0,4.0,28.4,94.55,1.424162362,289.99,30.0,2012-03-17
Arunachal Pradesh,West Siang,Acute Diarrhoeal Disease,2012,29,72.0,0.0,28.4,94.55,3.696519774,,,2012-07-18
Arunachal Pradesh,West Siang,Acute Diarrhoeal Disease,2013,26,200.0,2.0,28.4,94.55,2.544234703,290.68,2.0,2013-06-27
Arunachal Pradesh,West Siang,Dengue,2012,37,363.0,0.0,28.4,94.55,2.628034519,292.9266666,13.0,2012-09-15
Arunachal Pradesh,West Siang,Dengue,2015,33,460.0,0.0,28.4,94.55,0.646342076,292.5333334,4.0,2015-08-14
Arunachal Pradesh,West Siang,Dengue,2015,41,20.0,0.0,28.4,94.55,0.2793232383,294.536,40.0,2015-10-10
Assam,Baksa,Acute Diarrhoeal Disease,2011,38,33.0,0.0,26.62758805,91.46190527,1.350122507,300.44,24.0,2011-09-20
Assam,Baksa,Acute Diarrhoeal Disease,2022,22,15.0,0.0,26.62758805,91.46190527,0.1341413536,301.835,29.0,2022-05-31
Assam,Baksa,Malaria,2013,24,81.0,0.0,26.62758805,91.46190527,0.2857575343,300.855,36.0,2013-06-14
Assam,Baksa,Malaria,2014,45,41.0,5.0,26.62758805,91.46190527,0.001209877458,298.69333340000003,42.0,2014-11-04
Assam,Baksa,Malaria,2014,47,11.0,3.0,26.62758805,91.46190527,0.003147830632,298.316,31.0,2014-11-22
Assam,Barpeta,AES,2011,25,6.0,1.0,26.34142215,91.01674328,1.161898615,294.2733334,10.0,2011-06-22
Assam,Barpeta,AES,2011,26,7.0,5.0,26.34142215,91.01674328,3.232256414,,4.0,2011-06-30
Assam,Barpeta,AES,2013,10,25.0,6.0,26.34142215,91.01674328,0.001135455886,302.8833334,,2013-03-06
Assam,Barpeta,Acute Diarrhoeal Disease,2010,23,104.0,0.0,26.34142215,91.01674328,2.236576342,293.17,11.0,2010-06-12
Assam,Barpeta,Acute Diarrhoeal Disease,2018,39,32.0,0.0,26.34142215,91.01674328,0.5442588898,301.15000000000003,20.0,2018-09-25
Assam,Barpeta,Acute Diarrhoeal Disease,2018,48,14.0,0.0,26.34142215,91.01674328,0.001068048725,297.9133334,22.0,2018-11-26
Assam,Barpeta,Cholera,2009,40,1650.0,25.0,26.34142215,91.01674328,0.5975486866,300.992,19.0,2009-09-28
Assam,Barpeta,Cholera,2011,16,66.0,0.0,26.34142215,91.01674328,0.3847743948,300.896,,2011-04-23
Assam,Barpeta,Cholera,2012,39,13.0,0.0,26.34142215,91.01674328,0.1012164724,300.108,8.0,2012-09-30
Assam,Bongaigaon,Acute Diarrhoeal Disease,2010,25,18.0,0.0,26.41237695,90.57149765,1.890202199,301.58,21.0,2010-06-22
Assam,Bongaigaon,Acute Diarrhoeal Disease,2012,34,12.0,2.0,26.41237695,90.57149765,2.001300137,300.34000000000003,37.0,2012-08-25
Assam,Bongaigaon,Cholera,2009,24,24.0,4.0,26.41237695,90.57149765,0.9739409602,299.552,21.0,2009-06-12
Assam,Bongaigaon,Dengue,2012,41,27.0,1.0,26.41237695,90.57149765,0.4364559501,296.968,39.0,2012-10-10
Assam,Cachar,Acute Diarrhoeal Disease,2012,19,228.0,1.0,24.75863995,92.88166476,0.007508876823,304.752,23.0,2012-05-10
Assam,Cachar,Acute Diarrhoeal Disease,2016,6,35.0,0.0,24.75863995,92.88166476,0.03034821017,298.028,16.0,2016-02-12
Assam,Cachar,Acute Diarrhoeal Disease,2016,7,12.0,0.0,24.75863995,92.88166476,0.1608058853,298.828,,2016-02-18
Assam,Cachar,Acute Diarrhoeal Disease,2016,22,36.0,0.0,24.75863995,92.88166476,0.285501384,301.66,25.0,2016-06-02
Assam,Cachar,Acute Diarrhoeal Disease,2017,7,12.0,0.0,24.75863995,92.88166476,8.05e-05,298.476,19.0,2017-02-13
Assam,Cachar,Acute Diarrhoeal Disease,2019,22,8.0,0.0,24.75863995,92.88166476,0.3031140007,301.964,,2019-06-02
Assam,Cachar,Cholera,2012,27,10.0,1.0,24.75863995,92.88166476,1.271590662,304.54,16.0,2012-07-08
Assam,Cachar,Cholera,2016,3,2.0,0.0,24.75863995,92.88166476,0.002035318082,293.9666666,20.0,2016-01-20
Assam,Cachar,Cholera,2016,4,346.0,4.0,24.75863995,92.88166476,0.053053286364999994,295.43,22.0,2016-01-26
Assam,Cachar,Cholera,2016,6,19.0,0.0,24.75863995,92.88166476,0.02283123923,298.1033334,,2016-02-09
Assam,Cachar,Malaria,2018,27,1.0,1.0,24.75863995,92.88166476,1.071518744,,7.0,2018-07-08
Assam,Cachar,Malaria,2019,43,6.0,0.0,24.75863995,92.88166476,0.13656439,301.7166666,34.0,2019-10-22
Assam,Chirang,AES,2018,24,1.0,1.0,26.6464231,90.62415699,0.6504360001,300.3466666,37.0,2018-06-14
Assam,Chirang,Acute Diarrhoeal Disease,2012,17,35.0,1.0,26.6464231,90.62415699,0.6108139776,299.5466666,35.0,2012-04-27
Assam,Chirang,Acute Diarrhoeal Disease,2017,14,12.0,0.0,26.6464231,90.62415699,1.017577064,294.145,38.0,2017-04-08
Assam,Chirang,Malaria,2010,22,20.0,2.0,26.6464231,90.62415699,2.040310236,294.52,2.0,2010-06-04
Assam,Chirang,Malaria,2011,22,315.0,4.0,26.6464231,90.62415699,0.9579910839,299.51,39.0,2011-06-04
Assam,Chirang,Malaria,2011,23,586.0,0.0,26.6464231,90.62415699,0.5327824378,299.79200000000003,,2011-06-10
Assam,Chirang,Malaria,2011,43,297.0,1.0,26.6464231,90.62415699,0.03576092472,298.02,42.0,2011-10-26
Assam,Chirang,Malaria,2011,44,87.0,8.0,26.6464231,90.62415699,0.02721378628,296.61,49.0,2011-11-06
Assam,Chirang,Malaria,2011,48,76.0,1.0,26.6464231,90.62415699,5.44e-05,296.6166666,45.0,2011-11-28
Assam,Chirang,Malaria,2015,42,514.0,5.0,26.6464231,90.62415699,0.1324574296,298.6,41.0,2015-10-13
Assam,Chirang,Malaria,2019,45,38.0,0.0,26.6464231,90.62415699,0.009075326833,297.5566666,,2019-11-08
Assam,Darrang,Acute Diarrhoeal Disease,2009,32,400.0,0.0,26.75,92.5,1.730537934,301.21,21.0,2009-08-09
Assam,Darrang,Acute Diarrhoeal Disease,2012,10,10.0,0.0,26.75,92.5,0.03950848719,297.005,11.0,2012-03-11
Assam,Darrang,Acute Diarrhoeal Disease,2012,17,26.0,0.0,26.75,92.5,0.3027163354,299.76,12.0,2012-04-25
Assam,Darrang,Acute Diarrhoeal Disease,2013,21,46.0,0.0,26.75,92.5,0.8263569684,302.40000000000003,,2013-05-24
Assam,Darrang,Acute Diarrhoeal Disease,2014,1,9.0,2.0,26.75,92.5,0.003284458632,293.03200000000004,5.0,2014-01-02
Assam,Darrang,Acute Diarrhoeal Disease,2018,40,11.0,0.0,26.75,92.5,0.3953130559,296.4066666,33.0,2018-10-02
Assam,Darrang,Cholera,2009,39,12.0,3.0,26.75,92.5,1.037069879,286.48,32.0,2009-09-24
Assam,Darrang,Cholera,2012,20,38.0,1.0,26.75,92.5,0.7453016862,300.895,,2012-05-16
Assam,Darrang (Mangaldoi),AES,2021,28,1.0,1.0,26.4365974,92.0342718,0.5646023281,271.9,5.0,2021-07-15
Assam,Darrang (Mangaldoi),Acute Diarrhoeal Disease,2019,35,7.0,0.0,26.4365974,92.0342718,0.6794404621,300.4466666,,2019-08-28
Assam,Darrang (Mangaldoi),Acute Diarrhoeal Disease,2019,45,2.0,1.0,26.4365974,92.0342718,0.02317156183,297.08,34.0,2019-11-10
Assam,Dhemaji,AES,2010,22,5.0,3.0,27.4668315,94.51786509,1.370331055,300.06,2.0,2010-06-04
Assam,Dhemaji,AES,2011,26,3.0,1.0,27.4668315,94.51786509,1.32918677,297.44,,2011-07-03
Assam,Dhemaji,AES,2011,27,5.0,1.0,27.4668315,94.51786509,0.9987289011,283.27,7.0,2011-07-07
Assam,Dhemaji,AES,2021,27,2.0,0.0,27.4668315,94.51786509,0.6709550457,274.91,4.0,2021-07-09
Assam,Dhemaji,Acute Diarrhoeal Disease,2019,22,15.0,0.0,27.4668315,94.51786509,0.1343827964,298.996,,2019-06-01
Assam,Dhemaji,Dengue,2012,43,11.0,0.0,27.4668315,94.51786509,0.00367121711,300.17,,2012-10-22
Assam,Dhemaji,Dengue,2015,39,11.0,0.0,27.4668315,94.51786509,2.000969521,302.5,18.0,2015-09-24
Assam,Dhemaji,Malaria,2010,19,257.0,0.0,27.4668315,94.51786509,1.05596465,296.57,8.0,2010-05-10
Assam,Dhubri,Acute Diarrhoeal Disease,2018,18,12.0,0.0,26.01894625,89.94188952,1.284291834,300.44,12.0,2018-05-03
Assam,Dhubri,Dengue,2017,41,7.0,0.0,26.01894625,89.94188952,0.6171185581,301.41200000000003,20.0,2017-10-09
Assam,Dhubri,Malaria,2010,23,140.0,0.0,26.01894625,89.94188952,4.658001312,290.95,2.0,2010-06-08
Assam,Dhubri,Malaria,2019,15,15.0,0.0,26.01894625,89.94188952,0.2764066617,297.892,13.0,2019-04-11
Assam,Dhubri,Malaria,2019,21,12.0,0.0,26.01894625,89.94188952,0.7692469173,298.556,10.0,2019-05-21
Assam,Dibrugarh,AES,2010,18,3.0,2.0,27.4844597,94.9019447,0.3571805146,300.54,8.0,2010-05-05
Assam,Dibrugarh,AES,2010,19,4.0,0.0,27.4844597,94.9019447,1.05596465,296.57,8.0,2010-05-10
Assam,Dibrugarh,AES,2013,3,94.0,18.0,27.4844597,94.9019447,0.002030220395,292.53000000000003,,2013-01-17
Assam,Dibrugarh,AES,2013,24,183.0,48.0,27.4844597,94.9019447,0.0257022512,303.77,17.0,2013-06-16
Assam,Dibrugarh,AES,2014,27,43.0,9.0,27.4844597,94.9019447,0.773578551,279.84000000000003,,2014-07-04
Assam,Dibrugarh,AES,2016,4,67.0,9.0,27.4844597,94.9019447,0.0306679333,292.22,8.0,2016-01-27
Assam,Dibrugarh,AES,2016,51,33.0,8.0,27.4844597,94.9019447,0.0003594696305,296.54400000000004,13.0,2016-12-21
Assam,Dibrugarh,AES,2017,12,18.0,3.0,27.4844597,94.9019447,0.1007892562,300.0,10.0,2017-03-26
Assam,Dibrugarh,Acute Diarrhoeal Disease,2010,22,4.0,1.0,27.4844597,94.9019447,1.901711645,289.49,2.0,2010-06-06
Assam,Dibrugarh,Acute Diarrhoeal Disease,2010,32,12.0,1.0,27.4844597,94.9019447,0.485282387,300.14,,2010-08-13
Assam,Dibrugarh,Acute Diarrhoeal Disease,2010,44,166.0,0.0,27.4844597,94.9019447,0.01781948214,301.19,19.0,2010-11-07
Assam,Dibrugarh,Acute Diarrhoeal Disease,2011,23,4.0,1.0,27.4844597,94.9019447,1.323451787,300.05,11.0,2011-06-06
Assam,Dibrugarh,Acute Diarrhoeal Disease,2012,21,86.0,0.0,27.4844597,94.9019447,0.8280119688,299.212,15.0,2012-05-21
Assam,Dibrugarh,Acute Diarrhoeal Disease,2012,23,23.0,0.0,27.4844597,94.9019447,1.913111273,283.66,11.0,2012-06-06
Assam,Dibrugarh,Acute Diarrhoeal Disease,2012,38,67.0,0.0,27.4844597,94.9019447,2.309937183,,2.0,2012-09-18
Assam,Dibrugarh,Acute Diarrhoeal Disease,2013,16,33.0,2.0,27.4844597,94.9019447,1.191392867,293.445,6.0,2013-04-16
Assam,Dibrugarh,Acute Diarrhoeal Disease,2014,23,68.0,0.0,27.4844597,94.9019447,0.2138732549,303.0333334,11.0,2014-06-06
Assam,Dibrugarh,Acute Diarrhoeal Disease,2014,45,42.0,0.0,27.4844597,94.9019447,0.00108423338,302.3666666,,2014-11-09
Assam,Dibrugarh,Acute Diarrhoeal Disease,2015,44,28.0,2.0,27.4844597,94.9019447,0.06220711313,299.8933334,20.0,2015-10-28
Assam,Dibrugarh,Acute Diarrhoeal Disease,2016,5,10.0,2.0,27.4844597,94.9019447,0.03025554285,292.9166666,,2016-02-02
Assam,Dibrugarh,Acute Diarrhoeal Disease,2017,6,21.0,0.0,27.4844597,94.9019447,0.0124046834,298.1166666,,2017-02-10
Assam,Dibrugarh,Acute Diarrhoeal Disease,2017,11,8.0,1.0,27.4844597,94.9019447,0.5398165781,292.68,,2017-03-14
Assam,Dibrugarh,Acute Diarrhoeal Disease,2017,50,30.0,1.0,27.4844597,94.9019447,0.000170675394,296.016,12.0,2017-12-12
Assam,Dibrugarh,Acute Diarrhoeal Disease,2019,19,9.0,0.0,27.4844597,94.9019447,0.889684084,294.38,,2019-05-09
Assam,Dibrugarh,Acute Diarrhoeal Disease,2019,24,70.0,0.0,27.4844597,94.9019447,0.5659578779,302.32,12.0,2019-06-15
Assam,Dibrugarh,Acute Diarrhoeal Disease,2020,5,6.0,2.0,27.4844597,94.9019447,0.01485558021,292.3933334,10.0,2020-01-30
Assam,Dibrugarh,Acute Diarrhoeal Disease,2020,20,21.0,0.0,27.4844597,94.9019447,0.6472085684,304.0933334,17.0,2020-05-14
Assam,Dibrugarh,Acute Diarrhoeal Disease,2022,23,18.0,0.0,27.4844597,94.9019447,0.8621149921,294.68,,2022-06-10
Assam,Dibrugarh,Cholera,2009,28,2.0,0.0,27.4844597,94.9019447,1.026480786,273.74,3.0,2009-07-10
Assam,Dibrugarh,Cholera,2010,36,10.0,0.0,27.4844597,94.9019447,1.132057663,294.94,13.0,2010-09-10
Assam,Dibrugarh,Cholera,2012,29,15.0,0.0,27.4844597,94.9019447,1.551064922,287.44,3.0,2012-07-16
Assam,Dibrugarh,Cholera,2013,39,17.0,0.0,27.4844597,94.9019447,0.3145262531,301.684,25.0,2013-09-28
Assam,Dibrugarh,Cholera,2013,41,11.0,0.0,27.4844597,94.9019447,1.542603066,293.8933334,,2013-10-08
Assam,Dibrugarh,Cholera,2013,44,18.0,0.0,27.4844597,94.9019447,0.5654763987,298.348,22.0,2013-10-30
Assam,Dibrugarh,Cholera,2017,34,24.0,0.0,27.4844597,94.9019447,0.401762508,291.265,22.0,2017-08-24
Assam,Dibrugarh,Dengue,2010,38,3.0,0.0,27.4844597,94.9019447,0.8787686723,297.58,,2010-09-22
Assam,Dibrugarh,Dengue,2016,31,14.0,0.0,27.4844597,94.9019447,0.3493071701,291.615,13.0,2016-08-01
Assam,Dibrugarh,Dengue,2018,25,7.0,0.0,27.4844597,94.9019447,1.015468781,292.42,,2018-06-18
Assam,Dibrugarh,Dengue,2019,43,1.0,0.0,27.4844597,94.9019447,0.3143609,299.708,,2019-10-24
Assam,Dima Hasao,AES,2021,31,1.0,1.0,25.40036255,93.07522923,1.280343128,301.515,33.0,2021-08-08
Assam,Dima Hasao,AES,2021,39,1.0,1.0,25.40036255,93.07522923,0.5690477769,301.3933334,38.0,2021-10-02
Assam,Dima Hasao,Acute Diarrhoeal Disease,2019,10,9.0,0.0,25.40036255,93.07522923,0.05266030585,297.712,32.0,2019-03-07
Assam,Dima Hasao,Cholera,2012,23,35.0,5.0,25.40036255,93.07522923,3.916801064,297.96,24.0,2012-06-05
Assam,Dima Hasao,Malaria,2014,35,64.0,0.0,25.40036255,93.07522923,0.5269555396,299.7,4.0,2014-08-25
Assam,Goalpara,Acute Diarrhoeal Disease,2012,11,11.0,1.0,26.1783623,90.6226683,0.03361445865,302.644,6.0,2012-03-18
Assam,Goalpara,Acute Diarrhoeal Disease,2013,22,44.0,1.0,26.1783623,90.6226683,0.40106515,300.6166666,12.0,2013-05-28
Assam,Goalpara,Acute Diarrhoeal Disease,2014,41,12.0,0.0,26.1783623,90.6226683,0.03946386326,302.05333340000004,16.0,2014-10-09
Assam,Goalpara,Acute Diarrhoeal Disease,2021,2,13.0,0.0,26.1783623,90.6226683,0.0417289438,294.5933334,17.0,2021-01-15
Assam,Goalpara,Dengue,2016,26,30.0,0.0,26.1783623,90.6226683,1.026625244,298.67,12.0,2016-06-27
Assam,Goalpara,Dengue,2017,33,27.0,0.0,26.1783623,90.6226683,2.670809058,,4.0,2017-08-14
Assam,Golaghat,AES,2011,19,10.0,1.0,26.40490095,94.03209112,0.3332368067,300.585,22.0,2011-05-15
Assam,Golaghat,AES,2013,9,161.0,23.0,26.40490095,94.03209112,0.0006522577008,300.6166666,25.0,2013-03-01
Assam,Golaghat,AES,2014,10,33.0,3.0,26.40490095,94.03209112,0.01784388068,298.825,25.0,2014-03-08
Assam,Golaghat,Acute Diarrhoeal Disease,2010,23,27.0,0.0,26.40490095,94.03209112,2.895928809,298.16,,2010-06-09
Assam,Golaghat,Acute Diarrhoeal Disease,2011,23,27.0,0.0,26.40490095,94.03209112,0.2794277848,304.32,,2011-06-09
Assam,Golaghat,Acute Diarrhoeal Disease,2012,22,16.0,0.0,26.40490095,94.03209112,0.3758969277,303.99,,2012-05-31
Assam,Golaghat,Acute Diarrhoeal Disease,2014,21,20.0,1.0,26.40490095,94.03209112,0.04119680162,304.3533334,23.0,2014-05-19
Assam,Golaghat,Acute Diarrhoeal Disease,2014,22,26.0,0.0,26.40490095,94.03209112,0.1497282217,306.055,30.0,2014-05-26
Assam,Golaghat,Acute Diarrhoeal Disease,2018,44,35.0,0.0,26.40490095,94.03209112,0.08963011693,299.992,40.0,2018-10-29
Assam,Golaghat,Cholera,2009,42,57.0,3.0,26.40490095,94.03209112,0.9227963438,300.13,34.0,2009-10-12
Assam,Golaghat,Malaria,2009,25,5.0,2.0,26.40490095,94.03209112,0.3168177374,299.4866666,32.0,2009-06-20
Assam,Golaghat,Malaria,2010,21,140.0,5.0,26.40490095,94.03209112,1.471170596,298.98,22.0,2010-05-30
Assam,Golaghat,Malaria,2014,24,11.0,0.0,26.40490095,94.03209112,0.3885351421,308.40000000000003,25.0,2014-06-11
Assam,Golaghat,Malaria,2016,15,3.0,2.0,26.40490095,94.03209112,0.3455075791,301.552,,2016-04-14
Assam,Hailakandi,Acute Diarrhoeal Disease,2018,19,16.0,1.0,24.68845365,92.57381528,1.280801746,299.52,22.0,2018-05-07
Assam,Hailakandi,Cholera,2016,12,23.0,0.0,24.68845365,92.57381528,0.5682023857,300.3233334,19.0,2016-03-24
Assam,Hailakandi,Malaria,2011,24,550.0,5.0,24.68845365,92.57381528,0.6068332427,,,2011-06-17
Assam,Jorhat,AES,2011,26,23.0,6.0,26.757792500000004,94.2079645,1.666558319,295.1288888666667,7.0,2011-06-29
Assam,Jorhat,AES,2013,1,42.0,15.0,26.7577925,94.2079645,0.006444886221,294.3566666,30.0,2013-01-05
Assam,Jorhat,AES,2016,6,1.0,1.0,26.7577925,94.2079645,0.1090668924,296.336,,2016-02-10
Assam,Jorhat,Acute Diarrhoeal Disease,2010,46,7.0,1.0,26.7577925,94.2079645,0.07376313349,298.632,11.0,2010-11-20
Assam,Jorhat,Acute Diarrhoeal Disease,2011,17,6.0,2.0,26.7577925,94.2079645,0.1487792432,300.095,,2011-04-30
Assam,Jorhat,Acute Diarrhoeal Disease,2012,20,24.0,0.0,26.7577925,94.2079645,0.1796679558,298.985,19.0,2012-05-20
Assam,Jorhat,Acute Diarrhoeal Disease,2012,21,12.0,0.0,26.7577925,94.2079645,0.2611125277,302.17,17.0,2012-05-26
Assam,Jorhat,Acute Diarrhoeal Disease,2012,22,14.0,0.0,26.7577925,94.2079645,0.2796949168,299.68,17.0,2012-05-28
Assam,Jorhat,Acute Diarrhoeal Disease,2012,51,15.0,0.0,26.7577925,94.2079645,0.02919107386,292.8566666,30.0,2012-12-19
Assam,Jorhat,Acute Diarrhoeal Disease,2014,2,18.0,0.0,26.7577925,94.2079645,0.007962702131,293.468,29.0,2014-01-07
Assam,Jorhat,Acute Diarrhoeal Disease,2014,17,21.0,0.0,26.7577925,94.2079645,0.02797657407,303.38,12.0,2014-04-21
Assam,Jorhat,Acute Diarrhoeal Disease,2014,18,21.0,0.0,26.7577925,94.2079645,0.1104332111,306.415,,2014-05-01
Assam,Jorhat,Acute Diarrhoeal Disease,2014,24,40.0,0.0,26.7577925,94.2079645,0.4735485209,302.68,,2014-06-09
Assam,Jorhat,Acute Diarrhoeal Disease,2014,44,22.0,0.0,26.7577925,94.2079645,0.01729844128,300.18333340000004,15.0,2014-11-02
Assam,Jorhat,Acute Diarrhoeal Disease,2015,2,18.0,0.0,26.7577925,94.2079645,0.1530587097,291.54,30.0,2015-01-07
Assam,Jorhat,Acute Diarrhoeal Disease,2016,23,15.0,1.0,26.7577925,94.2079645,0.7800636426,303.3666666,13.0,2016-06-11
Assam,Jorhat,Acute Diarrhoeal Disease,2019,11,35.0,0.0,26.7577925,94.2079645,0.2238638954,294.36400000000003,10.0,2019-03-11
Assam,Jorhat,Cholera,2010,48,10.0,0.0,26.7577925,94.2079645,0.01600258548,297.208,10.0,2010-11-29
Assam,Jorhat,Cholera,2010,50,5.0,1.0,26.7577925,94.2079645,0.002555440834,295.0733334,,2010-12-19
Assam,Jorhat,Cholera,2012,39,84.0,0.0,26.7577925,94.2079645,0.4022642,298.19333340000003,,2012-09-28
Assam,Jorhat,Cholera,2016,24,11.0,0.0,26.7577925,94.2079645,1.202283481,296.68,2.0,2016-06-19
Assam,Jorhat,Cholera,2018,10,19.0,0.0,26.7577925,94.2079645,0.2620208339,297.768,11.0,2018-03-10
Assam,Jorhat,Dengue,2019,1,12.0,0.0,26.7577925,94.2079645,0.02072528327,293.6033334,34.0,2019-01-06
Assam,Jorhat,Malaria,2018,24,9.0,0.0,26.7577925,94.2079645,0.3905855557,304.196,7.0,2018-06-11
Assam,Kamrup,AES,2013,6,57.0,7.0,26.12755515,91.29987148,0.000312370871,298.17,19.0,2013-02-08
Assam,Kamrup,Acute Diarrhoeal Disease,2009,27,5.0,1.0,26.12755515,91.29987148,0.777605627,302.14,3.0,2009-06-30
Assam,Kamrup,Acute Diarrhoeal Disease,2009,42,31.0,0.0,26.12755515,91.29987148,0.9433891119,299.3066666,20.0,2009-10-12
Assam,Kamrup,Acute Diarrhoeal Disease,2010,32,70.0,0.0,26.12755515,91.29987148,0.4933375414,302.44,8.0,2010-08-14
Assam,Kamrup,Acute Diarrhoeal Disease,2010,38,21.0,0.0,26.12755515,91.29987148,2.363425784,300.6,,2010-09-21
Assam,Kamrup,Acute Diarrhoeal Disease,2012,49,27.0,0.0,26.12755515,91.29987148,0.0002072430532,297.4866666,20.0,2012-12-07
Assam,Kamrup,Acute Diarrhoeal Disease,2014,23,84.0,1.0,26.12755515,91.29987148,0.1729915908,303.5266666,13.0,2014-06-05
Assam,Kamrup,Acute Diarrhoeal Disease,2014,28,104.0,1.0,26.12755515,91.29987148,1.111815146,301.37,,2014-07-11
Assam,Kamrup,Acute Diarrhoeal Disease,2014,51,20.0,0.0,26.12755515,91.29987148,0.004539112976,295.176,,2014-12-18
Assam,Kamrup,Acute Diarrhoeal Disease,2015,7,13.0,0.0,26.12755515,91.29987148,0.002519467917,296.7266666,7.0,2015-02-11
Assam,Kamrup,Acute Diarrhoeal Disease,2015,49,31.0,0.0,26.12755515,91.29987148,0.002191030846,298.536,30.0,2015-12-01
Assam,Kamrup,Acute Diarrhoeal Disease,2016,23,13.0,0.0,26.12755515,91.29987148,0.409327615,302.625,,2016-06-09
Assam,Kamrup,Acute Diarrhoeal Disease,2016,35,53.0,0.0,26.12755515,91.29987148,0.7377362407,300.785,,2016-09-04
Assam,Kamrup,Acute Diarrhoeal Disease,2016,38,22.0,0.0,26.12755515,91.29987148,1.458021363,294.72,,2016-09-20
Assam,Kamrup,Acute Diarrhoeal Disease,2017,34,16.0,0.0,26.12755515,91.29987148,0.6309130433,301.42,15.0,2017-08-27
Assam,Kamrup,Acute Diarrhoeal Disease,2017,36,25.0,0.0,26.12755515,91.29987148,1.015994235,300.98,,2017-09-05
Assam,Kamrup,Acute Diarrhoeal Disease,2017,41,34.0,0.0,26.12755515,91.29987148,0.5247491289,301.5466666,23.0,2017-10-09
Assam,Kamrup,Acute Diarrhoeal Disease,2018,14,41.0,0.0,26.12755515,91.29987148,0.06844909719,301.516,,2018-04-06
Assam,Kamrup,Acute Diarrhoeal Disease,2018,18,11.0,0.0,26.12755515,91.29987148,0.8174189771,300.7933334,11.0,2018-05-04
Assam,Kamrup,Acute Diarrhoeal Disease,2019,18,13.0,0.0,26.12755515,91.29987148,0.3783044545,304.5466666,,2019-04-30
Assam,Kamrup,Acute Diarrhoeal Disease,2020,1,58.0,0.0,26.12755515,91.29987148,0.01192469865,292.976,18.0,2019-12-31
Assam,Kamrup,Acute Diarrhoeal Disease,2020,43,21.0,0.0,26.12755515,91.29987148,1.372511654,302.5066666,31.0,2020-10-25
Assam,Kamrup,Chikungunya,2016,33,33.0,0.0,26.12755515,91.29987148,0.4937968531,301.4533334,,2016-08-20
Assam,Kamrup,Chikungunya,2016,43,33.0,0.0,26.12755515,91.29987148,0.00218317406,301.76,19.0,2016-10-24
Assam,Kamrup,Cholera,2013,31,14.0,0.0,26.12755515,91.29987148,2.470183416,299.54,9.0,2013-08-01
Assam,Kamrup,Dengue,2013,30,130.0,0.0,26.12755515,91.29987148,1.799676349,301.16,10.0,2013-07-26
Assam,Kamrup,Dengue,2015,29,1089.0,2.0,26.12755515,91.29987148,1.127119895,301.81333340000003,,2015-07-19
Assam,Kamrup,Dengue,2016,16,520.0,1.0,26.127555149999996,91.29987148,1.4133594369999998,297.76,12.0,2016-04-24
Assam,Kamrup,Dengue,2016,52,33.0,0.0,26.12755515,91.29987148,0.01882134169,296.1033334,19.0,2017-01-01
Assam,Kamrup,Malaria,2014,46,36.0,1.0,26.12755515,91.29987148,0.02090519138,300.388,33.0,2014-11-15
Assam,Karbi Anglong,Acute Diarrhoeal Disease,2011,39,11.0,4.0,26.0,93.5,0.7498638641,298.88,,2011-09-29
Assam,Karbi Anglong,Acute Diarrhoeal Disease,2015,32,36.0,0.0,26.0,93.5,0.972101841,301.56,,2015-08-05
Assam,Karbi Anglong,Acute Diarrhoeal Disease,2015,36,82.0,1.0,26.0,93.5,1.433380595,261.3,7.0,2015-09-03
Assam,Karbi Anglong,Acute Diarrhoeal Disease,2022,23,54.0,0.0,26.0,93.5,1.127105814,,,2022-06-09
Assam,Karbi Anglong,Malaria,2010,2,21.0,2.0,26.0,93.5,0.01013108921,292.5333334,20.0,2010-01-13
Assam,Karbi Anglong,Malaria,2010,10,533.0,0.0,26.0,93.5,0.190315585,299.072,32.0,2010-03-09
Assam,Karbi Anglong,Malaria,2010,13,427.0,1.0,26.0,93.5,1.82554417,301.40000000000003,,2010-03-29
Assam,Karbi Anglong,Malaria,2010,21,677.0,0.0,26.0,93.5,1.002229445,302.1,,2010-05-24
Assam,Karbi-Anglong,Dengue,2018,39,18.0,0.0,26.0,93.5,0.498053236,300.72,36.0,2018-09-28
Assam,Karbi-Anglong (Diphu),Acute Diarrhoeal Disease,2015,36,87.0,1.0,25.90810415,93.38966491,1.433380595,261.3,7.0,2015-09-03
Assam,Karbi-Anglong (Diphu),Acute Diarrhoeal Disease,2019,37,4.0,1.0,25.90810415,93.38966491,0.8584791317,299.12,36.0,2019-09-12
Assam,Karimganj,AES,2019,39,1.0,1.0,24.8483482,92.33221292,0.3383264513,303.7,22.0,2019-09-23
Assam,Karimganj,Acute Diarrhoeal Disease,2014,2,18.0,0.0,24.8483482,92.33221292,0.0005382347714,294.47200000000004,20.0,2014-01-07
Assam,Karimganj,Acute Diarrhoeal Disease,2016,8,9.0,1.0,24.8483482,92.33221292,0.5203251089,,14.0,2016-02-28
Assam,Karimganj,Acute Diarrhoeal Disease,2016,16,270.0,2.0,24.8483482,92.33221292,4.284939663,296.7805,13.0,2016-04-20
Assam,Karimganj,Acute Diarrhoeal Disease,2017,19,12.0,0.0,24.8483482,92.33221292,0.3297125344,301.468,15.0,2017-05-14
Assam,Kokrajhar,Acute Diarrhoeal Disease,2014,43,32.0,1.0,26.58687695,90.29293105,0.1488913486,297.1333334,44.0,2014-10-20
Assam,Kokrajhar,Dengue,2017,36,4.0,1.0,26.58687695,90.29293105,0.8524764544,297.36,24.0,2017-09-10
Assam,Kokrajhar,Malaria,2014,52,1127.0,1.0,26.58687695,90.29293105,0.001397909572,291.2233334,15.0,2014-12-24
Assam,Kokrajhar,Malaria,2016,40,7.0,1.0,26.58687695,90.29293105,0.5778237805,298.60400000000004,46.0,2016-10-08
Assam,Kokrajhar,Malaria,2017,28,10.0,0.0,26.58687695,90.29293105,4.258933777,,,2017-07-12
Assam,Kokrajhar,Malaria,2020,45,8.0,0.0,26.58687695,90.29293105,0.001920052198,299.78000000000003,28.0,2020-11-03
Assam,Lakhimpur,AES,2010,25,6.0,1.0,27.0827158,93.9978423,1.599624629,300.52,3.0,2010-06-27
Assam,Lakhimpur,AES,2013,9,15.0,8.0,27.0827158,93.9978423,0.008773006531,303.0733334,14.0,2013-03-02
Assam,Lakhimpur,AES,2014,1,41.0,3.0,27.0827158,93.9978423,0.08401240019,293.312,31.0,2014-01-04
Assam,Lakhimpur,AES,2021,29,1.0,1.0,27.0827158,93.9978423,0.7783882222,300.78000000000003,23.0,2021-07-22
Assam,Lakhimpur,Acute Diarrhoeal Disease,2010,38,10.0,0.0,27.0827158,93.9978423,1.010860409,301.06,,2010-09-22
Assam,Lakhimpur,Acute Diarrhoeal Disease,2012,11,10.0,2.0,27.0827158,93.9978423,0.5696230415,298.444,,2012-03-12
Assam,Lakhimpur,Acute Diarrhoeal Disease,2015,20,21.0,0.0,27.0827158,93.9978423,0.9861434659,,,2015-05-16
Assam,Lakhimpur,Acute Diarrhoeal Disease,2017,35,8.0,0.0,27.0827158,93.9978423,0.262439787,303.065,,2017-08-28
Assam,Lakhimpur,Acute Diarrhoeal Disease,2018,15,28.0,0.0,27.0827158,93.9978423,1.406184019,302.6333334,,2018-04-15
Assam,Lakhimpur,Acute Diarrhoeal Disease,2018,22,49.0,0.0,27.0827158,93.9978423,0.5600655489,300.8533334,24.0,2018-06-03
Assam,Lakhimpur,Acute Diarrhoeal Disease,2019,17,37.0,0.0,27.0827158,93.9978423,0.6748318597,300.7,,2019-04-22
Assam,Lakhimpur,Cholera,2014,36,301.0,8.0,27.0827158,93.9978423,0.2732600276,302.944,24.0,2014-09-04
Assam,Lakhimpur,Dengue,2015,36,22.0,0.0,27.0827158,93.9978423,4.067612711,,3.0,2015-09-03
Assam,Lakhimpur,Dengue,2017,42,10.0,0.0,27.0827158,93.9978423,0.4655475234,301.315,27.0,2017-10-22
Assam,Lakhimpur,Malaria,2011,24,7.0,0.0,27.0827158,93.9978423,0.7305679829,304.36,16.0,2011-06-15
Assam,Lakhimpur,Malaria,2014,24,97.0,0.0,27.0827158,93.9978423,1.547335667,,18.0,2014-06-11
Assam,Lakhimpur,Malaria,2015,21,33.0,0.0,27.0827158,93.9978423,1.262654729,295.68,17.0,2015-05-19
Assam,Marigaon,AES,2011,25,20.0,1.0,26.2551482,92.3290878,1.266541457,301.85,14.0,2011-06-21
Assam,Marigaon,AES,2016,15,5.0,2.0,26.290712,92.29221257,0.3350384775,300.764,16.0,2016-04-11
Assam,Marigaon,Acute Diarrhoeal Disease,2011,21,46.0,1.0,26.2551482,92.3290878,0.9328065209,300.78000000000003,21.0,2011-05-28
Assam,Marigaon,Acute Diarrhoeal Disease,2011,35,22.0,2.0,26.290712,92.29221257,0.4011745704,301.08,23.0,2011-09-04
Assam,Marigaon,Acute Diarrhoeal Disease,2012,39,33.0,0.0,26.290712,92.29221257,0.2987110436,297.27,,2012-09-28
Assam,Marigaon,Acute Diarrhoeal Disease,2013,13,48.0,0.0,26.2551482,92.3290878,0.2169218072,299.06333340000003,11.0,2013-03-26
Assam,Marigaon,Acute Diarrhoeal Disease,2019,30,31.0,0.0,26.290712,92.29221257,1.01198966,300.43,10.0,2019-07-25
Assam,Marigaon,Acute Diarrhoeal Disease,2019,35,16.0,0.0,26.290712,92.29221257,0.4183755845,302.728,24.0,2019-08-30
Assam,Marigaon,Malaria,2011,22,45.0,1.0,26.2551482,92.3290878,1.751447982,298.56,15.0,2011-06-04
Assam,Marigaon,Malaria,2015,19,10.0,0.0,26.290712,92.29221257,0.2636993708,300.8433334,21.0,2015-05-07
Assam,Marigaon,Malaria,2018,44,7.0,0.0,26.290712,92.29221257,0.0369340191,301.336,41.0,2018-11-02
Assam,Nagaon,AES,2016,1,27.0,5.0,26.30414915,92.71605974,0.005392601433,293.8966666,19.0,2016-01-04
Assam,Nagaon,AES,2017,28,48.0,0.0,26.30414915,92.71605974,1.123399282,305.14,28.0,2017-07-15
Assam,Nagaon,AES,2021,32,1.0,1.0,26.30414915,92.71605974,0.6903584484,299.81333340000003,19.0,2021-08-10
Assam,Nagaon,Acute Diarrhoeal Disease,2009,53,463.0,0.0,26.30414915,92.71605974,0.0425777914,291.5233334,20.0,2009-12-28
Assam,Nagaon,Acute Diarrhoeal Disease,2010,47,18.0,0.0,26.30414915,92.71605974,0.1259869458,297.02,,2010-11-25
Assam,Nagaon,Acute Diarrhoeal Disease,2011,38,8.0,2.0,26.30414915,92.71605974,0.8620547574,297.82,,2011-09-22
Assam,Nagaon,Acute Diarrhoeal Disease,2013,36,16.0,0.0,26.30414915,92.71605974,1.025550635,301.66,14.0,2013-09-02
Assam,Nagaon,Acute Diarrhoeal Disease,2013,37,39.0,1.0,26.30414915,92.71605974,0.7863223079,300.6,30.0,2013-09-09
Assam,Nagaon,Acute Diarrhoeal Disease,2016,16,73.0,0.0,26.30414915,92.71605974,0.75946933375,299.212,20.0,2016-04-18
Assam,Nagaon,Acute Diarrhoeal Disease,2017,37,13.0,0.0,26.30414915,92.71605974,0.9472657615,301.93,24.0,2017-09-12
Assam,Nagaon,Acute Diarrhoeal Disease,2017,43,17.0,2.0,26.30414915,92.71605974,1.256796128,300.22,32.0,2017-10-25
Assam,Nagaon,Acute Diarrhoeal Disease,2019,17,20.0,0.0,26.30414915,92.71605974,0.07967517011,302.056,27.0,2019-04-25
Assam,Nagaon,Acute Diarrhoeal Disease,2020,44,21.0,2.0,26.30414915,92.71605974,2.127016304,299.94,28.0,2020-10-28
Assam,Nagaon,Dengue,2015,32,9.0,0.0,26.30414915,92.71605974,0.7333330727,304.71,,2015-08-04
Assam,Nagaon,Dengue,2017,30,82.0,0.0,26.30414915,92.71605974,1.071144848,301.68,15.0,2017-07-29
Assam,Nagaon,Dengue,2021,51,1.0,0.0,26.30414915,92.71605974,6.34e-05,295.6033334,23.0,2021-12-20
Assam,Nagaon,Malaria,2015,30,24.0,0.0,26.30414915,92.71605974,0.9327305323,303.32,,2015-07-20
Assam,Nagaon,Malaria,2019,18,9.0,0.0,26.30414915,92.71605974,0.720231476,301.64,22.0,2019-05-04
Assam,Nalbari,AES,2018,25,1.0,1.0,26.42386165,91.45122755,0.8803549054,286.67,7.0,2018-06-21
Assam,Nalbari,Acute Diarrhoeal Disease,2009,41,14.0,1.0,26.42386165,91.45122755,1.975201291,,39.0,2009-10-09
Assam,Nalbari,Acute Diarrhoeal Disease,2010,20,62.0,0.0,26.42386165,91.45122755,3.178165065,296.2966666,,2010-05-17
Assam,Nalbari,Acute Diarrhoeal Disease,2012,28,20.0,2.0,26.42386165,91.45122755,0.8639459833,298.0333334,,2012-07-10
Assam,Nalbari,Acute Diarrhoeal Disease,2017,47,2.0,1.0,26.42386165,91.45122755,0.009152424322,295.7166666,40.0,2017-11-23
Assam,Nalbari,Acute Diarrhoeal Disease,2018,20,8.0,0.0,26.42386165,91.45122755,0.1576910642,299.6733334,19.0,2018-05-19
Assam,Nalbari,Malaria,2010,12,5.0,2.0,26.42386165,91.45122755,0.003936544618,300.332,5.0,2010-03-23
Assam,Sibsagar,AES,2013,5,43.0,17.0,26.96388985,94.58213345,7.2e-05,296.0666666,9.0,2013-01-29
Assam,Sibsagar,AES,2017,2,24.0,3.0,26.96388985,94.58213345,0.01410269898,293.7933334,10.0,2017-01-14
Assam,Sibsagar,Acute Diarrhoeal Disease,2010,38,180.0,0.0,26.96388985,94.58213345,1.527125002,299.48,,2010-09-22
Assam,Sibsagar,Acute Diarrhoeal Disease,2010,47,17.0,0.0,26.96388985,94.58213345,0.3082220842,296.06,15.0,2010-11-23
Assam,Sibsagar,Acute Diarrhoeal Disease,2011,18,15.0,0.0,26.96388985,94.58213345,0.8901877922,303.68,17.0,2011-05-05
Assam,Sibsagar,Acute Diarrhoeal Disease,2011,20,32.0,0.0,26.96388985,94.58213345,0.5992525517,301.07,17.0,2011-05-18
Assam,Sibsagar,Acute Diarrhoeal Disease,2011,24,3.0,1.0,26.96388985,94.58213345,1.410996264,300.705,12.0,2011-06-16
Assam,Sibsagar,Acute Diarrhoeal Disease,2011,37,17.0,0.0,26.96388985,94.58213345,0.8672224147,301.05,21.0,2011-09-12
Assam,Sibsagar,Acute Diarrhoeal Disease,2012,21,40.0,1.0,26.96388985,94.58213345,0.1099748259,303.035,21.0,2012-05-22
Assam,Sibsagar,Acute Diarrhoeal Disease,2012,38,59.0,0.0,26.96388985,94.58213345,1.432131992,,2.0,2012-09-18
Assam,Sibsagar,Acute Diarrhoeal Disease,2016,37,30.0,0.0,26.96388985,94.58213345,0.6505195303,300.4866666,19.0,2016-09-17
Assam,Sibsagar,Acute Diarrhoeal Disease,2018,24,23.0,0.0,26.96388985,94.58213345,1.766388015,305.36,8.0,2018-06-14
Assam,Sibsagar,Acute Diarrhoeal Disease,2018,36,19.0,1.0,26.96388985,94.58213345,0.5640186702,301.38,23.0,2018-09-08
Assam,Sibsagar,Cholera,2010,42,45.0,2.0,26.96388985,94.58213345,0.3042944508,300.5466666,27.0,2010-10-22
Assam,Sivasagar,AES,2013,6,105.0,36.0,26.9834936,94.6394226,0.007902201888,297.34000000000003,8.0,2013-02-08
Assam,Sivasagar,AES,2016,15,37.0,10.0,26.9834936,94.6394226,0.7124893778,298.36,,2016-04-13
Assam,Sivasagar,Acute Diarrhoeal Disease,2009,41,10.0,2.0,26.9834936,94.6394226,0.6488592336,297.74,27.0,2009-10-09
Assam,Sivasagar,Acute Diarrhoeal Disease,2013,18,19.0,1.0,26.9834936,94.6394226,1.362098214,304.22,11.0,2013-05-03
Assam,Sivasagar,Cholera,2011,20,158.0,0.0,26.9834936,94.6394226,0.5992525517,301.07,17.0,2011-05-18
Assam,Sivasagar,Cholera,2016,20,235.0,1.0,26.9834936,94.6394226,1.842831286,299.18,16.0,2016-05-22
Assam,Sonitpur,Acute Diarrhoeal Disease,2009,46,65.0,1.0,26.76777075,92.70140886,0.004613573965,299.90000000000003,31.0,2009-11-13
Assam,Sonitpur,Acute Diarrhoeal Disease,2010,13,23.0,0.0,26.76777075,92.70140886,1.544552059,298.38,,2010-03-29
Assam,Sonitpur,Acute Diarrhoeal Disease,2010,37,232.0,6.0,26.76777075,92.70140886,0.924282346,299.42,,2010-09-14
Assam,Sonitpur,Acute Diarrhoeal Disease,2010,39,20.0,0.0,26.76777075,92.70140886,0.7473641348,300.3466666,24.0,2010-09-27
Assam,Sonitpur,Acute Diarrhoeal Disease,2011,14,13.0,0.0,26.76777075,92.70140886,0.35847868,298.94333340000003,17.0,2011-04-10
Assam,Sonitpur,Acute Diarrhoeal Disease,2011,18,56.0,0.0,26.76777075,92.70140886,2.06658738,300.8066666,18.0,2011-05-06
Assam,Sonitpur,Acute Diarrhoeal Disease,2011,29,47.0,2.0,26.76777075,92.70140886,2.508183342,299.18,7.0,2011-07-21
Assam,Sonitpur,Acute Diarrhoeal Disease,2012,42,16.0,0.0,26.76777075,92.70140886,0.01967961675,300.6733334,28.0,2012-10-20
Assam,Sonitpur,Acute Diarrhoeal Disease,2013,16,10.0,1.0,26.76777075,92.70140886,1.053657897,298.88,5.0,2013-04-17
Assam,Sonitpur,Acute Diarrhoeal Disease,2013,39,225.0,0.0,26.76777075,92.70140886,0.1921449881,303.4766666,26.0,2013-09-24
Assam,Sonitpur,Acute Diarrhoeal Disease,2015,4,12.0,0.0,26.76777075,92.70140886,0.001136885664,295.68333340000004,28.0,2015-01-23
Assam,Sonitpur,Acute Diarrhoeal Disease,2015,13,42.0,0.0,26.76777075,92.70140886,0.01183512621,303.876,15.0,2015-03-23
Assam,Sonitpur,Cholera,2010,21,81.0,0.0,26.76777075,92.70140886,1.000541555,298.98,10.0,2010-05-27
Assam,Sonitpur,Cholera,2010,39,1067.0,39.0,26.76777075,92.70140886,0.1779216483,299.96,31.0,2010-10-03
Assam,Sonitpur,Cholera,2011,18,208.0,0.0,26.76777075,92.70140886,2.050124456,301.935,18.0,2011-05-04
Assam,Sonitpur,Dengue,2010,43,9.0,1.0,26.76777075,92.70140886,0.1532267814,300.18,26.0,2010-10-26
Assam,Sonitpur,Dengue,2012,41,489.0,0.0,26.76777075,92.70140886,0.6064869678,299.145,27.0,2012-10-13
Assam,Sonitpur,Dengue,2016,22,113.0,0.0,26.76777075,92.70140886,0.7493774582,299.99,,2016-06-01
Assam,Sonitpur,Dengue,2022,22,2.0,0.0,26.76777075,92.70140886,0.5937271413,301.796,9.0,2022-06-03
Assam,Sonitpur,Malaria,2009,40,578.0,8.0,26.76777075,92.70140886,0.6003700907,294.745,32.0,2009-09-28
Assam,Sonitpur,Malaria,2010,13,1142.0,12.0,26.76777075,92.70140886,2.111464271,298.53000000000003,9.0,2010-03-31
Assam,Sonitpur,Malaria,2010,21,488.0,5.0,26.76777075,92.70140886,1.602220591,302.04,,2010-05-24
Assam,Sonitpur,Malaria,2011,44,15.0,1.0,26.76777075,92.70140886,0.08348132513,299.8766666,35.0,2011-11-03
Assam,Sonitpur (Tezpur),Acute Diarrhoeal Disease,2017,20,48.0,0.0,26.6265106,92.8002917,0.4129942317,304.04,19.0,2017-05-21
Assam,Sonitpur (Tezpur),Acute Diarrhoeal Disease,2017,40,11.0,0.0,26.6265106,92.8002917,1.798216382,293.2333334,32.0,2017-10-03
Assam,Sonitpur (Tezpur),Acute Diarrhoeal Disease,2019,17,22.0,0.0,26.6265106,92.8002917,0.322215395,300.1,,2019-04-22
Assam,Sonitpur (Tezpur),Dengue,2019,28,8.0,0.0,26.6265106,92.8002917,4.013340576,,,2019-07-12
Assam,Tinsukia,AES,2013,3,81.0,23.0,27.52016575,95.53063473,0.01251454682,291.36333340000004,17.0,2013-01-15
Assam,Tinsukia,AES,2013,25,41.0,10.0,27.52016575,95.53063473,0.1551163368,306.4633334,,2013-06-17
Assam,Tinsukia,AES,2016,1,65.0,9.0,27.52016575,95.53063473,0.01704671474,292.4766666,21.0,2016-01-04
Assam,Tinsukia,Acute Diarrhoeal Disease,2010,23,11.0,0.0,27.52016575,95.53063473,1.511458932,,3.0,2010-06-07
Assam,Tinsukia,Acute Diarrhoeal Disease,2011,23,11.0,1.0,27.52016575,95.53063473,0.3427579212,302.2666666,13.0,2011-06-07
Assam,Tinsukia,Acute Diarrhoeal Disease,2013,42,10.0,2.0,27.52016575,95.53063473,0.02083127434,300.9733334,36.0,2013-10-18
Assam,Tinsukia,Acute Diarrhoeal Disease,2017,22,22.0,0.0,27.52016575,95.53063473,1.012743797,304.38,30.0,2017-06-03
Assam,Tinsukia,Acute Diarrhoeal Disease,2017,35,280.0,0.0,27.52016575,95.53063473,0.5237995799,303.38,,2017-08-29
Assam,Tinsukia,Acute Diarrhoeal Disease,2018,38,79.0,0.0,27.52016575,95.53063473,0.5365674269,298.7133334,35.0,2018-09-17
Assam,Tinsukia,Acute Diarrhoeal Disease,2019,31,10.0,0.0,27.52016575,95.53063473,0.9413872445,301.76,27.0,2019-08-03
Assam,Tinsukia,Acute Diarrhoeal Disease,2019,47,12.0,0.0,27.52016575,95.53063473,0.02130639336,298.15000000000003,31.0,2019-11-19
Assam,Tinsukia,Cholera,2012,29,15.0,1.0,27.52016575,95.53063473,1.668652947,295.16,,2012-07-18
Assam,Tinsukia,Cholera,2013,45,11.0,1.0,27.52016575,95.53063473,0.3515346128,294.325,34.0,2013-11-04
Assam,Tinsukia,Cholera,2019,36,5.0,0.0,27.52016575,95.53063473,0.3024225084,303.0666666,35.0,2019-09-02
Assam,Tinsukia,Dengue,2016,35,16.0,0.0,27.52016575,95.53063473,0.4757304659,300.625,35.0,2016-08-29
Assam,Udalguri,AES,2014,29,14.0,4.0,26.77253155,92.10641749,0.6693631551,295.34000000000003,7.0,2014-07-14
Assam,Udalguri,AES,2021,29,1.0,1.0,26.77253155,92.10641749,0.3605618443,301.72,24.0,2021-07-25
Assam,Udalguri,Acute Diarrhoeal Disease,2012,7,30.0,2.0,26.77253155,92.10641749,0.0456279034,292.2066666,21.0,2012-02-15
Assam,Udalguri,Acute Diarrhoeal Disease,2012,20,57.0,2.0,26.77253155,92.10641749,0.2949388284,302.31,27.0,2012-05-14
Assam,Udalguri,Acute Diarrhoeal Disease,2013,20,27.0,1.0,26.77253155,92.10641749,0.5672654388,295.7666666,,2013-05-16
Assam,Udalguri,Acute Diarrhoeal Disease,2013,21,13.0,1.0,26.77253155,92.10641749,0.7265435833,298.40000000000003,,2013-05-24
Assam,Udalguri,Acute Diarrhoeal Disease,2014,3,14.0,1.0,26.77253155,92.10641749,0.00108755249,294.632,27.0,2014-01-18
Assam,Udalguri,Acute Diarrhoeal Disease,2015,39,55.0,0.0,26.77253155,92.10641749,2.523038283,289.94,36.0,2015-09-25
Assam,Udalguri,Acute Diarrhoeal Disease,2015,41,14.0,0.0,26.77253155,92.10641749,0.1778561426,301.18333340000004,39.0,2015-10-06
Assam,Udalguri,Acute Diarrhoeal Disease,2016,19,35.0,2.0,26.77253155,92.10641749,0.3287352801,301.38,20.0,2016-05-09
Assam,Udalguri,Acute Diarrhoeal Disease,2017,52,28.0,0.0,26.77253155,92.10641749,0.0001450949599,295.2366666,8.0,2017-12-30
Assam,Udalguri,Acute Diarrhoeal Disease,2018,21,50.0,0.0,26.77253155,92.10641749,1.001659276,293.72,14.0,2018-05-27
Assam,Udalguri,Acute Diarrhoeal Disease,2019,17,52.0,0.0,26.77253155,92.10641749,0.03253068923,299.30400000000003,27.0,2019-04-26
Assam,Udalguri,Acute Diarrhoeal Disease,2019,48,9.0,1.0,26.77253155,92.10641749,0.01176659525,295.51,32.0,2019-11-26
Assam,Udalguri,Acute Diarrhoeal Disease,2021,35,34.0,0.0,26.77253155,92.10641749,2.04125962,300.42,22.0,2021-08-31
Assam,Udalguri,Acute Diarrhoeal Disease,2022,20,14.0,0.0,26.77253155,92.10641749,2.407587488,300.92,,2022-05-17
Assam,Udalguri,Cholera,2011,24,948.0,9.0,26.77253155,92.10641749,0.4512064029,296.445,15.0,2011-06-14
Assam,Udalguri,Malaria,2014,48,13.0,1.0,26.77253155,92.10641749,0.03663071029,292.8666666,31.0,2014-11-28
Assam,Udalguri,Malaria,2014,52,120.0,1.0,26.77253155,92.10641749,7.25e-05,293.51,7.0,2014-12-28
Assam,Udalguri,Malaria,2017,50,93.0,0.0,26.77253155,92.10641749,0.0002185503345,294.416,,2017-12-11
Assam,Udalguri,Malaria,2018,22,47.0,0.0,26.77253155,92.10641749,1.258596813,,14.0,2018-05-29
Assam,Udalguri,Malaria,2018,25,14.0,0.0,26.77253155,92.10641749,0.5968360201,,7.0,2018-06-21
Assam,Udalguri (Darrang),Acute Diarrhoeal Disease,2011,15,200.0,0.0,26.7445958,92.0971834,0.1040485349,296.75,,2011-04-14
Bihar,Araria,AES,2010,44,4.0,4.0,26.26498795,87.37162648,0.01407986658,302.172,10.0,2010-11-07
Bihar,Araria,AES,2013,51,12.0,7.0,26.26498795,87.37162648,0.01410128011,295.16,,2013-12-19
Bihar,Araria,AES,2014,39,8.0,8.0,26.26498795,87.37162648,1.437847149,299.29,16.0,2014-09-25
Bihar,Araria,AES,2014,40,6.0,5.0,26.26498795,87.37162648,0.138384291,301.26,27.0,2014-10-05
Bihar,Araria,AES,2014,45,5.0,5.0,26.26498795,87.37162648,0.03353428156,302.248,14.0,2014-11-04
Bihar,Araria,Acute Diarrhoeal Disease,2010,37,18.0,0.0,26.26498795,87.37162648,1.120859326,300.82,15.0,2010-09-17
Bihar,Araria,Acute Diarrhoeal Disease,2011,40,43.0,0.0,26.26498795,87.37162648,0.118008636,301.6983333,,2011-10-07
Bihar,Araria,Acute Diarrhoeal Disease,2011,46,12.0,0.0,26.26498795,87.37162648,0.0478068869,299.625,,2011-11-16
Bihar,Araria,Acute Diarrhoeal Disease,2012,13,29.0,0.0,26.26498795,87.37162648,0.0005334981688,301.8266666,6.0,2012-03-30
Bihar,Araria,Acute Diarrhoeal Disease,2012,44,20.0,0.0,26.26498795,87.37162648,6.04e-05,302.16,10.0,2012-11-03
Bihar,Araria,Acute Diarrhoeal Disease,2013,36,19.0,0.0,26.26498795,87.37162648,1.039498022,299.92,10.0,2013-09-03
Bihar,Araria,Acute Diarrhoeal Disease,2013,38,20.0,0.0,26.26498795,87.37162648,0.3945244926,302.36400000000003,,2013-09-22
Bihar,Araria,Acute Diarrhoeal Disease,2013,41,18.0,2.0,26.26498795,87.37162648,0.3190018024,301.0933334,21.0,2013-10-10
Bihar,Araria,Acute Diarrhoeal Disease,2014,41,17.0,0.0,26.26498795,87.37162648,0.0609829387,303.024,,2014-10-08
Bihar,Araria,Acute Diarrhoeal Disease,2019,40,36.0,3.0,26.26498795,87.37162648,2.071982844,298.65000000000003,18.0,2019-10-05
Bihar,Araria,Cholera,2014,37,20.0,4.0,26.26498795,87.37162648,0.4376745595,300.756,15.0,2014-09-08
Bihar,Arwal,Acute Diarrhoeal Disease,2016,30,21.0,0.0,25.18077715,84.65920203,0.5989348944,302.04,,2016-07-27
Bihar,Arwal,Acute Diarrhoeal Disease,2017,27,12.0,1.0,25.18077715,84.65920203,1.90087107,299.24,2.0,2017-07-06
Bihar,Arwal,Acute Diarrhoeal Disease,2017,29,19.0,0.0,25.18077715,84.65920203,0.7043218053,307.1866666,3.0,2017-07-22
Bihar,Arwal,Dengue,2019,42,5.0,0.0,25.18077715,84.65920203,0.03988869053,302.568,,2019-10-15
Bihar,Aurangabad,Acute Diarrhoeal Disease,2011,29,8.0,2.0,24.786306,84.41448983,0.8185006585,,10.0,2011-07-24
Bihar,Aurangabad,Acute Diarrhoeal Disease,2011,31,18.0,0.0,24.786306,84.41448983,1.013879826,,2.0,2011-08-07
Bihar,Aurangabad,Acute Diarrhoeal Disease,2011,33,26.0,0.0,24.786306,84.41448983,2.150123567,,5.0,2011-08-15
Bihar,Aurangabad,Acute Diarrhoeal Disease,2011,34,9.0,1.0,24.786306,84.41448983,0.5718808189,302.4266666,,2011-08-28
Bihar,Aurangabad,Acute Diarrhoeal Disease,2011,38,18.0,0.0,24.786306,84.41448983,0.8577299239,296.40000000000003,17.0,2011-09-23
Bihar,Aurangabad,Acute Diarrhoeal Disease,2012,30,16.0,0.0,24.786306,84.41448983,0.7214775343,,,2012-07-27
Bihar,Aurangabad,Acute Diarrhoeal Disease,2012,34,25.0,0.0,24.786306,84.41448983,0.5480145182,,9.0,2012-08-23
Bihar,Aurangabad,Acute Diarrhoeal Disease,2018,31,7.0,0.0,24.786306,84.41448983,2.445436209,,1.0,2018-08-03
Bihar,Aurangabad,Dengue,2015,27,906.0,0.0,24.786306,84.41448983,1.230280633,309.44,8.0,2015-06-30
Bihar,Aurangabad,Malaria,2011,46,22.0,0.0,24.786306,84.41448983,4.81e-05,301.615,11.0,2011-11-14
Bihar,Aurangabad,Malaria,2015,31,3.0,2.0,24.786306,84.41448983,0.5102865319,303.4666666,7.0,2015-07-30
Bihar,Aurangabad,Malaria,2017,43,20.0,2.0,24.786306,84.41448983,0.0009095016288,303.2466666,14.0,2017-10-28
Bihar,Banka,Acute Diarrhoeal Disease,2013,23,37.0,0.0,24.8655681,86.87278642,1.379389116,,7.0,2013-06-03
Bihar,Banka,Acute Diarrhoeal Disease,2014,31,101.0,0.0,24.8655681,86.87278642,0.6429880459,304.04,10.0,2014-07-30
Bihar,Banka,Acute Diarrhoeal Disease,2014,34,38.0,0.0,24.8655681,86.87278642,0.8109946902,,6.0,2014-08-19
Bihar,Banka,Acute Diarrhoeal Disease,2014,36,29.0,0.0,24.8655681,86.87278642,0.3579548846,300.335,,2014-09-05
Bihar,Banka,Acute Diarrhoeal Disease,2015,49,22.0,3.0,24.8655681,86.87278642,0.0002900935046,300.64,6.0,2015-11-30
Bihar,Bhabua,Acute Diarrhoeal Disease,2016,30,24.0,0.0,25.07634815,83.63359776,0.8506309581,306.44,,2016-07-27
Bihar,Bhabua,Acute Diarrhoeal Disease,2016,33,13.0,0.0,25.07634815,83.63359776,1.448337752,299.0333334,,2016-08-20
Bihar,Bhabua,Acute Diarrhoeal Disease,2016,34,106.0,1.0,25.07634815,83.63359776,0.4080219468,299.95,12.0,2016-08-25
Bihar,Bhabua,Acute Diarrhoeal Disease,2016,35,18.0,1.0,25.07634815,83.63359776,0.3240358732,302.48,17.0,2016-08-29
Bihar,Bhabua,Acute Diarrhoeal Disease,2016,36,61.0,0.0,25.07634815,83.63359776,0.6308306346,306.06,,2016-09-05
Bihar,Bhabua,Acute Diarrhoeal Disease,2017,36,17.0,0.0,25.07634815,83.63359776,0.3026642654,302.3766666,19.0,2017-09-09
Bihar,Bhabua,Acute Diarrhoeal Disease,2017,37,40.0,2.0,25.07634815,83.63359776,0.452713333,301.668,,2017-09-14
Bihar,Bhabua,Dengue,2013,30,1317.0,0.0,25.07634815,83.63359776,0.4814204257,272.0,,2013-07-28
Bihar,Bhabua,Dengue,2019,43,3.0,1.0,25.07634815,83.63359776,0.03083031893,300.52,16.0,2019-10-27
Bihar,Bhagalpur,Acute Diarrhoeal Disease,2011,41,30.0,0.0,25.2871758,87.13033088,0.1532392824,301.81333340000003,18.0,2011-10-11
Bihar,Bhagalpur,Acute Diarrhoeal Disease,2019,41,13.0,3.0,25.2871758,87.13033088,0.40245357,301.25333340000003,20.0,2019-10-13
Bihar,Bhagalpur,Dengue,2015,27,521.0,1.0,25.2871758,87.13033088,1.25256457,,5.0,2015-06-30
Bihar,Bhojpur,Acute Diarrhoeal Disease,2012,30,62.0,2.0,25.25,84.25,2.034400387,287.98,3.0,2012-07-23
Bihar,Bhojpur,Acute Diarrhoeal Disease,2012,31,39.0,0.0,25.25,84.25,0.6685144191,288.01,4.0,2012-08-01
Bihar,Bhojpur,Acute Diarrhoeal Disease,2012,34,12.0,1.0,25.25,84.25,0.602977735,303.0,11.0,2012-08-22
Bihar,Bhojpur,Dengue,2012,44,36.0,0.0,25.25,84.25,0.002867402414,303.7333334,10.0,2012-10-29
Bihar,Bhojpur,Dengue,2015,27,724.0,2.0,25.25,84.25,1.972170859,296.03000000000003,5.0,2015-06-30
Bihar,Buxar,Acute Diarrhoeal Disease,2016,30,15.0,0.0,25.5620715,84.01567205,0.7764857433,278.52,,2016-07-27
Bihar,Buxar,Acute Diarrhoeal Disease,2020,10,50.0,0.0,25.5620715,84.01567205,0.06771296632,296.904,19.0,2020-03-03
Bihar,Darbhanga,Acute Diarrhoeal Disease,2011,35,81.0,1.0,26.08314325,86.03257097,0.1226691085,301.3866666,18.0,2011-09-01
Bihar,Darbhanga,Acute Diarrhoeal Disease,2013,35,20.0,0.0,26.08314325,86.03257097,0.9507921101,303.08,,2013-08-28
Bihar,Darbhanga,Acute Diarrhoeal Disease,2013,37,33.0,0.0,26.08314325,86.03257097,0.19337862,300.26,17.0,2013-09-10
Bihar,Darbhanga,Acute Diarrhoeal Disease,2013,46,72.0,0.0,26.08314325,86.03257097,3.07e-05,300.80333340000004,8.0,2013-11-13
Bihar,Darbhanga,Acute Diarrhoeal Disease,2014,37,81.0,0.0,26.08314325,86.03257097,0.6904417549,300.86,14.0,2014-09-12
Bihar,Darbhanga,Acute Diarrhoeal Disease,2016,38,19.0,0.0,26.08314325,86.03257097,0.7542751842,302.34000000000003,9.0,2016-09-22
Bihar,Darbhanga,Acute Diarrhoeal Disease,2016,41,48.0,0.0,26.08314325,86.03257097,0.5761119435,300.17600000000004,,2016-10-14
Bihar,Darbhanga,Acute Diarrhoeal Disease,2016,42,61.0,0.0,26.08314325,86.03257097,0.0407010253,300.87,20.0,2016-10-17
Bihar,Darbhanga,Acute Diarrhoeal Disease,2016,43,24.0,0.0,26.08314325,86.03257097,0.01145794806,302.25,17.0,2016-10-25
Bihar,Darbhanga,Acute Diarrhoeal Disease,2017,42,33.0,0.0,26.08314325,86.03257097,0.07969373345,300.76,16.0,2017-10-22
Bihar,East Champaran,Acute Diarrhoeal Disease,2013,36,14.0,1.0,26.5475298,84.6717583,0.4426088755,297.2,21.0,2013-09-07
Bihar,East Champaran,Acute Diarrhoeal Disease,2014,10,20.0,0.0,26.5475298,84.6717583,0.5296489103,292.675,14.0,2014-03-04
Bihar,East Champaran,Cholera,2014,44,21.0,1.0,26.5475298,84.6717583,0.04125474081,300.868,13.0,2014-10-29
Bihar,Gaya,AES,2011,34,201.0,48.0,24.7964355,85.0079563,1.563493025,302.43,10.0,2011-08-23
Bihar,Gaya,AES,2012,22,32.0,17.0,24.7964355,85.0079563,7.03e-05,317.6866666,4.0,2012-05-28
Bihar,Gaya,Acute Diarrhoeal Disease,2011,26,10.0,0.0,24.7964355,85.0079563,0.6186381679,310.6,5.0,2011-06-28
Bihar,Gaya,Acute Diarrhoeal Disease,2011,29,42.0,0.0,24.7964355,85.0079563,0.63646050325,,9.0,2011-07-18
Bihar,Gaya,Acute Diarrhoeal Disease,2011,30,12.0,0.0,24.7964355,85.0079563,0.4266246343,307.48,8.0,2011-07-31
Bihar,Gaya,Acute Diarrhoeal Disease,2011,32,17.0,0.0,24.7964355,85.0079563,1.927198087,,6.0,2011-08-14
Bihar,Gaya,Acute Diarrhoeal Disease,2011,33,52.0,0.0,24.7964355,85.0079563,1.8708802545,,6.0,2011-08-16
Bihar,Gaya,Acute Diarrhoeal Disease,2012,25,54.0,0.0,24.7964355,85.0079563,0.7106616371,313.84000000000003,2.0,2012-06-23
Bihar,Gaya,Acute Diarrhoeal Disease,2012,28,25.0,0.0,24.7964355,85.0079563,0.6813708251,301.62,,2012-07-10
Bihar,Gaya,Acute Diarrhoeal Disease,2012,29,25.0,0.0,24.7964355,85.0079563,1.311966336,,4.0,2012-07-21
Bihar,Gaya,Acute Diarrhoeal Disease,2012,31,31.0,3.0,24.7964355,85.0079563,0.6290085402,,,2012-08-03
Bihar,Gaya,Acute Diarrhoeal Disease,2012,33,62.0,2.0,24.7964355,85.0079563,0.6575497023,,9.0,2012-08-13
Bihar,Gaya,Acute Diarrhoeal Disease,2013,16,24.0,0.0,24.7964355,85.0079563,0.03725978907,314.5233334,4.0,2013-04-18
Bihar,Gaya,Acute Diarrhoeal Disease,2013,23,72.0,1.0,24.7964355,85.0079563,1.147288305,308.3,7.0,2013-06-05
Bihar,Gaya,Acute Diarrhoeal Disease,2014,23,90.0,1.0,24.7964355,85.0079563,0.023350651134999997,308.5293333,8.0,2014-06-04
Bihar,Gaya,Acute Diarrhoeal Disease,2016,17,88.0,0.0,24.7964355,85.0079563,5.63e-05,318.5,3.0,2016-04-25
Bihar,Gaya,Dengue,2015,27,1204.0,0.0,24.7964355,85.0079563,0.8612070731,,8.0,2015-06-30
Bihar,Gaya,Malaria,2011,26,53.0,0.0,24.7964355,85.0079563,0.3909727362,310.6,5.0,2011-06-27
Bihar,Gaya,Malaria,2012,46,23.0,0.0,24.7964355,85.0079563,0.0001737243681,299.705,10.0,2012-11-14
Bihar,Gaya,Malaria,2014,38,110.0,0.0,24.7964355,85.0079563,0.8045851698,302.0,15.0,2014-09-17
Bihar,Gaya,Malaria,2016,19,367.0,0.0,24.7964355,85.0079563,0.1246818943,314.89,4.0,2016-05-09
Bihar,Gopalganj,Acute Diarrhoeal Disease,2011,32,34.0,1.0,26.4207265,84.37406407,0.6867550611,301.25,10.0,2011-08-10
Bihar,Gopalganj,Acute Diarrhoeal Disease,2012,29,20.0,0.0,26.4207265,84.37406407,1.846160155,,3.0,2012-07-20
Bihar,Gopalganj,Acute Diarrhoeal Disease,2015,35,9.0,2.0,26.4207265,84.37406407,0.7687098152,301.06,,2015-08-29
Bihar,Jamui,Acute Diarrhoeal Disease,2011,32,50.0,0.0,24.96785205,86.17351147,1.838128123,,4.0,2011-08-10
Bihar,Jamui,Acute Diarrhoeal Disease,2011,34,14.0,0.0,24.96785205,86.17351147,0.7665039899,302.84000000000003,12.0,2011-08-26
Bihar,Jamui,Acute Diarrhoeal Disease,2012,32,14.0,1.0,24.96785205,86.17351147,0.5629016227,300.61333340000004,10.0,2012-08-06
Bihar,Jamui,Acute Diarrhoeal Disease,2013,33,20.0,2.0,24.96785205,86.17351147,0.5454215166,302.7066666,12.0,2013-08-18
Bihar,Jamui,Acute Diarrhoeal Disease,2016,22,11.0,0.0,24.96785205,86.17351147,0.2660622835,310.3,7.0,2016-06-05
Bihar,Jamui,Acute Diarrhoeal Disease,2016,30,22.0,0.0,24.96785205,86.17351147,0.6876330067,,5.0,2016-07-25
Bihar,Jamui,Acute Diarrhoeal Disease,2016,31,38.0,1.0,24.96785205,86.17351147,0.918133298,303.43,8.0,2016-08-01
Bihar,Jamui,Acute Diarrhoeal Disease,2016,35,13.0,1.0,24.96785205,86.17351147,0.2538763365,305.84000000000003,14.0,2016-08-31
Bihar,Jamui,Acute Diarrhoeal Disease,2016,37,24.0,0.0,24.96785205,86.17351147,0.8448277886,301.06,,2016-09-13
Bihar,Jamui,Acute Diarrhoeal Disease,2016,39,32.0,0.0,24.96785205,86.17351147,0.8663004688,301.48,,2016-09-29
Bihar,Jamui,Acute Diarrhoeal Disease,2017,34,12.0,0.0,24.96785205,86.17351147,0.9754575552,298.25,,2017-08-21
Bihar,Jamui,Acute Diarrhoeal Disease,2017,42,34.0,1.0,24.96785205,86.17351147,0.9192221273,301.04400000000004,,2017-10-16
Bihar,Jamui,Acute Diarrhoeal Disease,2018,39,33.0,0.0,24.96785205,86.17351147,0.455808117,303.7866666,19.0,2018-09-24
Bihar,Jamui,Malaria,2015,52,48.0,2.0,24.96785205,86.17351147,0.03020803562,295.325,,2015-12-27
Bihar,Jamui,Malaria,2015,53,6.0,0.0,24.96785205,86.17351147,2.74e-05,296.288,6.5,2016-01-02
Bihar,Jamui,Malaria,2016,26,12.0,0.0,24.96785205,86.17351147,0.2593592459,306.52,7.0,2016-07-01
Bihar,Jamui,Malaria,2017,32,5.0,0.0,24.96785205,86.17351147,0.507187856,,9.0,2017-08-10
Bihar,Jehanabad,AES,2019,24,4.0,1.0,25.15247135,85.00687849,0.02124739681,317.976,4.0,2019-06-15
Bihar,Jehanabad,Acute Diarrhoeal Disease,2011,34,39.0,10.0,25.15247135,85.00687849,0.4825565637,303.24,10.0,2011-08-26
Bihar,Jehanabad,Acute Diarrhoeal Disease,2015,36,14.0,0.0,25.15247135,85.00687849,0.5010215145,303.58,15.0,2015-08-31
Bihar,Jehanabad,Acute Diarrhoeal Disease,2016,37,10.0,2.0,25.15247135,85.00687849,0.6408148383,303.21,16.0,2016-09-17
Bihar,Jehanabad,Acute Diarrhoeal Disease,2016,38,35.0,1.0,25.15247135,85.00687849,0.5717282178,300.7333334,14.0,2016-09-22
Bihar,Jehanabad,Acute Diarrhoeal Disease,2017,32,17.0,3.0,25.15247135,85.00687849,0.6532279597,303.22,,2017-08-13
Bihar,Jehanabad,Acute Diarrhoeal Disease,2019,26,10.0,0.0,25.15247135,85.00687849,0.2906691508,315.54,,2019-06-26
Bihar,Jehanabad,Acute Diarrhoeal Disease,2019,40,9.0,0.0,25.15247135,85.00687849,0.3829922113,300.2,13.0,2019-10-06
Bihar,Jehanabad,Dengue,2019,41,5.0,0.0,25.15247135,85.00687849,0.3217408158,300.17,17.0,2019-10-10
Bihar,Katihar,Acute Diarrhoeal Disease,2011,30,19.0,1.0,25.5591001,87.64745596,0.4385494543,302.41,8.0,2011-07-26
Bihar,Katihar,Acute Diarrhoeal Disease,2011,42,24.0,2.0,25.5591001,87.64745596,0.03457727416,302.632,14.0,2011-10-18
Bihar,Katihar,Acute Diarrhoeal Disease,2011,43,31.0,0.0,25.5591001,87.64745596,0.01806759893,302.368,14.0,2011-10-29
Bihar,Katihar,Acute Diarrhoeal Disease,2013,43,13.0,3.0,25.5591001,87.64745596,0.0504392425,301.2133334,,2013-10-24
Bihar,Katihar,Acute Diarrhoeal Disease,2014,30,22.0,0.0,25.5591001,87.64745596,0.5999962582,302.69,,2014-07-27
Bihar,Katihar,Acute Diarrhoeal Disease,2014,38,19.0,0.0,25.5591001,87.64745596,0.6517010335,301.34000000000003,,2014-09-21
Bihar,Katihar,Acute Diarrhoeal Disease,2014,40,15.0,0.0,25.5591001,87.64745596,0.09867226591,301.1966666,21.0,2014-10-04
Bihar,Katihar,Acute Diarrhoeal Disease,2016,30,26.0,0.0,25.5591001,87.64745596,0.7951526221,,,2016-07-27
Bihar,Katihar,Acute Diarrhoeal Disease,2016,42,9.0,2.0,25.5591001,87.64745596,0.05356773136,302.8566666,15.0,2016-10-18
Bihar,Khagaria,Acute Diarrhoeal Disease,2011,9,2.0,0.0,25.4916868,86.69910848,0.001582866165,296.82,15.0,2011-03-03
Bihar,Khagaria,Acute Diarrhoeal Disease,2014,34,10.0,0.0,25.4916868,86.69910848,0.9954727515,300.62,6.0,2014-08-19
Bihar,Khagaria,Dengue,2015,45,29.0,0.0,25.4916868,86.69910848,0.01839182669,303.492,7.0,2015-11-06
Bihar,Lakhisarai,Acute Diarrhoeal Disease,2011,5,45.0,0.0,25.1677029,86.05935924,0.0897718966,294.672,,2011-02-01
Bihar,Lakhisarai,Acute Diarrhoeal Disease,2011,28,21.0,0.0,25.1677029,86.05935924,0.4218848428,303.79,7.0,2011-07-13
Bihar,Lakhisarai,Acute Diarrhoeal Disease,2011,30,14.0,0.0,25.1677029,86.05935924,0.5677844141,,10.0,2011-07-25
Bihar,Lakhisarai,Acute Diarrhoeal Disease,2011,33,20.0,0.0,25.1677029,86.05935924,0.8361375882,300.54,6.0,2011-08-17
Bihar,Lakhisarai,Acute Diarrhoeal Disease,2011,34,12.0,1.0,25.1677029,86.05935924,0.6397235033,301.5266666,11.0,2011-08-27
Bihar,Lakhisarai,Acute Diarrhoeal Disease,2011,40,8.0,1.0,25.1677029,86.05935924,0.07687955655,302.464,,2011-10-07
Bihar,Lakhisarai,Acute Diarrhoeal Disease,2011,44,45.0,0.0,25.1677029,86.05935924,0.002280614862,300.8833334,8.0,2011-11-03
Bihar,Lakhisarai,Acute Diarrhoeal Disease,2012,29,22.0,2.0,25.1677029,86.05935924,0.9146905568,,4.0,2012-07-22
Bihar,Lakhisarai,Acute Diarrhoeal Disease,2012,31,24.0,0.0,25.1677029,86.05935924,0.3134124433,302.7,6.0,2012-08-01
Bihar,Lakhisarai,Acute Diarrhoeal Disease,2012,32,59.0,0.0,25.1677029,86.05935924,0.56888199615,299.74,10.0,2012-08-06
Bihar,Lakhisarai,Acute Diarrhoeal Disease,2012,33,15.0,0.0,25.1677029,86.05935924,0.6259601014,301.79,13.0,2012-08-13
Bihar,Lakhisarai,Acute Diarrhoeal Disease,2012,35,15.0,1.0,25.1677029,86.05935924,0.9161013503,302.38,,2012-08-27
Bihar,Lakhisarai,Acute Diarrhoeal Disease,2013,27,16.0,0.0,25.1677029,86.05935924,0.5813792475,297.46,6.0,2013-07-01
Bihar,Lakhisarai,Acute Diarrhoeal Disease,2014,25,31.0,0.0,25.1677029,86.05935924,0.09822919527,304.764,7.0,2014-06-16
Bihar,Lakhisarai,Acute Diarrhoeal Disease,2014,29,22.0,0.0,25.1677029,86.05935924,0.4590265376,302.23,7.0,2014-07-14
Bihar,Lakhisarai,Malaria,2010,25,134.0,0.0,25.1677029,86.05935924,0.6143783894,307.72,5.0,2010-06-23
Bihar,Lakhisarai,Malaria,2011,28,12.0,0.0,25.1677029,86.05935924,0.4218848428,303.79,7.0,2011-07-13
Bihar,Madhubani,Acute Diarrhoeal Disease,2011,39,118.0,1.0,26.350072,86.22914689,0.8028566807,289.26,14.0,2011-09-26
Bihar,Madhubani,Acute Diarrhoeal Disease,2011,40,41.0,0.0,26.350072,86.22914689,0.130206592,301.3,20.0,2011-10-06
Bihar,Madhubani,Acute Diarrhoeal Disease,2011,41,20.0,1.0,26.350072,86.22914689,0.122556759,301.74,17.0,2011-10-11
Bihar,Madhubani,Acute Diarrhoeal Disease,2012,30,18.0,0.0,26.350072,86.22914689,1.146858848,281.44,6.0,2012-07-25
Bihar,Madhubani,Acute Diarrhoeal Disease,2012,38,71.0,2.0,26.350072,86.22914689,1.067061481,289.0,19.0,2012-09-22
Bihar,Madhubani,Acute Diarrhoeal Disease,2013,21,17.0,1.0,26.350072,86.22914689,0.2585846614,302.78000000000003,,2013-05-24
Bihar,Madhubani,Acute Diarrhoeal Disease,2013,25,16.0,1.0,26.350072,86.22914689,0.3493724776,306.04,,2013-06-17
Bihar,Madhubani,Acute Diarrhoeal Disease,2013,27,15.0,0.0,26.350072,86.22914689,2.133578023,,7.0,2013-07-01
Bihar,Madhubani,Acute Diarrhoeal Disease,2013,32,27.0,0.0,26.350072,86.22914689,0.9095147056,286.67,5.0,2013-08-10
Bihar,Madhubani,Acute Diarrhoeal Disease,2013,35,22.0,0.0,26.350072,86.22914689,1.338663391,300.36,11.0,2013-09-01
Bihar,Madhubani,Acute Diarrhoeal Disease,2013,36,43.0,0.0,26.350072,86.22914689,1.191931046,300.36,11.0,2013-09-02
Bihar,Madhubani,Acute Diarrhoeal Disease,2013,37,25.0,0.0,26.350072,86.22914689,0.7870770103,298.935,18.0,2013-09-09
Bihar,Madhubani,Acute Diarrhoeal Disease,2013,38,34.0,1.0,26.350072,86.22914689,0.1493162649,302.75,22.0,2013-09-18
Bihar,Madhubani,Acute Diarrhoeal Disease,2013,40,87.0,1.0,26.350072,86.22914689,0.5581503376,300.5183334,12.0,2013-09-30
Bihar,Madhubani,Acute Diarrhoeal Disease,2013,43,40.0,1.0,26.350072,86.22914689,0.04831248193,300.168,12.0,2013-10-27
Bihar,Madhubani,Acute Diarrhoeal Disease,2013,44,30.0,1.0,26.350072,86.22914689,0.03880688356,300.108,12.0,2013-10-28
Bihar,Madhubani,Acute Diarrhoeal Disease,2014,34,22.0,1.0,26.350072,86.22914689,1.138553184,289.59000000000003,,2014-08-20
Bihar,Madhubani,Acute Diarrhoeal Disease,2014,36,17.0,0.0,26.350072,86.22914689,0.6258789936,293.22400000000005,21.0,2014-09-01
Bihar,Madhubani,Acute Diarrhoeal Disease,2015,35,11.0,0.0,26.350072,86.22914689,0.7988266214,294.7733334,,2015-08-29
Bihar,Madhubani,Acute Diarrhoeal Disease,2015,38,23.0,0.0,26.350072,86.22914689,0.6543405703,301.265,17.0,2015-09-15
Bihar,Madhubani,Acute Diarrhoeal Disease,2016,27,21.0,0.0,26.350072,86.22914689,0.7477971251,279.86,7.0,2016-07-09
Bihar,Madhubani,Acute Diarrhoeal Disease,2016,28,9.0,2.0,26.350072,86.22914689,0.3638555373,300.49,7.0,2016-07-13
Bihar,Madhubani,Acute Diarrhoeal Disease,2017,14,21.0,0.0,26.350072,86.22914689,0.0573375211,300.676,,2017-04-06
Bihar,Madhubani,Acute Diarrhoeal Disease,2017,19,23.0,0.0,26.350072,86.22914689,0.1139035332,303.3533334,,2017-05-08
Bihar,Madhubani,Acute Diarrhoeal Disease,2017,34,10.0,0.0,26.350072,86.22914689,0.6710073868,298.02,17.0,2017-08-22
Bihar,Madhubani,Acute Diarrhoeal Disease,2017,36,13.0,1.0,26.350072,86.22914689,0.2068480881,301.28400000000005,20.0,2017-09-10
Bihar,Madhubani,Acute Diarrhoeal Disease,2018,35,15.0,0.0,26.350072,86.22914689,0.7651931259,298.48,14.0,2018-09-02
Bihar,Munger,AES,2019,25,2.0,1.0,25.22081165,86.51720367,0.4163308108,305.87333340000004,6.0,2019-06-23
Bihar,Munger,Acute Diarrhoeal Disease,2012,40,18.0,0.0,25.22081165,86.51720367,0.281095429,302.08,15.0,2012-10-04
Bihar,Munger,Acute Diarrhoeal Disease,2013,30,19.0,0.0,25.22081165,86.51720367,0.3201293737,300.14,8.0,2013-07-23
Bihar,Munger,Acute Diarrhoeal Disease,2013,37,198.0,0.0,25.22081165,86.51720367,0.1044747224,302.496,,2013-09-13
Bihar,Munger,Acute Diarrhoeal Disease,2014,28,39.0,0.0,25.22081165,86.51720367,0.5864205719,,2.0,2014-07-10
Bihar,Munger,Acute Diarrhoeal Disease,2016,30,18.0,0.0,25.22081165,86.51720367,0.8803342974,302.44,,2016-07-26
Bihar,Munger,Acute Diarrhoeal Disease,2016,34,49.0,0.0,25.22081165,86.51720367,0.3371341199,304.475,,2016-08-28
Bihar,Munger,Acute Diarrhoeal Disease,2016,38,37.0,1.0,25.22081165,86.51720367,0.5049515931,300.615,,2016-09-20
Bihar,Munger,Acute Diarrhoeal Disease,2016,41,87.0,2.0,25.22081165,86.51720367,1.081396618,300.44,15.0,2016-10-12
Bihar,Munger,Acute Diarrhoeal Disease,2017,40,10.0,0.0,25.22081165,86.51720367,0.580811162,299.58,15.0,2017-10-04
Bihar,Munger,Acute Diarrhoeal Disease,2018,30,16.0,0.0,25.22081165,86.51720367,0.3405304098,311.96,5.0,2018-07-24
Bihar,Munger,Acute Diarrhoeal Disease,2018,34,85.0,0.0,25.22081165,86.51720367,0.7517474068,300.29,,2018-08-21
Bihar,Munger,Acute Diarrhoeal Disease,2018,41,13.0,1.0,25.22081165,86.51720367,0.05951866274,302.256,15.0,2018-10-11
Bihar,Munger,Dengue,2010,37,72.0,0.0,25.22081165,86.51720367,0.8112634733,287.9666666,,2010-09-13
Bihar,Munger,Dengue,2019,37,7.0,0.0,25.22081165,86.51720367,0.8664437514,299.96,,2019-09-13
Bihar,Munger,Malaria,2009,32,335.0,0.0,25.22081165,86.51720367,1.177410871,301.28000000000003,9.0,2009-08-03
Bihar,Munger,Malaria,2009,34,850.0,1.0,25.22081165,86.51720367,1.595806376,303.32,3.0,2009-08-17
Bihar,Munger,Malaria,2009,36,453.0,0.0,25.22081165,86.51720367,0.6498268837,300.40500000000003,12.0,2009-08-31
Bihar,Munger,Malaria,2009,38,260.0,0.0,25.22081165,86.51720367,0.862804304,302.19,,2009-09-14
Bihar,Munger,Malaria,2010,28,83.0,0.0,25.22081165,86.51720367,0.9780725054,310.58,,2010-07-12
Bihar,Munger,Malaria,2010,44,56.0,0.0,25.22081165,86.51720367,0.0002046776099,304.09200000000004,,2010-11-01
Bihar,Munger,Malaria,2011,25,64.0,0.0,25.22081165,86.51720367,1.157159943,303.26,8.0,2011-06-20
Bihar,Munger,Malaria,2011,27,100.0,0.0,25.22081165,86.51720367,0.5201114038,302.40000000000003,8.0,2011-07-10
Bihar,Munger,Malaria,2011,29,126.0,0.0,25.22081165,86.51720367,0.4281015176,302.11,7.0,2011-07-18
Bihar,Munger,Malaria,2011,30,46.0,0.0,25.22081165,86.51720367,0.5757491344,,10.0,2011-07-25
Bihar,Munger,Malaria,2011,34,22.0,0.0,25.22081165,86.51720367,1.355408388,299.28000000000003,10.0,2011-08-22
Bihar,Munger,Malaria,2011,38,23.0,0.0,25.22081165,86.51720367,1.558218097,300.94,8.0,2011-09-19
Bihar,Munger,Malaria,2011,39,18.0,0.0,25.22081165,86.51720367,0.9492870323,300.13,10.0,2011-09-26
Bihar,Munger,Malaria,2011,41,32.0,0.0,25.22081165,86.51720367,0.1975038664,302.948,14.0,2011-10-10
Bihar,Munger,Malaria,2011,43,89.0,0.0,25.22081165,86.51720367,0.2852656248,301.08,,2011-10-24
Bihar,Munger,Malaria,2011,45,10.0,0.0,25.22081165,86.51720367,0.02117672342,299.945,6.0,2011-11-07
Bihar,Munger,Malaria,2013,18,53.0,0.0,25.22081165,86.51720367,0.04115492534,305.644,8.0,2013-04-29
Bihar,Munger,Malaria,2016,28,196.0,0.0,25.22081165,86.51720367,0.3237026878,299.92,,2016-07-11
Bihar,Munger,Malaria,2016,33,8.0,0.0,25.22081165,86.51720367,0.678537071,301.16,9.0,2016-08-15
Bihar,Muzaffarpur,AES,2011,24,708.0,252.0,26.1486581,85.34001282,0.21916388260000003,303.74,8.0,2011-06-14
Bihar,Muzaffarpur,AES,2012,21,494.0,213.0,26.148658099999995,85.34001282000001,0.0001333996933,310.2866666,6.0,2012-05-27
Bihar,Muzaffarpur,AES,2013,14,124.0,32.0,26.1486581,85.34001282,0.001574200667,308.96,,2013-04-06
Bihar,Muzaffarpur,AES,2016,20,5.0,1.0,26.1486581,85.34001282,0.1712217608,308.6,6.0,2016-05-21
Bihar,Muzaffarpur,AES,2016,21,3.0,1.0,26.1486581,85.34001282,0.1714221729,306.98,,2016-05-24
Bihar,Muzaffarpur,AES,2018,23,5.0,2.0,26.1486581,85.34001282,0.168722299,312.51,,2018-06-10
Bihar,Muzaffarpur,Acute Diarrhoeal Disease,2010,22,74.0,28.0,26.1486581,85.34001282,0.3982292379,303.745,,2010-06-02
Bihar,Muzaffarpur,Acute Diarrhoeal Disease,2011,24,129.0,0.0,26.1486581,85.34001282,0.2191638826,303.74,8.0,2011-06-14
Bihar,Muzaffarpur,Acute Diarrhoeal Disease,2015,36,52.0,1.0,26.1486581,85.34001282,0.2327908955,299.335,12.0,2015-09-04
Bihar,Muzaffarpur,Acute Diarrhoeal Disease,2015,37,8.0,1.0,26.1486581,85.34001282,0.04051807546,302.436,18.0,2015-09-10
Bihar,Muzaffarpur,Acute Diarrhoeal Disease,2016,40,27.0,0.0,26.1486581,85.34001282,0.5214328242,300.88,18.0,2016-10-03
Bihar,Muzaffarpur,Acute Diarrhoeal Disease,2016,41,13.0,0.0,26.1486581,85.34001282,0.5152714114,301.404,17.0,2016-10-13
Bihar,Muzaffarpur,Acute Diarrhoeal Disease,2017,36,54.0,3.0,26.1486581,85.34001282,0.3825989235,300.196,17.0,2017-09-07
Bihar,Muzaffarpur,Acute Diarrhoeal Disease,2017,37,15.0,0.0,26.1486581,85.34001282,0.2572989783,302.845,,2017-09-13
Bihar,Muzaffarpur,Acute Diarrhoeal Disease,2017,41,28.0,2.0,26.1486581,85.34001282,0.07857444966,302.116,14.0,2017-10-09
Bihar,Muzaffarpur,Acute Diarrhoeal Disease,2018,41,4.0,1.0,26.1486581,85.34001282,0.3370672506,301.832,15.0,2018-10-13
Bihar,Muzaffarpur,Acute Diarrhoeal Disease,2019,39,18.0,1.0,26.1486581,85.34001282,0.8718170144,301.73,12.0,2019-09-26
Bihar,Muzaffarpur,Acute Diarrhoeal Disease,2019,40,6.0,1.0,26.1486581,85.34001282,3.29065111,299.68,12.0,2019-10-04
Bihar,Muzaffarpur,Acute Diarrhoeal Disease,2019,41,10.0,1.0,26.1486581,85.34001282,0.3012631243,298.35,17.0,2019-10-09
Bihar,Muzaffarpur,Dengue,2012,32,123.0,0.0,26.1486581,85.34001282,0.6171291925,292.47,9.0,2012-08-10
Bihar,Muzaffarpur,Dengue,2017,32,21.0,0.0,26.1486581,85.34001282,1.236105823,302.76,7.0,2017-08-07
Bihar,Muzaffarpur,Dengue,2018,31,10.0,0.0,26.1486581,85.34001282,1.147583181,,2.0,2018-08-03
Bihar,Muzaffarpur,Dengue,2018,41,47.0,0.0,26.1486581,85.34001282,0.06130183414,303.596,,2018-10-08
Bihar,Muzaffarpur,Dengue,2019,26,67.0,0.0,26.1486581,85.34001282,0.3267005442,303.40000000000003,7.0,2019-06-27
Bihar,Muzaffarpur,Dengue,2019,30,10.0,0.0,26.1486581,85.34001282,0.4255024977,305.92,4.0,2019-07-22
Bihar,Nalanda,Acute Diarrhoeal Disease,2011,27,20.0,0.0,25.1364914,85.44365465,0.5153475642,,,2011-07-04
Bihar,Nalanda,Acute Diarrhoeal Disease,2011,37,17.0,1.0,25.1364914,85.44365465,0.5889640547,302.7333334,9.0,2011-09-15
Bihar,Nalanda,Acute Diarrhoeal Disease,2012,31,50.0,0.0,25.1364914,85.44365465,0.66358314675,291.8,6.0,2012-08-03
Bihar,Nalanda,Acute Diarrhoeal Disease,2012,32,52.0,0.0,25.1364914,85.44365465,0.7655007164500001,295.74,6.0,2012-08-07
Bihar,Nalanda,Acute Diarrhoeal Disease,2012,34,18.0,0.0,25.1364914,85.44365465,0.5738008226,302.96,9.0,2012-08-21
Bihar,Nalanda,Acute Diarrhoeal Disease,2014,31,15.0,2.0,25.1364914,85.44365465,0.1942736912,,,2014-07-28
Bihar,Nalanda,Acute Diarrhoeal Disease,2015,13,14.0,0.0,25.1364914,85.44365465,0.0001707363753,310.1766666,6.0,2015-03-26
Bihar,Nalanda,Acute Diarrhoeal Disease,2016,28,15.0,0.0,25.1364914,85.44365465,0.1943668356,,8.0,2016-07-14
Bihar,Nalanda,Acute Diarrhoeal Disease,2016,30,27.0,0.0,25.1364914,85.44365465,0.489661381,,,2016-07-26
Bihar,Nalanda,Acute Diarrhoeal Disease,2016,31,29.0,0.0,25.1364914,85.44365465,0.54860568095,,8.0,2016-08-01
Bihar,Nalanda,Acute Diarrhoeal Disease,2016,32,33.0,0.0,25.1364914,85.44365465,0.5191512962,,5.0,2016-08-09
Bihar,Nalanda,Acute Diarrhoeal Disease,2018,49,65.0,0.0,25.1364914,85.44365465,3.61e-05,297.9133334,4.0,2018-12-09
Bihar,Nalanda,Acute Diarrhoeal Disease,2019,28,33.0,0.0,25.1364914,85.44365465,1.644256935,,9.0,2019-07-13
Bihar,Nalanda,Chikungunya,2011,45,24.0,0.0,25.1364914,85.44365465,0.0008950611861,301.625,9.0,2011-11-07
Bihar,Nalanda,Dengue,2016,34,29.0,0.0,25.1364914,85.44365465,0.2737181449,303.48,,2016-08-27
Bihar,Nalanda,Dengue & Chikungunya,2016,34,168.0,0.0,25.1364914,85.44365465,0.2737181449,303.48,,2016-08-27
Bihar,Nawada,Acute Diarrhoeal Disease,2011,31,131.0,0.0,24.818124,85.51855623,0.9674448198,,3.0,2011-08-07
Bihar,Nawada,Acute Diarrhoeal Disease,2011,33,18.0,2.0,24.818124,85.51855623,1.328127527,,6.0,2011-08-16
Bihar,Nawada,Acute Diarrhoeal Disease,2011,34,19.0,0.0,24.818124,85.51855623,2.091449126,302.43,10.0,2011-08-22
Bihar,Nawada,Acute Diarrhoeal Disease,2011,40,22.0,5.0,24.818124,85.51855623,0.09647800357,301.3833334,,2011-10-07
Bihar,Nawada,Acute Diarrhoeal Disease,2012,32,62.0,2.0,24.818124,85.51855623,0.4867545838,299.68,,2012-08-11
Bihar,Nawada,Acute Diarrhoeal Disease,2014,15,60.0,0.0,24.818124,85.51855623,0.0006062651784,313.89,6.0,2014-04-09
Bihar,Nawada,Acute Diarrhoeal Disease,2014,33,30.0,2.0,24.818124,85.51855623,0.6201659893,301.5,6.0,2014-08-14
Bihar,Nawada,Acute Diarrhoeal Disease,2015,31,14.0,0.0,24.818124,85.51855623,0.6466447404,303.6866666,7.0,2015-07-30
Bihar,Nawada,Acute Diarrhoeal Disease,2016,30,20.0,0.0,24.818124,85.51855623,0.3935562757,,8.0,2016-07-29
Bihar,Nawada,Acute Diarrhoeal Disease,2017,22,33.0,0.0,24.818124,85.51855623,0.08227550485,316.012,5.0,2017-06-04
Bihar,Nawada,Acute Diarrhoeal Disease,2017,23,19.0,0.0,24.818124,85.51855623,0.05368884382,314.95,5.0,2017-06-06
Bihar,Nawada,Acute Diarrhoeal Disease,2017,33,39.0,2.0,24.818124,85.51855623,0.5748522805,,,2017-08-20
Bihar,Nawada,Acute Diarrhoeal Disease,2017,34,19.0,1.0,24.818124,85.51855623,0.2711582617,303.6533334,13.0,2017-08-27
Bihar,Nawada,Acute Diarrhoeal Disease,2017,35,23.0,3.0,24.818124,85.51855623,0.50610773985,304.84000000000003,17.0,2017-08-30
Bihar,Nawada,Acute Diarrhoeal Disease,2017,48,75.0,1.0,24.818124,85.51855623,7.85e-05,299.95,5.0,2017-11-30
Bihar,Nawada,Acute Diarrhoeal Disease,2018,32,10.0,0.0,24.818124,85.51855623,1.048366398,299.78000000000003,4.0,2018-08-10
Bihar,Patna,Acute Diarrhoeal Disease,2010,34,15.0,1.0,25.6093239,85.1235252,1.257206497,299.67,,2010-08-28
Bihar,Patna,Acute Diarrhoeal Disease,2011,30,7.0,2.0,25.6093239,85.1235252,0.6912540655,,9.0,2011-07-25
Bihar,Patna,Acute Diarrhoeal Disease,2011,35,16.0,0.0,25.6093239,85.1235252,0.08807096489,302.2233334,11.0,2011-09-01
Bihar,Patna,Acute Diarrhoeal Disease,2012,30,14.0,1.0,25.6093239,85.1235252,0.5475505757,287.11,3.0,2012-07-24
Bihar,Patna,Acute Diarrhoeal Disease,2015,31,28.0,0.0,25.6093239,85.1235252,0.1434306575,303.67,6.0,2015-07-31
Bihar,Patna,Acute Diarrhoeal Disease,2016,15,38.0,0.0,25.6093239,85.1235252,0.001457891263,314.324,5.0,2016-04-12
Bihar,Patna,Acute Diarrhoeal Disease,2016,35,30.0,0.0,25.6093239,85.1235252,0.4987294086,303.065,9.0,2016-09-01
Bihar,Patna,Acute Diarrhoeal Disease,2016,39,5.0,1.0,25.6093239,85.1235252,1.104815802,301.64,4.0,2016-09-27
Bihar,Patna,Acute Diarrhoeal Disease,2017,33,20.0,0.0,25.6093239,85.1235252,1.268049227,277.74,5.0,2017-08-16
Bihar,Patna,Dengue,2012,37,272.0,1.0,25.6093239,85.1235252,0.6517331016,303.11,,2012-09-13
Bihar,Patna,Dengue,2014,42,11.0,1.0,25.6093239,85.1235252,0.3067623681,300.856,11.0,2014-10-14
Bihar,Patna,Dengue,2015,27,3825.0,2.0,25.6093239,85.1235252,1.085549486,301.35,5.0,2015-06-30
Bihar,Patna,Malaria,2011,32,6.0,1.0,25.6093239,85.1235252,0.9837397667,,4.0,2011-08-08
Bihar,Patna,Malaria,2018,14,5.0,3.0,25.6093239,85.1235252,0.04047923617,306.19,5.0,2018-04-05
Bihar,Purnea,Acute Diarrhoeal Disease,2013,36,12.0,2.0,25.7773601,87.4731227,1.063004918,299.23,9.0,2013-09-04
Bihar,Purnia,Acute Diarrhoeal Disease,2013,39,34.0,1.0,26.0,87.5,0.5605086344,302.31,23.0,2013-09-28
Bihar,Purnia,Acute Diarrhoeal Disease,2014,32,20.0,1.0,26.0,87.5,1.038531644,296.90000000000003,12.0,2014-08-08
Bihar,Purnia,Acute Diarrhoeal Disease,2015,27,17.0,0.0,26.0,87.5,1.136184013,,7.0,2015-07-02
Bihar,Purnia,Acute Diarrhoeal Disease,2017,7,52.0,0.0,26.0,87.5,0.0001357618793,297.8266666,9.0,2017-02-15
Bihar,Purnia,Dengue,2018,48,32.0,0.0,26.0,87.5,4.39e-05,300.16,6.0,2018-11-28
Bihar,Rohtas,Acute Diarrhoeal Disease,2011,29,35.0,0.0,24.6723487,83.92090397,0.8308785022,296.54,11.0,2011-07-21
Bihar,Rohtas,Acute Diarrhoeal Disease,2011,33,75.0,4.0,24.6723487,83.92090397,1.444868732,,10.0,2011-08-17
Bihar,Rohtas,Acute Diarrhoeal Disease,2012,33,27.0,2.0,24.6723487,83.92090397,0.7201562617,297.48,5.0,2012-08-16
Bihar,Rohtas,Acute Diarrhoeal Disease,2012,34,40.0,0.0,24.6723487,83.92090397,0.6373206407,301.78000000000003,,2012-08-20
Bihar,Rohtas,Acute Diarrhoeal Disease,2013,23,35.0,0.0,24.6723487,83.92090397,0.06591552661,315.61,5.0,2013-06-06
Bihar,Rohtas,Acute Diarrhoeal Disease,2013,28,37.0,2.0,24.6723487,83.92090397,0.5918222799,311.26,7.0,2013-07-10
Bihar,Rohtas,Acute Diarrhoeal Disease,2015,36,6.0,1.0,24.6723487,83.92090397,0.3262960479,299.24,13.0,2015-09-04
Bihar,Rohtas,Acute Diarrhoeal Disease,2015,37,20.0,0.0,24.6723487,83.92090397,0.03742118836,301.752,18.0,2015-09-07
Bihar,Rohtas,Acute Diarrhoeal Disease,2015,38,30.0,0.0,24.6723487,83.92090397,0.08490876954,304.7733334,,2015-09-14
Bihar,Rohtas,Acute Diarrhoeal Disease,2016,26,13.0,0.0,24.6723487,83.92090397,0.5361010967,311.38,6.0,2016-06-28
Bihar,Rohtas,Acute Diarrhoeal Disease,2016,27,24.0,0.0,24.6723487,83.92090397,1.555621767,309.58,4.0,2016-07-06
Bihar,Rohtas,Acute Diarrhoeal Disease,2016,29,78.0,2.0,24.6723487,83.92090397,2.004365941,,8.0,2016-07-20
Bihar,Rohtas,Acute Diarrhoeal Disease,2016,31,24.0,0.0,24.6723487,83.92090397,0.6577378192,300.88,,2016-08-03
Bihar,Rohtas,Acute Diarrhoeal Disease,2016,32,21.0,1.0,24.6723487,83.92090397,0.5745340467,,6.0,2016-08-10
Bihar,Rohtas,Acute Diarrhoeal Disease,2016,34,16.0,0.0,24.6723487,83.92090397,0.5538232855,301.3066666,,2016-08-28
Bihar,Rohtas,Acute Diarrhoeal Disease,2016,38,107.0,0.0,24.6723487,83.92090397,0.8125744232,302.072,15.0,2016-09-24
Bihar,Rohtas,Acute Diarrhoeal Disease,2016,40,50.0,0.0,24.6723487,83.92090397,0.8536487066,301.55333340000004,27.0,2016-10-03
Bihar,Rohtas,Acute Diarrhoeal Disease,2019,44,25.0,0.0,24.6723487,83.92090397,0.02749447843,298.18,16.0,2019-10-30
Bihar,Rohtas,Acute Diarrhoeal Disease,2019,49,16.0,0.0,24.6723487,83.92090397,0.003215469871,300.6066666,,2019-12-03
Bihar,Rohtas,Malaria,2011,32,30.0,0.0,24.6723487,83.92090397,2.615870899,300.90000000000003,10.0,2011-08-14
Bihar,Rohtas,Malaria,2011,36,50.0,2.0,24.6723487,83.92090397,0.8022105749,301.91,17.0,2011-09-10
Bihar,Rohtas,Malaria,2015,30,130.0,6.0,24.6723487,83.92090397,0.7751392579,,8.0,2015-07-26
Bihar,Rohtas,Malaria,2020,49,112.0,0.0,24.6723487,83.92090397,3.86e-05,297.4266666,6.0,2020-12-06
Bihar,Saharsa,Acute Diarrhoeal Disease,2011,25,100.0,1.0,25.83264165,86.61489282999999,0.6846782762,303.93,,2011-06-25
Bihar,Saharsa,Acute Diarrhoeal Disease,2011,38,55.0,0.0,25.83264165,86.61489283,2.228340938,300.82,,2011-09-22
Bihar,Saharsa,Acute Diarrhoeal Disease,2012,23,25.0,0.0,25.83264165,86.61489283,1.857253676,302.18,,2012-06-08
Bihar,Saharsa,Acute Diarrhoeal Disease,2012,35,25.0,0.0,25.83264165,86.61489283,0.9537911399,301.0,18.0,2012-08-29
Bihar,Saharsa,Acute Diarrhoeal Disease,2013,26,28.0,5.0,25.83264165,86.61489283,0.6091006196,302.565,,2013-06-26
Bihar,Saharsa,Acute Diarrhoeal Disease,2013,40,12.0,1.0,25.83264165,86.61489283,0.7016887033,300.2866666,12.0,2013-10-01
Bihar,Saharsa,Acute Diarrhoeal Disease,2013,43,25.0,2.0,25.83264165,86.61489283,0.04831248193,300.168,12.0,2013-10-27
Bihar,Saharsa,Acute Diarrhoeal Disease,2014,34,51.0,0.0,25.83264165,86.61489283,0.8186835667,289.59000000000003,,2014-08-21
Bihar,Saharsa,Acute Diarrhoeal Disease,2014,40,80.0,6.0,25.83264165,86.61489283,0.2116607778,301.23,23.0,2014-10-04
Bihar,Saharsa,Acute Diarrhoeal Disease,2015,34,15.0,0.0,25.83264165,86.61489283,1.235795682,295.5666666,,2015-08-20
Bihar,Saharsa,Acute Diarrhoeal Disease,2015,36,17.0,0.0,25.83264165,86.61489283,0.4001810118,298.75,10.0,2015-09-02
Bihar,Saharsa,Acute Diarrhoeal Disease,2017,32,16.0,0.0,25.83264165,86.61489283,1.031599159,292.15000000000003,5.0,2017-08-09
Bihar,Saharsa,Acute Diarrhoeal Disease,2019,41,8.0,0.0,25.83264165,86.61489283,0.2782386903,299.744,23.0,2019-10-11
Bihar,Samastipur,Acute Diarrhoeal Disease,2012,38,10.0,2.0,25.7744929,85.86626813,0.8321333265,302.5,,2012-09-21
Bihar,Samastipur,Acute Diarrhoeal Disease,2015,29,107.0,0.0,25.7744929,85.86626813,0.8707652883,294.56,6.0,2015-07-15
Bihar,Samastipur,Acute Diarrhoeal Disease,2016,36,4.0,1.0,25.7744929,85.86626813,1.503921254,301.34000000000003,,2016-09-05
Bihar,Samastipur,Acute Diarrhoeal Disease,2016,40,9.0,1.0,25.7744929,85.86626813,0.4563869155,301.555,16.0,2016-10-03
Bihar,Samastipur,Dengue,2012,43,52.0,0.0,25.7744929,85.86626813,0.000483998266,303.8366666,10.0,2012-10-26
Bihar,Samastipur,Dengue,2016,37,9.0,0.0,25.7744929,85.86626813,1.347992824,300.14,,2016-09-12
Bihar,Samastipur,Dengue,2017,36,9.0,0.0,25.7744929,85.86626813,0.1336311033,302.176,12.0,2017-09-10
Bihar,Saran,Acute Diarrhoeal Disease,2015,36,47.0,2.0,25.90835495,84.78074761,0.5850124477,300.26,16.0,2015-09-01
Bihar,Saran,Acute Diarrhoeal Disease,2018,37,40.0,0.0,25.90835495,84.78074761,0.3890777004,300.996,17.0,2018-09-15
Bihar,Sheikhpura,Acute Diarrhoeal Disease,2011,27,26.0,2.0,25.12635425,85.81510621,0.2409636812,303.47,16.0,2011-07-08
Bihar,Sheikhpura,Acute Diarrhoeal Disease,2011,30,25.0,1.0,25.12635425,85.81510621,0.1751022572,303.0666666,,2011-07-28
Bihar,Sheikhpura,Acute Diarrhoeal Disease,2012,28,35.0,0.0,25.12635425,85.81510621,0.6655908594,304.04,6.0,2012-07-12
Bihar,Sheikhpura,Acute Diarrhoeal Disease,2013,27,12.0,1.0,25.12635425,85.81510621,0.7978656253,,10.0,2013-07-05
Bihar,Sheikhpura,Acute Diarrhoeal Disease,2019,33,18.0,0.0,25.12635425,85.81510621,0.6478096888,300.436,,2019-08-13
Bihar,Sheikhpura,Malaria,2011,33,50.0,5.0,25.12635425,85.81510621,2.302524213,300.66,,2011-08-21
Bihar,Siwan,Acute Diarrhoeal Disease,2012,18,42.0,0.0,26.1310043,84.39125661,0.001456034924,312.84000000000003,5.0,2012-05-02
Bihar,Siwan,Acute Diarrhoeal Disease,2012,30,15.0,0.0,26.1310043,84.39125661,1.156622517,286.52,3.0,2012-07-25
Bihar,Siwan,Acute Diarrhoeal Disease,2012,32,30.0,1.0,26.1310043,84.39125661,0.4148011906,302.1,12.0,2012-08-06
Bihar,Siwan,Acute Diarrhoeal Disease,2019,34,9.0,3.0,26.1310043,84.39125661,1.024802009,301.96500000000003,15.0,2019-08-23
Bihar,Siwan,Dengue,2018,42,134.0,0.0,26.1310043,84.39125661,0.1032550294,300.888,,2018-10-16
Bihar,Siwan,Dengue,2019,41,14.0,0.0,26.1310043,84.39125661,0.08369951375,301.964,17.0,2019-10-12
Bihar,Siwan,Dengue,2019,44,7.0,0.0,26.1310043,84.39125661,0.009403333215,297.62,,2019-10-31
Bihar,Vaishali,Acute Diarrhoeal Disease,2015,36,11.0,0.0,25.95322565,85.1445776,0.4629351829,298.69,12.0,2015-09-02
Bihar,Vaishali,Acute Diarrhoeal Disease,2015,41,58.0,1.0,25.95322565,85.1445776,0.01342984076,304.12333340000004,19.0,2015-10-05
Bihar,Vaishali,Acute Diarrhoeal Disease,2016,41,29.0,2.0,25.95322565,85.1445776,0.53360740625,300.968,17.0,2016-10-12
Bihar,Vaishali,Acute Diarrhoeal Disease,2017,29,32.0,0.0,25.95322565,85.1445776,0.4397621465,305.0266666,6.0,2017-07-21
Bihar,Vaishali,Acute Diarrhoeal Disease,2017,33,21.0,0.0,25.95322565,85.1445776,1.487610193,,7.0,2017-08-18
Bihar,Vaishali,Acute Diarrhoeal Disease,2018,24,10.0,0.0,25.95322565,85.1445776,0.2050773603,313.6266666,6.0,2018-06-12
Bihar,West Champaran,Acute Diarrhoeal Disease,2013,35,22.0,1.0,26.6919717,84.5796928,1.043703819,298.92,11.0,2013-08-30
Bihar,West Champaran,Acute Diarrhoeal Disease,2015,31,22.0,0.0,26.6919717,84.5796928,0.2585307914,302.5466666,9.0,2015-07-29
Bihar,West Champaran,Acute Diarrhoeal Disease,2016,27,14.0,0.0,26.6919717,84.5796928,0.6460309313,,5.0,2016-07-09
Bihar,West Champaran,Acute Diarrhoeal Disease,2016,38,9.0,0.0,26.6919717,84.5796928,1.00629961,300.38,,2016-09-21
Bihar,West Champaran,Acute Diarrhoeal Disease,2017,35,13.0,0.0,26.6919717,84.5796928,0.780164959,302.02,14.0,2017-09-02
Bihar,West Champaran,Acute Diarrhoeal Disease,2019,31,15.0,3.0,26.6919717,84.5796928,0.5705352334,,6.0,2019-08-01
Chandigarh,Chandigarh,Acute Diarrhoeal Disease,2017,4,246.0,0.0,30.72984395,76.78414567,0.01061825247,288.108,,2017-01-25
Chandigarh,Chandigarh,Acute Diarrhoeal Disease,2017,10,64.0,0.0,30.72984395,76.78414567,0.03620573275,296.57,15.0,2017-03-08
Chandigarh,Chandigarh,Acute Diarrhoeal Disease,2018,2,31.0,0.0,30.72984395,76.78414567,0.0008005236948,288.8933334,,2018-01-08
Chandigarh,Chandigarh,Acute Diarrhoeal Disease,2018,24,141.0,0.0,30.72984395,76.78414567,0.2024247287,308.885,6.0,2018-06-16
Chandigarh,Chandigarh,Cholera,2011,31,5.0,0.0,30.72984395,76.78414567,0.3910680314,302.31333340000003,17.0,2011-08-01
Chandigarh,Chandigarh,Cholera,2012,25,6.0,0.0,30.72984395,76.78414567,0.01020976427,316.34000000000003,5.0,2012-06-20
Chandigarh,Chandigarh,Cholera,2015,30,2.0,0.0,30.72984395,76.78414567,1.780779828,301.295,,2015-07-20
Chandigarh,Chandigarh,Cholera,2015,31,2.0,0.0,30.72984395,76.78414567,0.3373140435,305.5,,2015-07-27
Chandigarh,Chandigarh,Cholera,2015,32,59.0,0.0,30.72984395,76.78414567,0.3686312576,302.7,15.0,2015-08-08
Chandigarh,Chandigarh,Cholera,2015,38,3.0,0.0,30.72984395,76.78414567,0.04925346405,302.2466666,21.0,2015-09-19
Chandigarh,Chandigarh,Cholera,2016,23,122.0,0.0,30.72984395,76.78414567,0.08376674356999998,309.1366666,,2016-06-09
Chandigarh,Chandigarh,Cholera,2017,24,3.0,0.0,30.72984395,76.78414567,0.008095585039,310.9866666,7.0,2017-06-16
Chandigarh,Chandigarh,Cholera,2021,30,19.0,0.0,30.72984395,76.78414567,2.63598158,,12.0,2021-08-01
Chandigarh,Chandigarh,Dengue,2009,44,8.0,0.0,30.72984395,76.78414567,4.88e-05,302.0466666,9.0,2009-10-30
Chandigarh,Chandigarh,Dengue,2010,35,79.0,0.0,30.729843949999996,76.78414567,0.6042564227,301.505,18.0,2010-09-04
Chandigarh,Chandigarh,Dengue,2010,40,25.0,0.0,30.72984395,76.78414567,0.005205862058,302.6666666,18.0,2010-10-04
Chandigarh,Chandigarh,Dengue,2012,36,2466.0,0.0,30.72984395,76.78414567,0.3768368195,300.2266666,20.0,2012-09-03
Chandigarh,Chandigarh,Dengue,2015,35,210.0,0.0,30.72984395,76.78414567,0.6191849911,298.82,22.0,2015-08-24
Chandigarh,Chandigarh,Dengue,2015,36,1824.0,0.0,30.72984395,76.78414567,0.0608389463,301.68333340000004,25.0,2015-09-02
Chandigarh,Chandigarh,Dengue,2016,35,17.0,0.0,30.72984395,76.78414567,0.2352487723,301.485,26.0,2016-08-29
Chandigarh,Chandigarh,Dengue,2017,32,1015.0,0.0,30.729843949999996,76.78414567,1.805582248,,14.0,2017-08-07
Chandigarh,Chandigarh,Dengue,2018,35,18.0,0.0,30.72984395,76.78414567,0.3238669042,300.96,14.0,2018-09-02
Chandigarh,Chandigarh,Dengue,2020,46,11.0,0.0,30.72984395,76.78414567,0.0003842740343,299.09000000000003,,2020-11-15
Chandigarh,Chandigarh,Dengue,2020,50,13.0,0.0,30.72984395,76.78414567,7.18e-05,294.7233334,7.0,2020-12-07
Chhattisgarh,Balod,Acute Diarrhoeal Disease,2013,26,29.0,0.0,20.73218365,81.14335738,1.572375281,306.94,6.0,2013-06-24
Chhattisgarh,Balod,Acute Diarrhoeal Disease,2013,28,99.0,0.0,20.73218365,81.14335738,0.9063293771,,4.0,2013-07-14
Chhattisgarh,Balod,Acute Diarrhoeal Disease,2013,31,34.0,0.0,20.73218365,81.14335738,1.678108716,,6.0,2013-08-03
Chhattisgarh,Balod,Acute Diarrhoeal Disease,2013,32,163.0,0.0,20.73218365,81.14335738,0.7781022989,300.12,3.0,2013-08-09
Chhattisgarh,Balod,Acute Diarrhoeal Disease,2013,33,86.0,0.0,20.73218365,81.14335738,0.7642964141499999,,,2013-08-12
Chhattisgarh,Balod,Acute Diarrhoeal Disease,2013,35,27.0,0.0,20.73218365,81.14335738,1.13205633,,18.0,2013-08-31
Chhattisgarh,Balod,Acute Diarrhoeal Disease,2013,40,65.0,0.0,20.73218365,81.14335738,0.8500639424,300.4066666,21.0,2013-10-03
Chhattisgarh,Balod,Acute Diarrhoeal Disease,2016,20,34.0,0.0,20.73218365,81.14335738,0.08160874024,314.1566666,,2016-05-16
Chhattisgarh,Balod,Acute Diarrhoeal Disease,2016,24,362.0,0.0,20.73218365,81.14335738,0.12360808825,312.94,10.0,2016-06-13
Chhattisgarh,Balod,Acute Diarrhoeal Disease,2016,30,37.0,0.0,20.73218365,81.14335738,0.8242280517,298.86,,2016-07-27
Chhattisgarh,Balod,Acute Diarrhoeal Disease,2016,32,69.0,0.0,20.73218365,81.14335738,1.039434868,299.04,,2016-08-12
Chhattisgarh,Balod,Acute Diarrhoeal Disease,2016,41,32.0,0.0,20.73218365,81.14335738,0.3219874482,299.456,,2016-10-15
Chhattisgarh,Balod,Acute Diarrhoeal Disease,2017,24,101.0,0.0,20.73218365,81.14335738,0.4626178821,309.4866666,13.0,2017-06-13
Chhattisgarh,Balod,Acute Diarrhoeal Disease,2017,29,72.0,0.0,20.73218365,81.14335738,3.372722278,,4.0,2017-07-23
Chhattisgarh,Balod,Acute Diarrhoeal Disease,2018,11,72.0,0.0,20.73218365,81.14335738,0.08594004817,308.716,7.0,2018-03-18
Chhattisgarh,Balod,Acute Diarrhoeal Disease,2018,17,30.0,0.0,20.73218365,81.14335738,0.01524088485,313.1633334,9.0,2018-04-29
Chhattisgarh,Balod,Acute Diarrhoeal Disease,2019,28,65.0,0.0,20.73218365,81.14335738,0.9198799312,,2.0,2019-07-10
Chhattisgarh,Balod,Acute Diarrhoeal Disease,2019,44,30.0,0.0,20.73218365,81.14335738,0.3509587684,299.36,18.0,2019-11-02
Chhattisgarh,Balod,Acute Diarrhoeal Disease,2020,35,206.0,0.0,20.73218365,81.14335738,0.5967599863,295.88,6.0,2020-08-26
Chhattisgarh,Balod,Acute Diarrhoeal Disease,2022,24,8.0,1.0,20.73218365,81.14335738,0.09105455212,312.90000000000003,9.0,2022-06-15
Chhattisgarh,Balodabazar,Acute Diarrhoeal Disease,2016,26,90.0,0.0,21.6542,82.1739,0.3418091336,312.18,4.0,2016-07-01
Chhattisgarh,Balodabazar,Acute Diarrhoeal Disease,2016,27,12.0,0.0,21.6542,82.1739,2.031422976,,2.0,2016-07-08
Chhattisgarh,Balodabazar,Acute Diarrhoeal Disease,2016,28,77.0,0.0,21.6542,82.1739,0.89536451185,,3.0,2016-07-12
Chhattisgarh,Balodabazar,Acute Diarrhoeal Disease,2017,20,28.0,0.0,21.6542,82.1739,0.0007461644227,319.84000000000003,4.0,2017-05-21
Chhattisgarh,Balodabazar,Acute Diarrhoeal Disease,2017,32,28.0,0.0,21.6542,82.1739,0.37602886,304.04,6.0,2017-08-07
Chhattisgarh,Balodabazar,Acute Diarrhoeal Disease,2018,17,81.0,0.0,21.6542,82.1739,0.01325096373,316.9666666,,2018-04-23
Chhattisgarh,Balodabazar,Acute Diarrhoeal Disease,2018,20,54.0,0.0,21.6542,82.1739,0.0527545689,312.228,4.0,2018-05-18
Chhattisgarh,Balodabazar,Acute Diarrhoeal Disease,2018,21,103.0,0.0,21.6542,82.1739,0.02999619378,312.08,4.0,2018-05-23
Chhattisgarh,Balodabazar,Acute Diarrhoeal Disease,2019,28,47.0,0.0,21.6542,82.1739,0.6796365607,,1.0,2019-07-10
Chhattisgarh,Balodabazar,Acute Diarrhoeal Disease,2019,29,47.0,1.0,21.6542,82.1739,0.3093195747,310.42400000000004,7.0,2019-07-21
Chhattisgarh,Balodabazar,Acute Diarrhoeal Disease,2019,32,39.0,0.0,21.6542,82.1739,1.576523139,299.78000000000003,7.0,2019-08-11
Chhattisgarh,Balodabazar,Acute Diarrhoeal Disease,2019,42,19.0,2.0,21.6542,82.1739,0.2915577522,301.24,20.0,2019-10-20
Chhattisgarh,Balodabazar,Acute Diarrhoeal Disease,2020,2,6.0,0.0,21.6542,82.1739,0.2264525665,298.4666666,,2020-01-09
Chhattisgarh,Balrampur,Acute Diarrhoeal Disease,2016,27,17.0,2.0,23.6263016,83.48245092,0.9150496124,312.54,4.0,2016-07-06
Chhattisgarh,Balrampur,Acute Diarrhoeal Disease,2016,32,55.0,2.0,23.6263016,83.48245092,2.655794279,,4.0,2016-08-13
Chhattisgarh,Balrampur,Acute Diarrhoeal Disease,2019,36,32.0,4.0,23.6263016,83.48245092,0.5333334325,302.4666666,22.0,2019-09-02
Chhattisgarh,Balrampur,Acute Diarrhoeal Disease,2019,41,3.0,1.0,23.6263016,83.48245092,0.1906232152,299.85,29.0,2019-10-11
Chhattisgarh,Bastar,Acute Diarrhoeal Disease,2013,2,9.0,1.0,19.11912825,81.82918649,0.008912680621,301.8433334,10.0,2013-01-07
Chhattisgarh,Bastar,Acute Diarrhoeal Disease,2013,28,46.0,2.0,19.11912825,81.82918649,1.175589681,305.38,,2013-07-11
Chhattisgarh,Bastar,Acute Diarrhoeal Disease,2013,31,12.0,0.0,19.11912825,81.82918649,1.728970679,,2.0,2013-08-02
Chhattisgarh,Bastar,Acute Diarrhoeal Disease,2013,36,32.0,0.0,19.11912825,81.82918649,0.3277336823,304.26,21.0,2013-09-08
Chhattisgarh,Bastar,Acute Diarrhoeal Disease,2014,2,28.0,0.0,19.11912825,81.82918649,0.0004638725962,301.41,12.0,2014-01-10
Chhattisgarh,Bastar,Acute Diarrhoeal Disease,2016,38,8.0,2.0,19.11912825,81.82918649,0.6268291657,300.88,8.0,2016-09-24
Chhattisgarh,Bastar,Acute Diarrhoeal Disease,2017,33,26.0,5.0,19.11912825,81.82918649,0.8154084114,,8.0,2017-08-14
Chhattisgarh,Bastar,Acute Diarrhoeal Disease,2019,41,75.0,1.0,19.11912825,81.82918649,1.228526767,299.648,25.0,2019-10-13
Chhattisgarh,Bastar,Dengue,2016,29,6.0,0.0,19.11912825,81.82918649,0.2959212604,299.6,,2016-07-19
Chhattisgarh,Bastar,Dengue,2018,34,64.0,0.0,19.11912825,81.82918649,0.6504860088,298.52,8.0,2018-08-23
Chhattisgarh,Bastar,Dengue,2018,38,23.0,0.0,19.11912825,81.82918649,1.282190319,298.89,25.0,2018-09-23
Chhattisgarh,Bastar,Dengue,2018,43,5.0,0.0,19.11912825,81.82918649,0.001025961804,303.8333334,22.0,2018-10-22
Chhattisgarh,Bastar,Dengue,2018,48,5.0,0.0,19.11912825,81.82918649,5.01e-05,301.684,13.0,2018-11-26
Chhattisgarh,Bastar,Dengue,2018,50,5.0,0.0,19.11912825,81.82918649,0.005192771959,301.388,,2018-12-10
Chhattisgarh,Bastar,Dengue,2019,32,74.0,0.0,19.11912825,81.82918649,1.938439867,,6.0,2019-08-07
Chhattisgarh,Bastar,Malaria,2017,27,73.0,1.0,19.11912825,81.82918649,0.9983114652,,11.0,2017-07-05
Chhattisgarh,Bemetara,Acute Diarrhoeal Disease,2015,26,22.0,0.0,21.6783969,81.43047623,0.7141596569,310.08,4.0,2015-06-28
Chhattisgarh,Bemetara,Acute Diarrhoeal Disease,2015,37,39.0,0.0,21.6783969,81.43047623,0.1292542445,302.5366666,21.0,2015-09-09
Chhattisgarh,Bemetara,Acute Diarrhoeal Disease,2016,20,165.0,0.0,21.6783969,81.43047623,0.02992796302,315.644,4.0,2016-05-21
Chhattisgarh,Bemetara,Acute Diarrhoeal Disease,2016,27,85.0,0.0,21.6783969,81.43047623,1.887600829,307.1,1.0,2016-07-04
Chhattisgarh,Bemetara,Acute Diarrhoeal Disease,2016,36,129.0,0.0,21.6783969,81.43047623,0.2311609925,301.7,12.0,2016-09-11
Chhattisgarh,Bemetara,Acute Diarrhoeal Disease,2016,37,45.0,0.0,21.6783969,81.43047623,0.7694012882,300.5866666,17.0,2016-09-18
Chhattisgarh,Bemetara,Acute Diarrhoeal Disease,2017,20,33.0,0.0,21.6783969,81.43047623,0.008388124964,320.8333334,4.0,2017-05-19
Chhattisgarh,Bemetara,Acute Diarrhoeal Disease,2017,22,38.0,0.0,21.6783969,81.43047623,0.01681374946,322.748,4.0,2017-05-29
Chhattisgarh,Bemetara,Acute Diarrhoeal Disease,2017,24,157.0,1.0,21.6783969,81.43047623,0.2964260794,315.84000000000003,4.0,2017-06-14
Chhattisgarh,Bemetara,Acute Diarrhoeal Disease,2017,29,59.0,0.0,21.6783969,81.43047623,0.6899436639,,,2017-07-20
Chhattisgarh,Bemetara,Acute Diarrhoeal Disease,2017,32,48.0,0.0,21.6783969,81.43047623,0.551561137,,6.0,2017-08-08
Chhattisgarh,Bemetara,Acute Diarrhoeal Disease,2017,38,15.0,0.0,21.6783969,81.43047623,1.296176135,297.84000000000003,21.0,2017-09-23
Chhattisgarh,Bemetara,Acute Diarrhoeal Disease,2018,24,24.0,0.0,21.6783969,81.43047623,1.051271553,314.55,4.0,2018-06-12
Chhattisgarh,Bemetara,Acute Diarrhoeal Disease,2018,38,107.0,0.0,21.6783969,81.43047623,0.01991349118,303.92,21.0,2018-09-17
Chhattisgarh,Bilaspur,AES,2011,29,5.0,4.0,21.98934025,82.10996499,1.152365277,,8.0,2011-07-21
Chhattisgarh,Bilaspur,Acute Diarrhoeal Disease,2009,27,17.0,15.0,21.98934025,82.10996499,0.5489886799,315.74,2.0,2009-06-30
Chhattisgarh,Bilaspur,Acute Diarrhoeal Disease,2011,28,46.0,0.0,21.98934025,82.10996499,0.6851938108,,,2011-07-11
Chhattisgarh,Bilaspur,Acute Diarrhoeal Disease,2011,33,21.0,0.0,21.98934025,82.10996499,1.207808455,,5.0,2011-08-19
Chhattisgarh,Bilaspur,Acute Diarrhoeal Disease,2011,35,11.0,1.0,21.98934025,82.10996499,1.121978067,300.7,6.0,2011-09-02
Chhattisgarh,Bilaspur,Acute Diarrhoeal Disease,2011,36,28.0,2.0,21.98934025,82.10996499,2.283884039,297.66,16.0,2011-09-11
Chhattisgarh,Bilaspur,Acute Diarrhoeal Disease,2011,38,15.0,0.0,21.98934025,82.10996499,0.677762426,298.98,25.0,2011-09-23
Chhattisgarh,Bilaspur,Acute Diarrhoeal Disease,2011,41,26.0,0.0,21.98934025,82.10996499,0.06903762196,302.19333340000003,22.0,2011-10-10
Chhattisgarh,Bilaspur,Acute Diarrhoeal Disease,2013,32,43.0,0.0,21.98934025,82.10996499,0.4016766318,,4.0,2013-08-07
Chhattisgarh,Bilaspur,Acute Diarrhoeal Disease,2016,24,96.0,0.0,21.98934025,82.10996499,0.1118283955,317.5,4.0,2016-06-13
Chhattisgarh,Bilaspur,Acute Diarrhoeal Disease,2016,29,66.0,0.0,21.98934025,82.10996499,1.002114789,,,2016-07-18
Chhattisgarh,Bilaspur,Acute Diarrhoeal Disease,2017,23,558.0,0.0,21.98934025,82.10996499,0.1023700904,314.84000000000003,4.0,2017-06-11
Chhattisgarh,Bilaspur,Acute Diarrhoeal Disease,2017,30,5.0,2.0,21.98934025,82.10996499,1.554666691,,3.0,2017-07-25
Chhattisgarh,Bilaspur,Malaria,2011,45,53.0,0.0,21.98934025,82.10996499,4.76e-05,303.652,,2011-11-08
Chhattisgarh,Dhamtari,Acute Diarrhoeal Disease,2011,34,20.0,1.0,20.7084545,81.5481305,1.073780256,301.28000000000003,,2011-08-28
Chhattisgarh,Dhamtari,Acute Diarrhoeal Disease,2011,36,94.0,0.0,20.7084545,81.5481305,1.051307836,298.54,,2011-09-05
Chhattisgarh,Dhamtari,Acute Diarrhoeal Disease,2011,38,98.0,0.0,20.7084545,81.5481305,1.069376386,,12.0,2011-09-20
Chhattisgarh,Dhamtari,Acute Diarrhoeal Disease,2012,29,50.0,0.0,20.7084545,81.5481305,1.014037504,,,2012-07-19
Chhattisgarh,Dhamtari,Acute Diarrhoeal Disease,2012,30,66.0,0.0,20.7084545,81.5481305,2.540265802,,,2012-07-27
Chhattisgarh,Dhamtari,Acute Diarrhoeal Disease,2012,31,29.0,0.0,20.7084545,81.5481305,1.530337345,,,2012-08-04
Chhattisgarh,Dhamtari,Acute Diarrhoeal Disease,2012,33,36.0,0.0,20.7084545,81.5481305,0.4065612146,299.84000000000003,9.0,2012-08-18
Chhattisgarh,Dhamtari,Acute Diarrhoeal Disease,2012,34,21.0,0.0,20.7084545,81.5481305,0.2854035683,298.58,14.0,2012-08-25
Chhattisgarh,Dhamtari,Acute Diarrhoeal Disease,2012,49,22.0,0.0,20.7084545,81.5481305,0.0007352574346,299.6266666,9.0,2012-12-07
Chhattisgarh,Dhamtari,Acute Diarrhoeal Disease,2013,29,48.0,0.0,20.7084545,81.5481305,1.242766732,,4.0,2013-07-15
Chhattisgarh,Dhamtari,Acute Diarrhoeal Disease,2013,32,21.0,0.0,20.7084545,81.5481305,1.337242309,300.12,3.0,2013-08-06
Chhattisgarh,Dhamtari,Acute Diarrhoeal Disease,2013,46,34.0,0.0,20.7084545,81.5481305,5.33e-05,299.08,,2013-11-16
Chhattisgarh,Dhamtari,Acute Diarrhoeal Disease,2014,26,87.0,0.0,20.7084545,81.5481305,1.069202183,309.74,9.0,2014-06-24
Chhattisgarh,Dhamtari,Acute Diarrhoeal Disease,2014,29,84.0,0.0,20.7084545,81.5481305,1.122768677,307.2,0.0,2014-07-14
Chhattisgarh,Dhamtari,Acute Diarrhoeal Disease,2015,39,38.0,0.0,20.7084545,81.5481305,0.8140111977,301.66,29.0,2015-09-24
Chhattisgarh,Dhamtari,Acute Diarrhoeal Disease,2016,20,236.0,0.0,20.7084545,81.5481305,0.03186012162,314.736,9.0,2016-05-18
Chhattisgarh,Dhamtari,Acute Diarrhoeal Disease,2016,29,88.0,0.0,20.7084545,81.5481305,0.5484403319,,9.0,2016-07-20
Chhattisgarh,Dhamtari,Acute Diarrhoeal Disease,2016,32,15.0,0.0,20.7084545,81.5481305,3.150080992,,8.0,2016-08-08
Chhattisgarh,Dhamtari,Acute Diarrhoeal Disease,2016,38,83.0,0.0,20.7084545,81.5481305,0.9779547797,298.90000000000003,,2016-09-20
Chhattisgarh,Dhamtari,Acute Diarrhoeal Disease,2016,44,153.0,0.0,20.7084545,81.5481305,0.0198385369,300.5266666,,2016-10-31
Chhattisgarh,Dhamtari,Acute Diarrhoeal Disease,2019,32,15.0,0.0,20.7084545,81.5481305,0.8507147588,,10.0,2019-08-06
Chhattisgarh,Dhamtari,Acute Diarrhoeal Disease,2020,3,169.0,0.0,20.7084545,81.5481305,4.68e-05,298.56,,2020-01-17
Chhattisgarh,Durg,Acute Diarrhoeal Disease,2011,37,24.0,0.0,21.19903535,81.39795456,0.5040832186,299.16,14.0,2011-09-15
Chhattisgarh,Durg,Acute Diarrhoeal Disease,2011,38,52.0,0.0,21.19903535,81.39795456,0.8552319472,298.79,14.0,2011-09-19
Chhattisgarh,Durg,Acute Diarrhoeal Disease,2015,26,22.0,0.0,21.19903535,81.39795456,1.081352977,,5.0,2015-06-28
Chhattisgarh,Durg,Acute Diarrhoeal Disease,2016,22,20.0,0.0,21.19903535,81.39795456,0.03340775887,318.36333340000004,,2016-06-01
Chhattisgarh,Durg,Acute Diarrhoeal Disease,2016,27,200.0,0.0,21.19903535,81.39795456,1.746788107,,,2016-07-10
Chhattisgarh,Durg,Acute Diarrhoeal Disease,2018,17,22.0,0.0,21.19903535,81.39795456,0.0118431258,315.81333340000003,6.0,2018-04-29
Chhattisgarh,Durg,Acute Diarrhoeal Disease,2019,14,15.0,0.0,21.19903535,81.39795456,0.001338561477,311.3833334,7.0,2019-04-01
Chhattisgarh,Durg,Acute Diarrhoeal Disease,2019,30,40.0,0.0,21.19903535,81.39795456,0.4978949548,308.13,8.0,2019-07-22
Chhattisgarh,Durg,Cholera,2012,44,579.0,1.0,21.19903535,81.39795456,0.0001745259642,302.708,,2012-10-30
Chhattisgarh,Durg,Dengue,2013,18,67.0,0.0,21.19903535,81.39795456,0.03644856416,315.5,,2013-05-01
Chhattisgarh,Gariyaband,Acute Diarrhoeal Disease,2016,30,64.0,3.0,20.52684285,82.187831,1.054114344,300.96,,2016-07-27
Chhattisgarh,Gariyaband,Acute Diarrhoeal Disease,2016,32,16.0,0.0,20.52684285,82.187831,0.6697603062,299.86,,2016-08-12
Chhattisgarh,Gariyaband,Acute Diarrhoeal Disease,2016,38,21.0,1.0,20.52684285,82.187831,0.6507103873,299.25,14.0,2016-09-19
Chhattisgarh,Gariyaband,Acute Diarrhoeal Disease,2016,39,13.0,1.0,20.52684285,82.187831,1.008695578,299.56,,2016-09-29
Chhattisgarh,Gariyaband,Acute Diarrhoeal Disease,2017,9,55.0,0.0,20.52684285,82.187831,8.38e-05,306.12,10.0,2017-03-01
Chhattisgarh,Gariyaband,Acute Diarrhoeal Disease,2017,16,15.0,0.0,20.52684285,82.187831,0.005558159937,314.34000000000003,10.0,2017-04-21
Chhattisgarh,Gariyaband,Acute Diarrhoeal Disease,2020,17,21.0,0.0,20.52684285,82.187831,0.06504547658,309.4766666,13.0,2020-04-26
Chhattisgarh,Gariyaband,Acute Diarrhoeal Disease,2022,19,33.0,0.0,20.52684285,82.187831,0.1969795804,307.805,11.0,2022-05-13
Chhattisgarh,Janjgir,Acute Diarrhoeal Disease,2011,29,28.0,0.0,22.0090841,82.578896,2.336366805,284.44,11.0,2011-07-24
Chhattisgarh,Janjgir,Acute Diarrhoeal Disease,2011,31,15.0,0.0,22.0090841,82.578896,0.6284418779,301.59000000000003,,2011-08-05
Chhattisgarh,Janjgir,Acute Diarrhoeal Disease,2011,35,14.0,0.0,22.0090841,82.578896,0.8707962447,300.28000000000003,12.0,2011-09-02
Chhattisgarh,Janjgir,Acute Diarrhoeal Disease,2011,36,20.0,0.0,22.0090841,82.578896,2.100668822,299.1,12.0,2011-09-09
Chhattisgarh,Janjgir,Acute Diarrhoeal Disease,2011,37,24.0,0.0,22.0090841,82.578896,1.118166834,299.18,,2011-09-14
Chhattisgarh,Janjgir,Acute Diarrhoeal Disease,2012,26,68.0,0.0,22.0090841,82.578896,0.04484885675,303.288,14.0,2012-07-01
Chhattisgarh,Janjgir,Acute Diarrhoeal Disease,2012,29,72.0,0.0,22.0090841,82.578896,1.684102454,302.54,,2012-07-18
Chhattisgarh,Janjgir,Acute Diarrhoeal Disease,2012,30,32.0,0.0,22.0090841,82.578896,0.8220180139,298.8,6.0,2012-07-23
Chhattisgarh,Janjgir,Acute Diarrhoeal Disease,2012,32,46.0,0.0,22.0090841,82.578896,2.5319286645,,2.0,2012-08-07
Chhattisgarh,Janjgir,Acute Diarrhoeal Disease,2012,35,53.0,0.0,22.0090841,82.578896,0.9206269879,302.2825,16.0,2012-08-28
Chhattisgarh,Janjgir,Acute Diarrhoeal Disease,2012,36,15.0,0.0,22.0090841,82.578896,0.8135025513,300.3,9.0,2012-09-08
Chhattisgarh,Janjgir,Acute Diarrhoeal Disease,2012,39,47.0,0.0,22.0090841,82.578896,0.3958245963,301.68,27.0,2012-09-26
Chhattisgarh,Janjgir,Acute Diarrhoeal Disease,2013,31,18.0,0.0,22.0090841,82.578896,1.644637493,300.06,10.0,2013-07-31
Chhattisgarh,Janjgir,Acute Diarrhoeal Disease,2013,37,13.0,0.0,22.0090841,82.578896,0.4382272044,302.624,22.0,2013-09-10
Chhattisgarh,Janjgir,Acute Diarrhoeal Disease,2013,41,18.0,0.0,22.0090841,82.578896,0.5875757856,299.81333340000003,21.0,2013-10-12
Chhattisgarh,Janjgir,Acute Diarrhoeal Disease,2014,27,16.0,0.0,22.0090841,82.578896,0.2147434685,305.1466666,13.0,2014-07-01
Chhattisgarh,Janjgir,Acute Diarrhoeal Disease,2014,29,55.0,0.0,22.0090841,82.578896,1.287397206,300.6733334,12.0,2014-07-17
Chhattisgarh,Janjgir,Acute Diarrhoeal Disease,2014,30,13.0,0.0,22.0090841,82.578896,1.417808924,,4.0,2014-07-24
Chhattisgarh,Janjgir,Acute Diarrhoeal Disease,2014,31,25.0,0.0,22.0090841,82.578896,0.5344875007,300.86,,2014-07-28
Chhattisgarh,Janjgir,Acute Diarrhoeal Disease,2014,32,20.0,0.0,22.0090841,82.578896,1.589078257,300.38,5.0,2014-08-10
Chhattisgarh,Janjgir,Acute Diarrhoeal Disease,2015,18,11.0,0.0,22.0090841,82.578896,0.05244086327,308.98,10.0,2015-05-03
Chhattisgarh,Janjgir,Acute Diarrhoeal Disease,2015,30,19.0,0.0,22.0090841,82.578896,0.7000451423,,12.0,2015-07-25
Chhattisgarh,Janjgir,Acute Diarrhoeal Disease,2015,34,34.0,0.0,22.0090841,82.578896,1.238558853,295.58,8.0,2015-08-19
Chhattisgarh,Janjgir,Acute Diarrhoeal Disease,2015,45,50.0,0.0,22.0090841,82.578896,0.1364586965,300.188,13.0,2015-11-04
Chhattisgarh,Janjgir,Acute Diarrhoeal Disease,2016,29,46.0,0.0,22.0090841,82.578896,1.255811187,,6.0,2016-07-22
Chhattisgarh,Janjgir,Acute Diarrhoeal Disease,2016,31,26.0,3.0,22.0090841,82.578896,0.4573220817,299.84000000000003,9.0,2016-08-02
Chhattisgarh,Janjgir,Acute Diarrhoeal Disease,2016,32,5.0,1.0,22.0090841,82.578896,1.199891521,,,2016-08-11
Chhattisgarh,Janjgir,Acute Diarrhoeal Disease,2016,33,27.0,0.0,22.0090841,82.578896,1.779043412,,2.0,2016-08-16
Chhattisgarh,Janjgir,Acute Diarrhoeal Disease,2016,34,17.0,0.0,22.0090841,82.578896,0.9290470788,296.40000000000003,12.0,2016-08-22
Chhattisgarh,Janjgir,Acute Diarrhoeal Disease,2016,37,49.0,0.0,22.0090841,82.578896,0.8993417369,300.12,21.0,2016-09-16
Chhattisgarh,Janjgir,Acute Diarrhoeal Disease,2016,39,26.0,0.0,22.0090841,82.578896,0.5138602712,300.93333340000004,13.0,2016-09-26
Chhattisgarh,Janjgir,Acute Diarrhoeal Disease,2017,21,17.0,0.0,22.0090841,82.578896,0.0006542746898,315.7933334,,2017-05-25
Chhattisgarh,Janjgir,Acute Diarrhoeal Disease,2017,30,33.0,0.0,22.0090841,82.578896,2.251508933,,4.0,2017-07-25
Chhattisgarh,Janjgir,Acute Diarrhoeal Disease,2018,22,38.0,0.0,22.0090841,82.578896,0.068988678695,310.546,10.0,2018-05-29
Chhattisgarh,Janjgir,Acute Diarrhoeal Disease,2019,17,19.0,0.0,22.0090841,82.578896,0.0421244447,311.81,9.0,2019-04-26
Chhattisgarh,Janjgir,Acute Diarrhoeal Disease,2019,24,24.0,0.0,22.0090841,82.578896,0.002878310014,310.2966666,,2019-06-10
Chhattisgarh,Janjgir,Acute Diarrhoeal Disease,2019,27,72.0,0.0,22.0090841,82.578896,2.433206485,304.44,,2019-07-04
Chhattisgarh,Janjgir,Acute Diarrhoeal Disease,2019,28,13.0,0.0,22.0090841,82.578896,0.5441624484,303.08,17.0,2019-07-14
Chhattisgarh,Janjgir,Acute Diarrhoeal Disease,2019,33,39.0,0.0,22.0090841,82.578896,1.433943517,297.75,,2019-08-13
Chhattisgarh,Janjgir,Acute Diarrhoeal Disease,2019,34,17.0,0.0,22.0090841,82.578896,0.7664546698,300.88,,2019-08-21
Chhattisgarh,Janjgir,Acute Diarrhoeal Disease,2019,37,23.0,0.0,22.0090841,82.578896,0.9461408386,,16.0,2019-09-15
Chhattisgarh,Janjgir,Acute Diarrhoeal Disease,2019,38,11.0,0.0,22.0090841,82.578896,0.8858427815,300.82,16.0,2019-09-16
Chhattisgarh,Janjgir,Acute Diarrhoeal Disease,2019,50,30.0,0.0,22.0090841,82.578896,9.38e-06,296.43,,2019-12-11
Chhattisgarh,Janjgir,Cholera,2011,34,20.0,0.0,22.0090841,82.578896,2.216261841,299.54,15.0,2011-08-22
Chhattisgarh,Janjgir,Cholera,2011,35,20.0,0.0,22.0090841,82.578896,0.7828987152,300.28000000000003,12.0,2011-09-03
Chhattisgarh,Janjgir,Cholera,2016,31,28.0,0.0,22.0090841,82.578896,1.971929241,297.12,2.0,2016-08-07
Chhattisgarh,Janjgir,Cholera,2016,36,195.0,0.0,22.0090841,82.578896,0.804016912,299.02,7.0,2016-09-06
Chhattisgarh,Janjgir,Malaria,2011,28,35.0,0.0,22.0090841,82.578896,0.6866423832,299.2933334,6.0,2011-07-16
Chhattisgarh,Janjgir,Malaria,2011,38,12.0,1.0,22.0090841,82.578896,0.8960371528,299.74,26.0,2011-09-24
Chhattisgarh,Janjgir,Malaria,2012,31,21.0,0.0,22.0090841,82.578896,0.8660950666,,2.0,2012-07-31
Chhattisgarh,Janjgir,Malaria,2013,30,97.0,0.0,22.0090841,82.578896,1.233917148,301.62,,2013-07-27
Chhattisgarh,Janjgir,Malaria,2014,34,196.0,0.0,22.0090841,82.578896,0.1893889005,300.752,14.0,2014-08-22
Chhattisgarh,Janjgir,Malaria,2016,38,12.0,0.0,22.0090841,82.578896,0.4893468785,299.744,13.0,2016-09-22
Chhattisgarh,Janjgir Champa,Acute Diarrhoeal Disease,2022,18,57.0,0.0,21.9671264,82.66472425,0.003964035342,311.408,9.0,2022-05-07
Chhattisgarh,Janjgir Champa,Acute Diarrhoeal Disease,2022,21,33.0,0.0,21.9671264,82.66472425,0.01173879236,311.144,9.0,2022-05-23
Chhattisgarh,Jashpur,Acute Diarrhoeal Disease,2011,34,10.0,1.0,22.76678355,83.95304519,0.7170336687,299.90000000000003,14.0,2011-08-22
Chhattisgarh,Jashpur,Acute Diarrhoeal Disease,2013,33,64.0,1.0,22.76678355,83.95304519,1.198307378,,,2013-08-13
Chhattisgarh,Jashpur,Acute Diarrhoeal Disease,2013,34,15.0,1.0,22.76678355,83.95304519,1.214328124,,15.0,2013-08-24
Chhattisgarh,Jashpur,Acute Diarrhoeal Disease,2016,29,3.0,3.0,22.76678355,83.95304519,1.683144893,,8.0,2016-07-21
Chhattisgarh,Jashpur,Acute Diarrhoeal Disease,2017,25,14.0,0.0,22.76678355,83.95304519,0.6275276376,307.46,14.0,2017-06-22
Chhattisgarh,Jashpur,Acute Diarrhoeal Disease,2018,38,14.0,0.0,22.76678355,83.95304519,0.3131990707,301.645,23.0,2018-09-19
Chhattisgarh,Jashpur,Acute Diarrhoeal Disease,2022,23,12.0,0.0,22.76678355,83.95304519,0.002634188494,307.896,15.0,2022-06-07
Chhattisgarh,Kanker,Acute Diarrhoeal Disease,2019,16,104.0,0.0,20.1270026,80.98109349,0.04790943286,312.764,9.0,2019-04-17
Chhattisgarh,Kawardha,Acute Diarrhoeal Disease,2017,19,30.0,0.0,22.0059254,81.2332055,0.06346998891,316.28400000000005,4.0,2017-05-13
Chhattisgarh,Kawardha,Acute Diarrhoeal Disease,2017,29,27.0,0.0,22.0059254,81.2332055,0.8429891701,,3.0,2017-07-21
Chhattisgarh,Kawardha,Acute Diarrhoeal Disease,2017,38,29.0,0.0,22.0059254,81.2332055,0.5352976868,302.99,16.0,2017-09-19
Chhattisgarh,Kawardha,Acute Diarrhoeal Disease,2019,26,10.0,0.0,22.0059254,81.2332055,0.2134299573,317.0066666,4.0,2019-06-24
Chhattisgarh,Kawardha,Acute Diarrhoeal Disease,2019,33,11.0,0.0,22.0059254,81.2332055,1.24555065,301.22,11.0,2019-08-16
Chhattisgarh,Kawardha,Acute Diarrhoeal Disease,2019,34,9.0,0.0,22.0059254,81.2332055,0.5172566964,299.6333334,,2019-08-21
Chhattisgarh,Kawardha,Acute Diarrhoeal Disease,2019,39,6.0,0.0,22.0059254,81.2332055,0.6650936986,300.512,13.0,2019-09-23
Chhattisgarh,Kawardha,Cholera,2011,25,74.0,1.0,22.0059254,81.2332055,0.7844003495,304.56,5.0,2011-06-21
Chhattisgarh,Kondagaon,Acute Diarrhoeal Disease,2016,29,7.0,1.0,19.5885769,81.6628742,0.5167184995,,5.0,2016-07-20
Chhattisgarh,Kondagaon,Acute Diarrhoeal Disease,2017,1,30.0,0.0,19.5885769,81.6628742,7.28e-05,300.2666666,14.0,2017-01-03
Chhattisgarh,Kondagaon,Acute Diarrhoeal Disease,2017,22,17.0,1.0,19.5885769,81.6628742,0.06359775424,313.58,12.0,2017-05-31
Chhattisgarh,Korba,Acute Diarrhoeal Disease,2011,21,17.0,0.0,22.3547468,82.7110855,0.008465848586,311.876,9.0,2011-05-29
Chhattisgarh,Korba,Acute Diarrhoeal Disease,2011,23,14.0,0.0,22.3547468,82.7110855,0.1499607163,311.99,8.0,2011-06-11
Chhattisgarh,Korba,Acute Diarrhoeal Disease,2011,25,148.0,1.0,22.3547468,82.7110855,2.57165078,304.86,8.0,2011-06-21
Chhattisgarh,Korba,Acute Diarrhoeal Disease,2012,31,23.0,1.0,22.3547468,82.7110855,0.8781455194,,2.0,2012-08-01
Chhattisgarh,Korba,Acute Diarrhoeal Disease,2013,36,25.0,0.0,22.3547468,82.7110855,0.7882824546,301.84000000000003,22.0,2013-09-08
Chhattisgarh,Korba,Acute Diarrhoeal Disease,2013,52,13.0,0.0,22.3547468,82.7110855,4.78e-05,296.4966666,8.0,2013-12-23
Chhattisgarh,Korba,Acute Diarrhoeal Disease,2016,34,16.0,0.0,22.3547468,82.7110855,0.8309448543,296.40000000000003,,2016-08-27
Chhattisgarh,Korba,Acute Diarrhoeal Disease,2016,36,56.0,0.0,22.3547468,82.7110855,0.7082834696,299.02,7.0,2016-09-07
Chhattisgarh,Korba,Acute Diarrhoeal Disease,2017,30,58.0,0.0,22.3547468,82.7110855,1.630682322,,6.0,2017-07-30
Chhattisgarh,Korba,Acute Diarrhoeal Disease,2017,31,43.0,0.0,22.3547468,82.7110855,1.471739798,,6.0,2017-07-31
Chhattisgarh,Korba,Acute Diarrhoeal Disease,2018,41,41.0,0.0,22.3547468,82.7110855,0.003324239414,304.132,,2018-10-08
Chhattisgarh,Korba,Cholera,2016,29,7.0,2.0,22.3547468,82.7110855,1.362877675,288.5,,2016-07-18
Chhattisgarh,Korba,Dengue,2009,38,6.0,3.0,22.3547468,82.7110855,0.01548100882,301.62333340000004,25.0,2009-09-20
Chhattisgarh,Korba,Malaria,2013,20,79.0,0.0,22.3547468,82.7110855,0.005121333871,314.0833334,,2013-05-17
Chhattisgarh,Korba,Malaria,2013,28,49.0,0.0,22.3547468,82.7110855,0.968520359,299.89,6.0,2013-07-13
Chhattisgarh,Korba,Malaria,2013,41,36.0,0.0,22.3547468,82.7110855,0.5125654173,299.81333340000003,21.0,2013-10-13
Chhattisgarh,Koriya,Dengue,2012,31,304.0,3.0,23.4316014,82.31383043,0.8984590789,,2.0,2012-08-02
Chhattisgarh,Koriya,Malaria,2015,29,434.0,0.0,23.4316014,82.31383043,1.124761202,301.66,14.0,2015-07-14
Chhattisgarh,Koriya,Malaria,2016,27,367.0,0.0,23.4316014,82.31383043,1.587052989,,3.0,2016-07-08
Chhattisgarh,Mahasamund,Acute Diarrhoeal Disease,2011,27,70.0,0.0,21.1882332,82.48484762,0.195885137,307.04,7.0,2011-07-05
Chhattisgarh,Mahasamund,Acute Diarrhoeal Disease,2011,32,23.0,0.0,21.1882332,82.48484762,0.7175688211,,10.0,2011-08-14
Chhattisgarh,Mahasamund,Acute Diarrhoeal Disease,2012,30,153.0,2.0,21.1882332,82.48484762,1.011977099,,,2012-07-27
Chhattisgarh,Mahasamund,Acute Diarrhoeal Disease,2012,31,90.0,2.0,21.1882332,82.48484762,1.149580123,,0.0,2012-08-01
Chhattisgarh,Mahasamund,Acute Diarrhoeal Disease,2012,32,319.0,6.0,21.1882332,82.48484762,1.3941398325,,6.0,2012-08-06
Chhattisgarh,Mahasamund,Acute Diarrhoeal Disease,2012,33,26.0,1.0,21.1882332,82.48484762,0.4093693328,301.74,10.0,2012-08-13
Chhattisgarh,Mahasamund,Acute Diarrhoeal Disease,2013,29,16.0,1.0,21.1882332,82.48484762,0.6609109955,302.06,3.0,2013-07-16
Chhattisgarh,Mahasamund,Acute Diarrhoeal Disease,2014,30,75.0,1.0,21.1882332,82.48484762,2.914870589,,4.0,2014-07-23
Chhattisgarh,Mahasamund,Acute Diarrhoeal Disease,2014,31,13.0,0.0,21.1882332,82.48484762,1.320361566,,3.0,2014-08-01
Chhattisgarh,Mahasamund,Acute Diarrhoeal Disease,2015,24,16.0,0.0,21.1882332,82.48484762,0.1008011458,306.615,8.0,2015-06-11
Chhattisgarh,Mahasamund,Acute Diarrhoeal Disease,2015,25,33.0,0.0,21.1882332,82.48484762,0.478057921,307.01,9.0,2015-06-19
Chhattisgarh,Mahasamund,Acute Diarrhoeal Disease,2015,27,17.0,0.0,21.1882332,82.48484762,0.298851477,302.1,11.0,2015-07-01
Chhattisgarh,Mahasamund,Acute Diarrhoeal Disease,2016,23,19.0,0.0,21.1882332,82.48484762,0.1701469803,314.396,7.0,2016-06-10
Chhattisgarh,Mahasamund,Acute Diarrhoeal Disease,2016,26,42.0,0.0,21.1882332,82.48484762,0.3833894414,306.7,6.0,2016-06-30
Chhattisgarh,Mahasamund,Acute Diarrhoeal Disease,2016,29,38.0,2.0,21.1882332,82.48484762,0.6850587082,,6.0,2016-07-22
Chhattisgarh,Mahasamund,Acute Diarrhoeal Disease,2017,29,44.0,0.0,21.1882332,82.48484762,0.9376933728,,4.0,2017-07-23
Chhattisgarh,Mahasamund,Acute Diarrhoeal Disease,2019,21,34.0,0.0,21.1882332,82.48484762,0.01405675225,317.456,7.0,2019-05-23
Chhattisgarh,Mahasamund,Cholera,2011,36,38.0,0.0,21.1882332,82.48484762,2.325341804,,16.0,2011-09-09
Chhattisgarh,Mahasamund,Cholera,2014,28,46.0,1.0,21.1882332,82.48484762,0.2332988021,302.1533334,,2014-07-12
Chhattisgarh,Mahasamund,Cholera,2017,33,39.0,0.0,21.1882332,82.48484762,0.4004477981,301.44,10.0,2017-08-16
Chhattisgarh,Mahasamund,Malaria,2011,31,108.0,3.0,21.1882332,82.48484762,0.5081194295,304.08,,2011-08-05
Chhattisgarh,Mahasamund,Malaria,2015,46,97.0,0.0,21.1882332,82.48484762,6.99e-05,301.7966666,12.0,2015-11-15
Chhattisgarh,Mahasamund,Malaria,2017,26,13.0,0.0,21.1882332,82.48484762,1.129699366,304.74,1.0,2017-06-28
Chhattisgarh,Mungeli,Acute Diarrhoeal Disease,2015,26,66.0,0.0,22.0661098,81.6874282,0.9587710593,303.84000000000003,13.0,2015-06-27
Chhattisgarh,Narayanpur,Cholera,2013,37,66.0,19.0,19.5842032,81.11369855,0.7666694201,301.8,20.0,2013-09-10
Chhattisgarh,Raigarh,Acute Diarrhoeal Disease,2011,35,103.0,1.0,22.5,83.5,1.033275074,300.0,13.0,2011-09-04
Chhattisgarh,Raigarh,Acute Diarrhoeal Disease,2011,45,12.0,0.0,22.5,83.5,4.76e-05,302.4533334,,2011-11-08
Chhattisgarh,Raigarh,Acute Diarrhoeal Disease,2012,7,99.0,0.0,22.5,83.5,0.05914072873,297.948,8.0,2012-02-16
Chhattisgarh,Raigarh,Acute Diarrhoeal Disease,2012,21,33.0,1.0,22.5,83.5,9.2e-05,316.0466666,8.0,2012-05-27
Chhattisgarh,Raigarh,Acute Diarrhoeal Disease,2012,25,10.0,0.0,22.5,83.5,1.203182234,309.24,6.0,2012-06-20
Chhattisgarh,Raigarh,Acute Diarrhoeal Disease,2012,29,91.0,0.0,22.5,83.5,1.393005051,302.46,10.0,2012-07-16
Chhattisgarh,Raigarh,Acute Diarrhoeal Disease,2012,31,93.0,0.0,22.5,83.5,2.14985145,,,2012-08-04
Chhattisgarh,Raigarh,Acute Diarrhoeal Disease,2013,31,105.0,0.0,22.5,83.5,0.9675657568,,11.0,2013-07-30
Chhattisgarh,Raigarh,Acute Diarrhoeal Disease,2013,33,50.0,0.0,22.5,83.5,0.7656037381499999,301.0,10.0,2013-08-12
Chhattisgarh,Raigarh,Acute Diarrhoeal Disease,2014,26,33.0,0.0,22.5,83.5,0.3566564813,305.25,11.0,2014-06-28
Chhattisgarh,Raigarh,Acute Diarrhoeal Disease,2014,27,23.0,0.0,22.5,83.5,0.5201143487,306.2866666,11.0,2014-06-30
Chhattisgarh,Raigarh,Acute Diarrhoeal Disease,2014,30,24.0,0.0,22.5,83.5,1.231890037,,6.0,2014-07-25
Chhattisgarh,Raigarh,Acute Diarrhoeal Disease,2014,31,14.0,0.0,22.5,83.5,0.6348217062,301.40000000000003,11.0,2014-07-31
Chhattisgarh,Raigarh,Acute Diarrhoeal Disease,2014,34,86.0,0.0,22.5,83.5,0.5656565706,301.74444446666666,14.5,2014-08-18
Chhattisgarh,Raigarh,Acute Diarrhoeal Disease,2014,51,27.0,0.0,22.5,83.5,0.002586469478,298.8666666,11.0,2014-12-15
Chhattisgarh,Raigarh,Acute Diarrhoeal Disease,2015,38,29.0,0.0,22.5,83.5,0.1014175756,303.40000000000003,,2015-09-14
Chhattisgarh,Raigarh,Acute Diarrhoeal Disease,2016,17,22.0,1.0,22.5,83.5,0.02245249993,315.2366666,7.0,2016-05-01
Chhattisgarh,Raigarh,Acute Diarrhoeal Disease,2016,24,32.0,0.0,22.5,83.5,0.1649417161,309.976,8.0,2016-06-13
Chhattisgarh,Raigarh,Acute Diarrhoeal Disease,2016,25,39.0,0.0,22.5,83.5,0.8591524321,312.08,7.0,2016-06-22
Chhattisgarh,Raigarh,Acute Diarrhoeal Disease,2016,27,54.0,0.0,22.5,83.5,1.99004548,310.52,2.0,2016-07-06
Chhattisgarh,Raigarh,Acute Diarrhoeal Disease,2016,28,48.0,0.0,22.5,83.5,0.2708104292,,2.0,2016-07-14
Chhattisgarh,Raigarh,Acute Diarrhoeal Disease,2016,29,11.0,0.0,22.5,83.5,1.544574247,,,2016-07-18
Chhattisgarh,Raigarh,Acute Diarrhoeal Disease,2016,30,46.0,0.0,22.5,83.5,0.9955129383000001,304.48,11.0,2016-07-26
Chhattisgarh,Raigarh,Acute Diarrhoeal Disease,2016,33,41.0,0.0,22.5,83.5,1.32562742,300.22,7.0,2016-08-15
Chhattisgarh,Raigarh,Acute Diarrhoeal Disease,2016,36,72.0,0.0,22.5,83.5,0.496173473,,7.0,2016-09-10
Chhattisgarh,Raigarh,Acute Diarrhoeal Disease,2017,24,47.0,0.0,22.5,83.5,0.2771768348,310.495,9.0,2017-06-16
Chhattisgarh,Raigarh,Acute Diarrhoeal Disease,2017,27,53.0,0.0,22.5,83.5,1.227789934,,,2017-07-04
Chhattisgarh,Raigarh,Acute Diarrhoeal Disease,2017,28,22.0,0.0,22.5,83.5,0.4839305235,,4.0,2017-07-10
Chhattisgarh,Raigarh,Acute Diarrhoeal Disease,2017,29,25.0,0.0,22.5,83.5,0.7299221628,303.66,,2017-07-19
Chhattisgarh,Raigarh,Acute Diarrhoeal Disease,2018,26,49.0,0.0,22.5,83.5,0.6621628154,,4.0,2018-06-29
Chhattisgarh,Raigarh,Acute Diarrhoeal Disease,2018,52,25.0,0.0,22.5,83.5,7.48e-05,295.55,,2018-12-26
Chhattisgarh,Raigarh,Acute Diarrhoeal Disease,2019,40,50.0,0.0,22.5,83.5,1.919368747,298.56,20.0,2019-10-03
Chhattisgarh,Raigarh,Acute Diarrhoeal Disease,2019,41,13.0,0.0,22.5,83.5,0.4807606705,298.735,25.0,2019-10-10
Chhattisgarh,Raigarh,Acute Diarrhoeal Disease,2019,46,74.0,0.0,22.5,83.5,0.0009846442116,298.78000000000003,19.0,2019-11-14
Chhattisgarh,Raigarh,Acute Diarrhoeal Disease,2019,50,14.0,0.0,22.5,83.5,5.53e-05,297.616,13.0,2019-12-13
Chhattisgarh,Raigarh,Dengue,2019,49,7.0,0.0,22.5,83.5,0.001747171595,296.21,15.0,2019-12-07
Chhattisgarh,Raipur,Acute Diarrhoeal Disease,2009,32,11.0,0.0,21.2380912,81.6336993,0.05779330451,305.5,9.0,2009-08-06
Chhattisgarh,Raipur,Acute Diarrhoeal Disease,2011,29,38.0,0.0,21.2380912,81.6336993,0.8145746186,301.42,,2011-07-20
Chhattisgarh,Raipur,Acute Diarrhoeal Disease,2011,32,67.0,0.0,21.2380912,81.6336993,1.044051998,,1.0,2011-08-08
Chhattisgarh,Raipur,Acute Diarrhoeal Disease,2011,35,103.0,0.0,21.2380912,81.6336993,0.7469759799,302.22,,2011-08-29
Chhattisgarh,Raipur,Acute Diarrhoeal Disease,2011,38,114.0,0.0,21.2380912,81.6336993,0.6063916808,299.512,24.0,2011-09-23
Chhattisgarh,Raipur,Acute Diarrhoeal Disease,2012,28,168.0,0.0,21.2380912,81.6336993,1.212981018,301.52,7.0,2012-07-12
Chhattisgarh,Raipur,Acute Diarrhoeal Disease,2012,33,54.0,0.0,21.2380912,81.6336993,0.6600048626,,8.0,2012-08-13
Chhattisgarh,Raipur,Acute Diarrhoeal Disease,2013,17,26.0,0.0,21.2380912,81.6336993,0.09949604187,313.068,6.0,2013-04-28
Chhattisgarh,Raipur,Acute Diarrhoeal Disease,2014,38,81.0,0.0,21.2380912,81.6336993,0.37401051015,299.2566667,23.0,2014-09-15
Chhattisgarh,Raipur,Acute Diarrhoeal Disease,2014,40,41.0,0.0,21.2380912,81.6336993,0.0001719088613,303.056,26.0,2014-10-03
Chhattisgarh,Raipur,Acute Diarrhoeal Disease,2015,27,17.0,0.0,21.2380912,81.6336993,0.1507586985,286.78000000000003,5.0,2015-06-29
Chhattisgarh,Raipur,Acute Diarrhoeal Disease,2015,28,208.0,0.0,21.2380912,81.6336993,0.1679923449,300.44,9.0,2015-07-07
Chhattisgarh,Raipur,Acute Diarrhoeal Disease,2015,31,117.0,0.0,21.2380912,81.6336993,0.4890895903,302.77,10.0,2015-07-29
Chhattisgarh,Raipur,Acute Diarrhoeal Disease,2015,42,31.0,0.0,21.2380912,81.6336993,0.0004706187149,304.3166666,22.0,2015-10-12
Chhattisgarh,Raipur,Acute Diarrhoeal Disease,2016,28,26.0,0.0,21.2380912,81.6336993,1.463634027,,4.0,2016-07-12
Chhattisgarh,Raipur,Acute Diarrhoeal Disease,2016,33,31.0,2.0,21.2380912,81.6336993,1.182055361,300.14,,2016-08-19
Chhattisgarh,Raipur,Acute Diarrhoeal Disease,2016,39,192.0,0.0,21.2380912,81.6336993,1.036938619,298.4266666,,2016-09-29
Chhattisgarh,Raipur,Acute Diarrhoeal Disease,2019,25,39.0,0.0,21.2380912,81.6336993,0.1077817702,317.8,,2019-06-17
Chhattisgarh,Raipur,Dengue,2011,33,3.0,2.0,21.2380912,81.6336993,0.9905132359,298.6,,2011-08-21
Chhattisgarh,Raipur,Dengue,2011,36,4.0,0.0,21.2380912,81.6336993,1.268820137,299.82,,2011-09-06
Chhattisgarh,Raipur,Dengue,2014,37,12.0,0.0,21.2380912,81.6336993,0.7833120475,,6.0,2014-09-11
Chhattisgarh,Raipur,Dengue,2014,38,17.0,0.0,21.2380912,81.6336993,0.4570254535,300.34000000000003,23.0,2014-09-19
Chhattisgarh,Raipur,Dengue,2015,34,173.0,0.0,21.2380912,81.6336993,0.4521459433,303.18,16.0,2015-08-22
Chhattisgarh,Raipur,Malaria,2011,28,12.0,0.0,21.2380912,81.6336993,0.734562559,303.38,,2011-07-11
Chhattisgarh,Rajnandgaon,Acute Diarrhoeal Disease,2011,37,33.0,0.0,20.9727404,80.69155548,0.4903200333,299.9666666,,2011-09-14
Chhattisgarh,Rajnandgaon,Acute Diarrhoeal Disease,2013,26,49.0,0.0,20.9727404,80.69155548,1.319301587,301.81,7.0,2013-06-24
Chhattisgarh,Rajnandgaon,Acute Diarrhoeal Disease,2013,45,19.0,0.0,20.9727404,80.69155548,4.87e-05,300.08,,2013-11-08
Chhattisgarh,Rajnandgaon,Acute Diarrhoeal Disease,2014,37,45.0,0.0,20.9727404,80.69155548,1.048032584,299.02,4.0,2014-09-09
Chhattisgarh,Rajnandgaon,Acute Diarrhoeal Disease,2015,25,42.0,0.0,20.9727404,80.69155548,0.6496737212,312.42,8.0,2015-06-16
Chhattisgarh,Rajnandgaon,Acute Diarrhoeal Disease,2015,31,19.0,0.0,20.9727404,80.69155548,0.2071116963,301.2133334,9.0,2015-07-30
Chhattisgarh,Rajnandgaon,Acute Diarrhoeal Disease,2015,40,18.0,0.0,20.9727404,80.69155548,0.01181482315,300.5266666,31.0,2015-10-02
Chhattisgarh,Rajnandgaon,Acute Diarrhoeal Disease,2016,27,87.0,0.0,20.9727404,80.69155548,1.545432802,,0.0,2016-07-07
Chhattisgarh,Rajnandgaon,Acute Diarrhoeal Disease,2016,28,14.0,0.0,20.9727404,80.69155548,0.7008331568,,6.0,2016-07-17
Chhattisgarh,Rajnandgaon,Acute Diarrhoeal Disease,2016,29,182.0,1.0,20.9727404,80.69155548,1.03924537,,4.0,2016-07-22
Chhattisgarh,Rajnandgaon,Acute Diarrhoeal Disease,2016,32,92.0,1.0,20.9727404,80.69155548,1.8353380256666665,,4.666666666666667,2016-08-08
Chhattisgarh,Rajnandgaon,Acute Diarrhoeal Disease,2016,34,12.0,0.0,20.9727404,80.69155548,0.5533388686,298.995,,2016-08-27
Chhattisgarh,Rajnandgaon,Acute Diarrhoeal Disease,2016,37,193.0,0.0,20.9727404,80.69155548,0.6611996587,297.37,16.0,2016-09-17
Chhattisgarh,Rajnandgaon,Acute Diarrhoeal Disease,2016,47,15.0,0.0,20.9727404,80.69155548,4.12e-05,301.0133334,,2016-11-23
Chhattisgarh,Rajnandgaon,Acute Diarrhoeal Disease,2017,24,21.0,0.0,20.9727404,80.69155548,0.188814781,312.43,9.0,2017-06-12
Chhattisgarh,Rajnandgaon,Acute Diarrhoeal Disease,2017,26,89.0,0.0,20.9727404,80.69155548,1.019548938,311.32,4.0,2017-06-29
Chhattisgarh,Rajnandgaon,Acute Diarrhoeal Disease,2017,29,18.0,0.0,20.9727404,80.69155548,0.5246402223,,2.0,2017-07-17
Chhattisgarh,Rajnandgaon,Acute Diarrhoeal Disease,2019,11,13.0,0.0,20.9727404,80.69155548,0.01301690773,307.42,,2019-03-14
Chhattisgarh,Rajnandgaon,Acute Diarrhoeal Disease,2019,20,112.0,0.0,20.9727404,80.69155548,0.0001514191123,318.848,8.0,2019-05-13
Chhattisgarh,Rajnandgaon,Acute Diarrhoeal Disease,2019,25,39.0,0.0,20.9727404,80.69155548,0.1569675641,315.38,10.0,2019-06-21
Chhattisgarh,Rajnandgaon,Acute Diarrhoeal Disease,2019,32,61.0,0.0,20.9727404,80.69155548,1.108574475,,,2019-08-05
Chhattisgarh,Rajnandgaon,Malaria,2015,29,6.0,0.0,20.9727404,80.69155548,2.340106948,302.75,17.0,2015-07-16
Chhattisgarh,Rajnandgaon,Malaria,2015,30,14.0,0.0,20.9727404,80.69155548,0.1342242633,,9.0,2015-07-22
Chhattisgarh,Rajnandgaon,Malaria,2015,31,27.0,0.0,20.9727404,80.69155548,0.2071116963,301.2133334,9.0,2015-07-30
Chhattisgarh,Rajnandgaon,Malaria,2015,39,13.0,0.0,20.9727404,80.69155548,0.4701308686,299.93333340000004,31.0,2015-09-26
Chhattisgarh,Sukma,Dengue,2015,36,140.0,0.0,18.26654225,81.29252341,1.314751452,,23.0,2015-09-02
Chhattisgarh,Sukma,Dengue,2016,31,41.0,0.0,18.26654225,81.29252341,0.9548058234,,8.0,2016-08-05
Chhattisgarh,Sukma,Dengue,2019,38,54.0,0.0,18.26654225,81.29252341,0.712956887,300.34000000000003,21.0,2019-09-16
Chhattisgarh,Surajpur,Acute Diarrhoeal Disease,2016,18,239.0,1.0,23.35151515,82.97290273,0.003698723325,315.78000000000003,11.0,2016-05-02
Chhattisgarh,Surajpur,Acute Diarrhoeal Disease,2019,24,74.0,0.0,23.35151515,82.97290273,0.001636847556,315.156,11.0,2019-06-12
Chhattisgarh,Surajpur,Malaria,2017,30,1422.0,9.0,23.35151515,82.97290273,2.46135401,,,2017-07-28
Chhattisgarh,Surguja,Acute Diarrhoeal Disease,2010,30,32.0,0.0,23.25,83.0,0.8929789357,,,2010-07-27
Chhattisgarh,Surguja,Acute Diarrhoeal Disease,2011,20,28.0,0.0,23.25,83.0,0.01015428535,314.2666666,5.0,2011-05-21
Chhattisgarh,Surguja,Acute Diarrhoeal Disease,2011,24,28.0,0.0,23.25,83.0,0.7238169476,309.91,4.0,2011-06-19
Chhattisgarh,Surguja,Acute Diarrhoeal Disease,2011,25,26.0,0.0,23.25,83.0,4.658152069,,4.0,2011-06-22
Chhattisgarh,Surguja,Acute Diarrhoeal Disease,2011,34,10.0,3.0,23.25,83.0,0.7252829099,301.55,15.0,2011-08-26
Chhattisgarh,Surguja,Acute Diarrhoeal Disease,2016,27,4.0,2.0,23.25,83.0,1.00315394,,,2016-07-10
Dadra And Nagar Haveli,Dadra And Nagar Haveli,Acute Diarrhoeal Disease,2016,48,53.0,0.0,20.2712521,73.0014588,5e-05,306.176,12.0,2016-11-30
Dadra And Nagar Haveli,Dadra And Nagar Haveli,Acute Diarrhoeal Disease,2018,28,23.0,0.0,20.2712521,73.0014588,1.493951557,,1.0,2018-07-13
Dadra And Nagar Haveli,Dadra And Nagar Haveli,Acute Diarrhoeal Disease,2020,5,98.0,0.0,20.2712521,73.0014588,0.00636530782,304.48400000000004,9.0,2020-01-29
Dadra And Nagar Haveli,Dadra And Nagar Haveli,Chikungunya,2015,34,2.0,0.0,20.2712521,73.0014588,0.3033070767,300.2066666,15.0,2015-08-22
Dadra And Nagar Haveli,Dadra And Nagar Haveli,Cholera,2013,28,12.0,0.0,20.2712521,73.0014588,2.044548616,,1.0,2013-07-14
Dadra And Nagar Haveli,Dadra And Nagar Haveli,Cholera,2015,33,1.0,0.0,20.2712521,73.0014588,0.4912155228,300.08,15.0,2015-08-14
Dadra And Nagar Haveli,Dadra And Nagar Haveli,Cholera,2016,29,2.0,0.0,20.2712521,73.0014588,0.6110899287,300.88,,2016-07-19
Dadra And Nagar Haveli,Dadra And Nagar Haveli,Cholera,2018,28,3.0,0.0,20.2712521,73.0014588,1.493951557,,1.0,2018-07-13
Dadra And Nagar Haveli,Dadra And Nagar Haveli,Cholera,2019,1,6.0,0.0,20.2712521,73.0014588,8.72e-05,304.0666666,9.0,2019-01-04
Dadra And Nagar Haveli,Dadra And Nagar Haveli,Dengue,2010,41,4.0,0.0,20.2712521,73.0014588,0.07394494812,301.0866666,23.0,2010-10-13
Dadra And Nagar Haveli,Dadra And Nagar Haveli,Dengue,2015,36,12.0,0.0,20.2712521,73.0014588,0.2188441589,298.83,22.0,2015-09-03
Dadra And Nagar Haveli,Dadra And Nagar Haveli,Dengue,2015,38,16.0,0.0,20.2712521,73.0014588,1.289759359,300.8,6.0,2015-09-16
Daman And Diu,Daman And Diu,Acute Diarrhoeal Disease,2009,28,33.0,0.0,20.42000485,72.8637629,,296.12,5.0,2009-07-07
Daman And Diu,Daman And Diu,Dengue,2012,41,70.0,0.0,20.42000485,72.8637629,,300.9133334,21.0,2012-10-08
Daman And Diu,Daman And Diu,Dengue,2019,38,107.0,2.0,20.42000485,72.8637629,,301.75,13.0,2019-09-20
Daman And Diu,Diu,Dengue,2012,40,17.0,0.0,20.71817495,70.93238341,,,,2012-10-04
Daman And Diu,Diu Daman,Acute Diarrhoeal Disease,2020,10,14.0,0.0,20.71817495,70.93238341,,,,2020-03-04
Delhi,Central Delhi,Acute Diarrhoeal Disease,2014,38,21.0,0.0,28.69854835,77.21939069,0.04855303631,303.6466666,11.0,2014-09-18
Delhi,New Delhi,Acute Diarrhoeal Disease,2015,31,21.0,0.0,28.6138954,77.2090057,0.1403302139,305.84000000000003,9.0,2015-07-31
Delhi,New Delhi,Cholera,2013,35,50.0,1.0,28.6138954,77.2090057,0.1086299315,303.22,,2013-08-28
Delhi,New Delhi,Dengue,2013,28,6979.0,10.0,28.6138954,77.2090057,0.5165098757,308.8066666,,2013-07-11
Delhi,New Delhi,Dengue,2015,1,1255.0,4.0,28.6138954,77.2090057,0.0003135274763,289.75333340000003,4.0,2015-01-01
Delhi,New Delhi,Dengue,2015,27,72136.0,166.0,28.6138954,77.2090057,0.5967921772,308.545,5.0,2015-07-01
Delhi,North Delhi,Cholera,2016,27,26.0,0.0,28.78722785,77.09809033,0.9702527936,312.82,7.0,2016-07-05
Delhi,North Delhi,Cholera,2018,31,12.0,0.0,28.78722785,77.09809033,0.06779428596,302.94,9.0,2018-08-03
Delhi,North Delhi,Cholera,2019,24,4.0,0.0,28.78722785,77.09809033,0.06398791246,316.6433334,,2019-06-10
Delhi,North Delhi,Cholera,2019,30,5.0,0.0,28.78722785,77.09809033,0.8748362289,306.64,7.0,2019-07-25
Delhi,North Delhi,Dengue,2018,32,48.0,0.0,28.78722785,77.09809033,0.3807391615,306.72,8.0,2018-08-10
Delhi,South Delhi,Acute Diarrhoeal Disease,2015,4,17.0,0.0,28.4851694,77.1963652,0.0472677179,290.828,8.0,2015-01-20
Delhi,South Delhi,Acute Diarrhoeal Disease,2016,1,13.0,0.0,28.4851694,77.1963652,7.38e-06,293.3333334,5.0,2016-01-04
Delhi,South Delhi,Dengue,2017,38,22.0,0.0,28.4851694,77.1963652,0.001552962315,307.648,9.0,2017-09-18
Delhi,South Delhi,Dengue,2019,43,12.0,0.0,28.4851694,77.1963652,0.05319440215,307.704,6.0,2019-10-21
Delhi,South District,Acute Diarrhoeal Disease,2013,25,190.0,2.0,28.59449355,76.90650844,0.03173770702,307.276,4.0,2013-06-23
Delhi,South West District,Cholera,2013,28,50.0,1.0,28.59449355,76.90650844,0.519847218,312.2733334,5.0,2013-07-10
Delhi,West Delhi,Acute Diarrhoeal Disease,2016,12,47.0,0.0,28.6479519,77.08556541,0.007758078181,304.3433334,6.0,2016-03-23
Delhi,West Delhi,Acute Diarrhoeal Disease,2016,42,25.0,0.0,28.6479519,77.08556541,0.0001010348947,309.65000000000003,5.0,2016-10-17
Goa,North Goa,Acute Diarrhoeal Disease,2013,20,74.0,0.0,15.60444125,74.00172406,0.02997392787,309.48,17.0,2013-05-19
Goa,North Goa,Acute Diarrhoeal Disease,2018,6,46.0,0.0,15.60444125,74.00172406,3.28e-05,304.216,25.0,2018-02-05
Goa,North Goa,Acute Diarrhoeal Disease,2018,36,35.0,0.0,15.60444125,74.00172406,0.4932080572,298.12,,2018-09-05
Goa,North Goa,Acute Diarrhoeal Disease,2019,6,19.0,0.0,15.60444125,74.00172406,3.7e-05,302.8833334,25.0,2019-02-06
Goa,North Goa,Cholera,2013,22,97.0,1.0,15.60444125,74.00172406,0.3475430874,306.14,18.0,2013-05-30
Goa,North Goa,Dengue,2018,22,49.0,0.0,15.60444125,74.00172406,0.2490229366,306.03000000000003,16.0,2018-05-30
Goa,North Goa,Dengue,2018,23,43.0,0.0,15.60444125,74.00172406,0.4681427335,304.455,21.0,2018-06-05
Goa,North Goa,Dengue,2019,13,5.0,0.0,15.60444125,74.00172406,0.0003177100814,307.9766666,22.0,2019-03-27
Goa,South Goa,Acute Diarrhoeal Disease,2018,14,22.0,0.0,15.21961365,74.1152813,0.002563216481,305.8833334,24.0,2018-04-08
Goa,South Goa,Chikungunya,2009,29,30.0,0.0,15.21961365,74.1152813,3.755514997,292.66,3.0,2009-07-15
Goa,South Goa,Chikungunya,2009,52,17.0,0.0,15.21961365,74.1152813,0.006113389157,301.36400000000003,24.0,2009-12-21
Goa,South Goa,Dengue,2013,7,11.0,1.0,15.21961365,74.1152813,0.1701618491,304.392,,2013-02-17
Goa,South Goa,Dengue,2015,22,20.0,0.0,15.21961365,74.1152813,0.06643924061,303.248,22.0,2015-05-27
Goa,South Goa,Dengue,2017,31,179.0,0.0,15.21961365,74.1152813,0.6381093065,297.96,15.0,2017-08-03
Goa,South Goa,Dengue,2018,28,24.0,1.0,15.21961365,74.1152813,2.323115148,,0.0,2018-07-09
Goa,South Goa,Dengue,2019,15,17.0,0.0,15.21961365,74.1152813,0.003058369119,307.7066666,23.0,2019-04-10
Goa,South Goa,Malaria,2015,37,19.0,0.0,15.21961365,74.1152813,0.08378575413,300.0133334,12.0,2015-09-07
Goa,South Goa,Malaria,2018,30,5.0,0.0,15.21961365,74.1152813,2.980728358,,4.0,2018-07-24
Gujarat,Ahmadabad,Acute Diarrhoeal Disease,2010,50,240.0,0.0,23.0216238,72.5797068,8.13e-05,301.3,4.0,2010-12-13
Gujarat,Ahmadabad,Acute Diarrhoeal Disease,2011,6,10.0,0.0,23.0216238,72.5797068,4.25e-05,303.212,10.0,2011-02-07
Gujarat,Ahmadabad,Acute Diarrhoeal Disease,2012,34,136.0,0.0,23.0216238,72.5797068,0.1957929965,,,2012-08-20
Gujarat,Ahmadabad,Acute Diarrhoeal Disease,2012,40,14.0,0.0,23.0216238,72.5797068,0.00535877149,306.56333340000003,13.0,2012-10-03
Gujarat,Ahmadabad,Acute Diarrhoeal Disease,2013,15,67.0,0.0,23.0216238,72.5797068,2.62e-05,316.1,5.0,2013-04-08
Gujarat,Ahmadabad,Acute Diarrhoeal Disease,2013,29,25.0,0.0,23.0216238,72.5797068,1.525266005,,2.0,2013-07-15
Gujarat,Ahmadabad,Acute Diarrhoeal Disease,2014,2,33.0,0.0,23.0216238,72.5797068,5.56e-05,300.028,9.0,2014-01-10
Gujarat,Ahmadabad,Acute Diarrhoeal Disease,2014,28,37.0,0.0,23.0216238,72.5797068,0.005188415844,308.764,4.0,2014-07-10
Gujarat,Ahmadabad,Acute Diarrhoeal Disease,2019,26,34.0,0.0,23.0216238,72.5797068,0.1622094207,309.1733334,5.0,2019-06-24
Gujarat,Ahmadabad,Acute Diarrhoeal Disease,2022,7,67.0,0.0,23.0216238,72.5797068,7.25e-05,302.55333340000004,,2022-02-17
Gujarat,Ahmadabad,Chikungunya,2012,18,24.0,0.0,23.0216238,72.5797068,4.05e-05,316.2666666,5.0,2012-05-01
Gujarat,Ahmadabad,Cholera,2010,33,4.0,0.0,23.0216238,72.5797068,0.1930258334,303.42,,2010-08-20
Gujarat,Ahmadabad,Cholera,2013,23,51.0,0.0,23.0216238,72.5797068,0.005221476132,315.87333340000004,4.0,2013-06-03
Gujarat,Ahmadabad,Cholera,2015,9,24.0,1.0,23.0216238,72.5797068,6.17e-05,307.0566666,9.0,2015-02-24
Gujarat,Amreli,Acute Diarrhoeal Disease,2009,30,58.0,0.0,20.866667,70.75,2.66063763,,5.0,2009-07-21
Gujarat,Amreli,Acute Diarrhoeal Disease,2010,4,45.0,0.0,20.866667,70.75,3.16e-05,306.93333340000004,,2010-01-25
Gujarat,Amreli,Acute Diarrhoeal Disease,2010,41,12.0,0.0,20.866667,70.75,0.1970733304,302.805,19.0,2010-10-14
Gujarat,Amreli,Acute Diarrhoeal Disease,2010,44,35.0,0.0,20.866667,70.75,9.44e-05,307.6433334,12.0,2010-11-07
Gujarat,Amreli,Acute Diarrhoeal Disease,2011,46,146.0,0.0,20.866667,70.75,4.67e-05,307.80333340000004,,2011-11-17
Gujarat,Amreli,Acute Diarrhoeal Disease,2013,13,22.0,0.0,20.866667,70.75,0.0001923105415,316.652,5.0,2013-03-28
Gujarat,Amreli,Acute Diarrhoeal Disease,2014,22,62.0,0.0,20.866667,70.75,0.002716027403,314.94333340000003,7.0,2014-05-31
Gujarat,Amreli,Acute Diarrhoeal Disease,2014,33,15.0,0.0,20.866667,70.75,0.3483901807,300.67,9.0,2014-08-11
Gujarat,Amreli,Acute Diarrhoeal Disease,2015,13,52.0,0.0,20.866667,70.75,7.03e-05,313.0966666,6.0,2015-03-23
Gujarat,Amreli,Chikungunya,2011,14,11.0,0.0,20.866667,70.75,6.16e-05,315.00333340000003,6.0,2011-04-05
Gujarat,Amreli,Chikungunya,2011,16,32.0,0.0,20.866667,70.75,0.001580187672,314.8866666,7.0,2011-04-19
Gujarat,Anand,Acute Diarrhoeal Disease,2010,30,12.0,0.0,22.5584995,72.9625629,0.9663964233,,,2010-07-28
Gujarat,Anand,Acute Diarrhoeal Disease,2010,34,74.0,0.0,22.5584995,72.9625629,0.2442679533,302.8,8.0,2010-08-25
Gujarat,Anand,Acute Diarrhoeal Disease,2011,6,21.0,0.0,22.5584995,72.9625629,4.25e-05,304.61,9.0,2011-02-07
Gujarat,Anand,Acute Diarrhoeal Disease,2011,16,108.0,0.0,22.5584995,72.9625629,0.00017926431805000002,316.1746667,6.0,2011-04-18
Gujarat,Anand,Acute Diarrhoeal Disease,2011,46,28.0,0.0,22.5584995,72.9625629,4.24e-05,307.56,8.0,2011-11-18
Gujarat,Anand,Acute Diarrhoeal Disease,2012,6,26.0,0.0,22.5584995,72.9625629,4.81e-05,301.63,,2012-02-09
Gujarat,Anand,Acute Diarrhoeal Disease,2012,26,23.0,0.0,22.5584995,72.9625629,0.07424043387,310.7,5.0,2012-07-01
Gujarat,Anand,Acute Diarrhoeal Disease,2012,30,47.0,0.0,22.5584995,72.9625629,0.2137088504,302.6733334,6.0,2012-07-23
Gujarat,Anand,Acute Diarrhoeal Disease,2013,27,20.0,0.0,22.5584995,72.9625629,2.293925967,,3.0,2013-07-07
Gujarat,Anand,Acute Diarrhoeal Disease,2014,13,31.0,0.0,22.5584995,72.9625629,4.46e-05,311.476,,2014-03-29
Gujarat,Anand,Acute Diarrhoeal Disease,2014,47,29.0,0.0,22.5584995,72.9625629,0.09833897068,305.145,11.0,2014-11-18
Gujarat,Anand,Acute Diarrhoeal Disease,2014,50,26.0,0.0,22.5584995,72.9625629,5.5e-05,301.82,8.0,2014-12-12
Gujarat,Anand,Acute Diarrhoeal Disease,2014,52,90.0,0.0,22.5584995,72.9625629,7.39e-05,301.21500000000003,,2014-12-26
Gujarat,Anand,Acute Diarrhoeal Disease,2015,29,71.0,0.0,22.5584995,72.9625629,0.09945914505,308.2483333,5.0,2015-07-15
Gujarat,Anand,Acute Diarrhoeal Disease,2015,37,34.0,0.0,22.5584995,72.9625629,0.03158392558,305.04400000000004,12.0,2015-09-07
Gujarat,Anand,Acute Diarrhoeal Disease,2017,5,69.0,0.0,22.5584995,72.9625629,2.46e-05,302.612,9.0,2017-01-31
Gujarat,Anand,Acute Diarrhoeal Disease,2017,31,33.0,0.0,22.5584995,72.9625629,1.074812929,299.44,7.0,2017-08-02
Gujarat,Anand,Acute Diarrhoeal Disease,2017,49,87.0,0.0,22.5584995,72.9625629,5.58e-05,304.2933334,8.0,2017-12-04
Gujarat,Anand,Acute Diarrhoeal Disease,2018,3,196.0,0.0,22.5584995,72.9625629,0.0001094685119,302.535,10.0,2018-01-18
Gujarat,Anand,Acute Diarrhoeal Disease,2019,2,75.0,0.0,22.5584995,72.9625629,6.69e-05,298.748,9.0,2019-01-10
Gujarat,Anand,Acute Diarrhoeal Disease,2019,34,40.0,0.0,22.5584995,72.9625629,0.8088184757,301.3,5.0,2019-08-19
Gujarat,Anand,Acute Diarrhoeal Disease,2021,22,15.0,0.0,22.5584995,72.9625629,0.002561268239,308.588,9.0,2021-05-31
Gujarat,Anand,Acute Diarrhoeal Disease,2022,9,24.0,0.0,22.5584995,72.9625629,5.63e-05,307.34000000000003,,2022-03-05
Gujarat,Anand,Cholera,2012,28,52.0,0.0,22.5584995,72.9625629,0.8225193604,,6.0,2012-07-12
Gujarat,Anand,Cholera,2013,29,23.0,0.0,22.5584995,72.9625629,1.081960605,,1.0,2013-07-17
Gujarat,Anand,Cholera,2015,41,72.0,1.0,22.5584995,72.9625629,0.0006117987188,309.46,12.0,2015-10-06
Gujarat,Anand,Cholera,2017,26,57.0,0.0,22.5584995,72.9625629,0.9190543476,309.04,4.0,2017-06-30
Gujarat,Anand,Cholera,2018,27,31.0,0.0,22.5584995,72.9625629,0.6690163003,,4.0,2018-07-08
Gujarat,Aravalli,Acute Diarrhoeal Disease,2015,18,142.0,0.0,23.48345905,73.39881244,0.000101720055,316.5766666,,2015-05-01
Gujarat,Aravalli,Acute Diarrhoeal Disease,2016,15,12.0,0.0,23.48345905,73.39881244,9.33e-05,316.4533334,5.0,2016-04-11
Gujarat,Banaskantha,Acute Diarrhoeal Disease,2011,7,42.0,0.0,24.172056,72.431134,0.0008085716425,303.3333334,10.0,2011-02-15
Gujarat,Banaskantha,Acute Diarrhoeal Disease,2011,19,287.0,0.0,24.172056,72.431134,0.0003689804899,315.87333340000004,6.0,2011-05-15
Gujarat,Banaskantha,Acute Diarrhoeal Disease,2011,20,32.0,0.0,24.172056,72.431134,0.0005569467907,314.8,,2011-05-16
Gujarat,Banaskantha,Acute Diarrhoeal Disease,2012,2,84.0,0.0,24.172056,72.431134,3.57e-05,298.25333340000003,8.0,2012-01-15
Gujarat,Banaskantha,Acute Diarrhoeal Disease,2012,4,25.0,0.0,24.172056,72.431134,0.0006844494302,297.1466666,8.0,2012-01-23
Gujarat,Banaskantha,Acute Diarrhoeal Disease,2013,22,141.0,0.0,24.172056,72.431134,0.008265910713,312.5766666,7.0,2013-05-29
Gujarat,Banaskantha,Acute Diarrhoeal Disease,2015,25,38.0,0.0,24.172056,72.431134,0.01902643619,312.375,6.0,2015-06-15
Gujarat,Banaskantha,Acute Diarrhoeal Disease,2016,23,14.0,0.0,24.172056,72.431134,4.93e-05,318.31,,2016-06-08
Gujarat,Banaskantha,Acute Diarrhoeal Disease,2016,30,194.0,0.0,24.172056,72.431134,0.2124229522,307.2,6.0,2016-07-25
Gujarat,Banaskantha,Acute Diarrhoeal Disease,2017,23,25.0,0.0,24.172056,72.431134,0.02636463181,311.184,,2017-06-09
Gujarat,Banaskantha,Acute Diarrhoeal Disease,2018,10,23.0,0.0,24.172056,72.431134,5.77e-05,308.64,6.0,2018-03-07
Gujarat,Banaskantha,Cholera,2012,27,468.0,5.0,24.172056,72.431134,0.03550232816,310.34000000000003,,2012-07-02
Gujarat,Banaskantha,Cholera,2016,14,45.0,1.0,24.172056,72.431134,0.000208044708,310.2166666,5.0,2016-04-07
Gujarat,Banaskantha,Dengue,2013,38,6.0,0.0,24.172056,72.431134,0.02438348543,307.97,12.0,2013-09-17
Gujarat,Bharuch,Acute Diarrhoeal Disease,2011,5,215.0,0.0,21.75,73.0,6.28e-05,304.736,7.0,2011-01-31
Gujarat,Bharuch,Acute Diarrhoeal Disease,2011,18,42.0,0.0,21.75,73.0,5.55e-05,315.1266666,6.0,2011-05-03
Gujarat,Bharuch,Acute Diarrhoeal Disease,2011,49,30.0,0.0,21.75,73.0,6.02e-05,306.59200000000004,8.0,2011-12-05
Gujarat,Bharuch,Acute Diarrhoeal Disease,2012,5,88.0,0.0,21.75,73.0,9.37e-05,304.316,6.0,2012-02-05
Gujarat,Bharuch,Acute Diarrhoeal Disease,2012,6,88.0,0.0,21.75,73.0,6.09e-05,305.152,6.0,2012-02-08
Gujarat,Bharuch,Acute Diarrhoeal Disease,2014,26,101.0,0.0,21.75,73.0,0.09258189551,307.32,7.0,2014-06-24
Gujarat,Bharuch,Acute Diarrhoeal Disease,2014,36,26.0,0.0,21.75,73.0,1.448381072,298.26,,2014-09-05
Gujarat,Bharuch,Acute Diarrhoeal Disease,2014,37,24.0,0.0,21.75,73.0,0.681560647,299.23,9.0,2014-09-08
Gujarat,Bharuch,Acute Diarrhoeal Disease,2015,25,45.0,0.0,21.75,73.0,0.4464055969,309.28000000000003,,2015-06-18
Gujarat,Bharuch,Acute Diarrhoeal Disease,2018,14,40.0,0.0,21.75,73.0,3.38e-05,316.0833334,,2018-04-07
Gujarat,Bharuch,Chikungunya,2012,19,15.0,0.0,21.75,73.0,0.001852235288,312.016,6.0,2012-05-09
Gujarat,Bharuch,Cholera,2010,38,2.0,0.0,21.75,73.0,0.08235727429,300.78400000000005,22.0,2010-09-24
Gujarat,Bhavnagar,Acute Diarrhoeal Disease,2009,27,1251.0,1.0,21.7718836,72.1416449,0.2307723147,313.61,4.0,2009-07-05
Gujarat,Bhavnagar,Acute Diarrhoeal Disease,2009,28,24.0,1.0,21.7718836,72.1416449,0.1348338963,303.33,4.0,2009-07-09
Gujarat,Bhavnagar,Acute Diarrhoeal Disease,2010,25,40.0,0.0,21.7718836,72.1416449,0.04482176549,311.07,,2010-06-26
Gujarat,Bhavnagar,Acute Diarrhoeal Disease,2011,45,75.0,0.0,21.7718836,72.1416449,5.82e-05,310.17,9.0,2011-11-12
Gujarat,Bhavnagar,Acute Diarrhoeal Disease,2011,49,17.0,0.0,21.7718836,72.1416449,4.9e-05,307.5466666,8.0,2011-12-06
Gujarat,Bhavnagar,Acute Diarrhoeal Disease,2012,18,36.0,0.0,21.7718836,72.1416449,3.56e-05,322.388,4.0,2012-05-04
Gujarat,Bhavnagar,Acute Diarrhoeal Disease,2013,20,22.0,0.0,21.7718836,72.1416449,7.59e-05,321.81,3.0,2013-05-14
Gujarat,Bhavnagar,Acute Diarrhoeal Disease,2014,51,178.0,0.0,21.7718836,72.1416449,7.29e-05,303.86,,2014-12-18
Gujarat,Bhavnagar,Acute Diarrhoeal Disease,2014,52,250.0,0.0,21.7718836,72.1416449,6.28e-05,301.992,6.0,2014-12-22
Gujarat,Bhavnagar,Acute Diarrhoeal Disease,2018,25,103.0,0.0,21.7718836,72.1416449,0.02094828216,310.65000000000003,,2018-06-18
Gujarat,Bhavnagar,Malaria,2014,32,32.0,0.0,21.7718836,72.1416449,0.2281555344,,5.0,2014-08-09
Gujarat,Chhota Udepur,Acute Diarrhoeal Disease,2022,26,203.0,0.0,22.3148736,74.0141067,0.2976319834,309.9733334,5.0,2022-06-29
Gujarat,Chota Udaipur,Cholera,2014,45,94.0,1.0,22.3148736,74.0141067,7.7e-05,306.9533334,,2014-11-09
Gujarat,Dahod,AES,2014,29,9.0,3.0,22.8358542,74.2556782,1.225144503,,,2014-07-19
Gujarat,Dahod,Acute Diarrhoeal Disease,2010,6,10.0,0.0,22.8358542,74.2556782,0.001401144212,305.812,,2010-02-09
Gujarat,Dahod,Acute Diarrhoeal Disease,2011,10,17.0,0.0,22.8358542,74.2556782,0.0001041250099,314.8233334,4.0,2011-03-08
Gujarat,Dahod,Acute Diarrhoeal Disease,2012,18,47.0,0.0,22.8358542,74.2556782,5.28e-05,322.416,3.0,2012-05-03
Gujarat,Dahod,Acute Diarrhoeal Disease,2012,32,20.0,0.0,22.8358542,74.2556782,0.9580954113,300.61,6.0,2012-08-08
Gujarat,Dahod,Acute Diarrhoeal Disease,2018,16,23.0,0.0,22.8358542,74.2556782,0.0003618246792,323.152,3.0,2018-04-21
Gujarat,Dahod,Cholera,2010,24,21.0,1.0,22.8358542,74.2556782,0.005934464198,321.36,2.0,2010-06-15
Gujarat,Dahod,Cholera,2018,27,2.0,0.0,22.8358542,74.2556782,0.4278499176,303.82,4.0,2018-07-08
Gujarat,Dahod,Cholera,2018,28,1.0,0.0,22.8358542,74.2556782,0.8809292263,,1.0,2018-07-14
Gujarat,Devbhoomi Dwarka,Chikungunya,2019,20,5.0,0.0,22.2105363,69.653336,0.0002652657501,316.036,2.0,2019-05-14
Gujarat,Devbhumi Dwarka,Acute Diarrhoeal Disease,2017,7,38.0,0.0,22.2444759,68.96800188,6.66e-05,,,2017-02-18
Gujarat,Gandhinagar,Acute Diarrhoeal Disease,2010,13,94.0,0.0,23.2232877,72.6492267,5.86e-05,314.24333340000004,5.0,2010-04-02
Gujarat,Gandhinagar,Acute Diarrhoeal Disease,2010,18,57.0,0.0,23.06016515,72.58063822,0.002044044618,318.5066666,4.0,2010-05-04
Gujarat,Gandhinagar,Acute Diarrhoeal Disease,2010,22,16.0,0.0,23.06016515,72.58063822,0.04410776889,316.928,4.0,2010-06-03
Gujarat,Gandhinagar,Acute Diarrhoeal Disease,2010,24,128.0,0.0,23.2232877,72.6492267,0.04975466717,313.09000000000003,4.0,2010-06-17
Gujarat,Gandhinagar,Acute Diarrhoeal Disease,2010,30,12.0,0.0,23.2232877,72.6492267,2.152496609,,,2010-07-28
Gujarat,Gandhinagar,Acute Diarrhoeal Disease,2010,51,16.0,0.0,23.2232877,72.6492267,2.45e-05,301.5466666,,2010-12-26
Gujarat,Gandhinagar,Acute Diarrhoeal Disease,2011,22,16.0,0.0,23.06016515,72.58063822,0.00044162876,315.4033334,4.0,2011-06-03
Gujarat,Gandhinagar,Acute Diarrhoeal Disease,2011,23,60.0,0.0,23.06016515,72.58063822,0.02046935021,311.836,,2011-06-09
Gujarat,Gandhinagar,Acute Diarrhoeal Disease,2012,24,60.0,1.0,23.2232877,72.6492267,0.001793252258,310.28000000000003,4.0,2012-06-11
Gujarat,Gandhinagar,Acute Diarrhoeal Disease,2012,27,62.0,0.0,23.2232877,72.6492267,0.3638519885,316.08,3.0,2012-07-06
Gujarat,Gandhinagar,Acute Diarrhoeal Disease,2013,15,13.0,0.0,23.2232877,72.6492267,0.003385865843,314.384,5.0,2013-04-12
Gujarat,Gandhinagar,Acute Diarrhoeal Disease,2013,17,12.0,0.0,23.2232877,72.6492267,0.02473257663,314.9366666,5.0,2013-04-27
Gujarat,Gandhinagar,Acute Diarrhoeal Disease,2013,27,6.0,0.0,23.06016515,72.58063822,0.09547742144,310.2,,2013-07-03
Gujarat,Gandhinagar,Acute Diarrhoeal Disease,2014,23,13.0,0.0,23.2232877,72.6492267,0.00197039326,315.99,4.0,2014-06-08
Gujarat,Gandhinagar,Acute Diarrhoeal Disease,2014,48,18.0,0.0,23.06016515,72.58063822,0.0001576567256,305.82,,2014-11-24
Gujarat,Gandhinagar,Acute Diarrhoeal Disease,2016,12,68.0,0.0,23.141726425,72.61493246,7.61e-05,312.1666666,6.0,2016-03-24
Gujarat,Gandhinagar,Acute Diarrhoeal Disease,2016,22,43.0,0.0,23.141726425,72.61493246,0.004926727778,314.5033333,4.0,2016-06-03
Gujarat,Gandhinagar,Acute Diarrhoeal Disease,2016,41,14.0,0.0,23.2232877,72.6492267,0.4269231871,302.325,13.0,2016-10-12
Gujarat,Gandhinagar,Acute Diarrhoeal Disease,2021,27,21.0,0.0,23.06016515,72.58063822,0.01077429571,309.1,6.0,2021-07-08
Gujarat,Gandhinagar,Acute Diarrhoeal Disease,2022,9,14.0,0.0,23.2232877,72.6492267,7.1e-05,307.38,,2022-03-06
Gujarat,Gandhinagar,Cholera,2013,20,87.0,2.0,23.2232877,72.6492267,6.44e-05,317.24,5.0,2013-05-14
Gujarat,Gandhinagar,Cholera,2013,25,24.0,0.0,23.2232877,72.6492267,0.6426252955,303.48,5.0,2013-06-20
Gujarat,Gandhinagar,Cholera,2015,22,10.0,0.0,23.06016515,72.58063822,0.0001344182891,319.152,,2015-05-25
Gujarat,Gandhinagar,Cholera,2016,17,55.0,0.0,23.06016515,72.58063822,3.25e-05,315.6066666,5.0,2016-04-25
Gujarat,Gandhinagar,Cholera,2016,18,97.0,0.0,23.06016515,72.58063822,0.01565446637,317.2466666,5.0,2016-05-06
Gujarat,Gandhinagar,Cholera,2016,26,12.0,0.0,23.2232877,72.6492267,0.6417646359,316.06,,2016-07-02
Gujarat,Gandhinagar,Cholera,2016,32,104.0,0.0,23.2232877,72.6492267,0.8992496641000001,,3.0,2016-08-09
Gujarat,Gandhinagar,Cholera,2017,20,71.0,0.0,23.06016515,72.58063822,5.35e-05,319.26,5.0,2017-05-20
Gujarat,Gandhinagar,Cholera,2017,21,101.0,0.0,23.2232877,72.6492267,0.005320479081,314.1,5.0,2017-05-26
Gujarat,Gandhinagar,Cholera,2017,24,189.0,0.0,23.2232877,72.6492267,0.08440429428,310.24,5.0,2017-06-14
Gujarat,Gandhinagar,Cholera,2019,24,3.0,0.0,23.06016515,72.58063822,7.08e-05,315.6,4.0,2019-06-12
Gujarat,Gandhinagar,Cholera,2021,26,6.0,0.0,23.06016515,72.58063822,0.02590712702,305.88,,2021-07-03
Gujarat,Gir Somnath,Dengue,2017,21,12.0,0.0,20.9911049,70.68806405,0.002096745091,315.6566666,,2017-05-24
Gujarat,Gir Somnath,Malaria,2015,37,82.0,0.0,20.9911049,70.68806405,0.0536668793,303.2566666,21.0,2015-09-10
Gujarat,Jamnagar,Acute Diarrhoeal Disease,2013,4,11.0,0.0,22.4732415,70.0552102,0.04386575055,301.36400000000003,4.0,2013-01-22
Gujarat,Jamnagar,Acute Diarrhoeal Disease,2016,13,13.0,0.0,22.4732415,70.0552102,0.0002461407325,317.03200000000004,2.0,2016-04-03
Gujarat,Jamnagar,Acute Diarrhoeal Disease,2020,7,37.0,0.0,22.4732415,70.0552102,4.38e-05,303.0066666,10.0,2020-02-13
Gujarat,Jamnagar,Chikungunya,2012,14,54.0,0.0,22.4732415,70.0552102,2.87e-05,318.79200000000003,4.0,2012-04-08
Gujarat,Jamnagar,Chikungunya,2012,22,10.0,0.0,22.4732415,70.0552102,0.002220530685,313.6733334,2.0,2012-06-02
Gujarat,Jamnagar,Cholera,2010,50,329.0,0.0,22.4732415,70.0552102,4.04e-05,301.94,,2010-12-19
Gujarat,Jamnagar,Cholera,2011,26,1.0,0.0,22.4732415,70.0552102,0.06156902892,307.73,2.0,2011-06-27
Gujarat,Jamnagar,Cholera,2016,20,47.0,0.0,22.4732415,70.0552102,0.0003191528184,321.492,2.0,2016-05-22
Gujarat,Jamnagar,Dengue,2013,23,10.0,0.0,22.4732415,70.0552102,0.1257427299,315.97200000000004,2.0,2013-06-05
Gujarat,Junagadh,Acute Diarrhoeal Disease,2010,33,42.0,0.0,21.25,70.333333,0.3228535896,303.32,,2010-08-21
Gujarat,Junagadh,Acute Diarrhoeal Disease,2010,36,15.0,0.0,21.5174104,70.4642754,0.6634035391,301.84000000000003,5.0,2010-09-10
Gujarat,Junagadh,Acute Diarrhoeal Disease,2010,40,60.0,0.0,21.5174104,70.4642754,0.0001097255953,307.756,,2010-10-08
Gujarat,Junagadh,Acute Diarrhoeal Disease,2010,41,142.0,0.0,21.5174104,70.4642754,0.0431963761,306.36400000000003,17.0,2010-10-12
Gujarat,Junagadh,Acute Diarrhoeal Disease,2010,48,26.0,0.0,21.5174104,70.4642754,0.1155053409,302.0,10.0,2010-11-29
Gujarat,Junagadh,Acute Diarrhoeal Disease,2010,50,123.0,0.0,21.5174104,70.4642754,5.69e-05,301.144,10.0,2010-12-14
Gujarat,Junagadh,Acute Diarrhoeal Disease,2011,10,18.0,0.0,21.5174104,70.4642754,0.0001128298492,310.35,7.0,2011-03-08
Gujarat,Junagadh,Acute Diarrhoeal Disease,2022,23,25.0,0.0,21.5174104,70.4642754,0.0008335765121,315.92400000000004,4.0,2022-06-06
Gujarat,Junagadh,Chikungunya,2017,12,22.0,0.0,21.25,70.333333,0.0001316036471,314.568,5.0,2017-03-20
Gujarat,Junagadh,Chikungunya,2017,14,60.0,0.0,21.5174104,70.4642754,9.09e-05,320.184,5.0,2017-04-04
Gujarat,Junagadh,Chikungunya,2017,22,13.0,0.0,21.5174104,70.4642754,0.02067987628,314.112,,2017-06-01
Gujarat,Junagadh,Chikungunya,2018,18,48.0,0.0,21.5174104,70.4642754,0.0002567973069,322.4866666,,2018-04-30
Gujarat,Junagadh,Dengue,2012,46,343.0,5.0,21.5174104,70.4642754,0.0001624911054,312.068,,2012-11-15
Gujarat,Junagadh,Dengue,2015,49,50.0,0.0,21.5174104,70.4642754,0.0007738048045,304.9233334,8.0,2015-12-01
Gujarat,Junagadh,Dengue,2016,22,23.0,0.0,21.5174104,70.4642754,0.01192847138,312.2166666,4.0,2016-06-03
Gujarat,Junagadh,Dengue,2017,14,66.0,0.0,21.5174104,70.4642754,0.0003740452705,318.252,,2017-04-06
Gujarat,Junagadh,Malaria,2009,25,31.0,0.0,21.5174104,70.4642754,0.003849650292,312.596,3.0,2009-06-16
Gujarat,Kheda,Acute Diarrhoeal Disease,2010,11,33.0,0.0,22.75,72.833333,1.97e-05,316.05,,2010-03-21
Gujarat,Kheda,Acute Diarrhoeal Disease,2010,22,29.0,1.0,22.75,72.833333,0.001166551034,317.392,,2010-06-01
Gujarat,Kheda,Acute Diarrhoeal Disease,2010,23,10.0,0.0,22.75,72.833333,0.1240765546,312.875,,2010-06-09
Gujarat,Kheda,Acute Diarrhoeal Disease,2010,25,23.0,0.0,22.75,72.833333,0.01345771185,310.5866666,,2010-06-25
Gujarat,Kheda,Acute Diarrhoeal Disease,2010,38,8.0,2.0,22.75,72.833333,0.02042735116,303.62,14.0,2010-09-26
Gujarat,Kheda,Acute Diarrhoeal Disease,2011,4,95.0,0.0,22.75,72.833333,4.99e-05,300.83,10.0,2011-01-29
Gujarat,Kheda,Acute Diarrhoeal Disease,2011,12,25.0,0.0,22.75,72.833333,2.47e-05,313.62,,2011-03-22
Gujarat,Kheda,Acute Diarrhoeal Disease,2011,22,29.0,1.0,22.75,72.833333,0.0002196789475,317.47,,2011-06-01
Gujarat,Kheda,Acute Diarrhoeal Disease,2011,23,10.0,0.0,22.75,72.833333,0.02046935021,311.836,,2011-06-09
Gujarat,Kheda,Acute Diarrhoeal Disease,2012,3,41.0,0.0,22.75,72.833333,0.001980834165,298.87,,2012-01-17
Gujarat,Kheda,Acute Diarrhoeal Disease,2012,17,25.0,0.0,22.75,72.833333,5.55e-05,315.6066666,6.0,2012-04-28
Gujarat,Kheda,Acute Diarrhoeal Disease,2013,29,14.0,0.0,22.75,72.833333,1.540231603,,2.0,2013-07-17
Gujarat,Kheda,Acute Diarrhoeal Disease,2013,34,13.0,0.0,22.75,72.833333,0.1069196757,301.6,10.0,2013-08-23
Gujarat,Kheda,Acute Diarrhoeal Disease,2013,39,41.0,0.0,22.75,72.833333,2.533894167,,5.0,2013-09-28
Gujarat,Kheda,Acute Diarrhoeal Disease,2014,17,12.0,1.0,22.75,72.833333,0.02083285209,313.572,,2014-04-23
Gujarat,Kheda,Acute Diarrhoeal Disease,2014,29,31.0,0.0,22.75,72.833333,0.07187423672,315.94,1.0,2014-07-15
Gujarat,Kheda,Acute Diarrhoeal Disease,2014,40,13.0,0.0,22.75,72.833333,0.02370517307,305.0166666,,2014-09-30
Gujarat,Kheda,Acute Diarrhoeal Disease,2015,31,407.0,1.0,22.75,72.833333,3.667721542,,2.0,2015-07-31
Gujarat,Kheda,Acute Diarrhoeal Disease,2016,4,11.0,0.0,22.75,72.833333,5.13e-05,301.3766666,9.0,2016-01-30
Gujarat,Kheda,Acute Diarrhoeal Disease,2016,7,24.0,0.0,22.75,72.833333,6.51e-05,300.6766666,9.0,2016-02-16
Gujarat,Kheda,Acute Diarrhoeal Disease,2016,18,73.0,0.0,22.75,72.833333,0.01075004829,317.5866666,5.0,2016-05-04
Gujarat,Kheda,Acute Diarrhoeal Disease,2016,38,101.0,0.0,22.75,72.833333,0.02547058312,305.01,16.0,2016-09-24
Gujarat,Kheda,Acute Diarrhoeal Disease,2016,43,51.0,0.0,22.75,72.833333,3.67e-05,306.8666666,10.0,2016-10-29
Gujarat,Kheda,Acute Diarrhoeal Disease,2017,28,45.0,0.0,22.75,72.833333,5.679999853,303.62,3.0,2017-07-16
Gujarat,Kheda,Acute Diarrhoeal Disease,2017,49,23.0,0.0,22.75,72.833333,0.2810998503,296.47,5.0,2017-12-08
Gujarat,Kheda,Acute Diarrhoeal Disease,2018,21,23.0,0.0,22.75,72.833333,6.56e-05,319.14,4.0,2018-05-27
Gujarat,Kheda,Acute Diarrhoeal Disease,2018,29,18.0,0.0,22.75,72.833333,1.467803365,290.44,,2018-07-20
Gujarat,Kheda,Acute Diarrhoeal Disease,2019,21,55.0,0.0,22.75,72.833333,7.54e-05,317.5933334,,2019-05-25
Gujarat,Kheda,Acute Diarrhoeal Disease,2019,30,18.0,0.0,22.75,72.833333,0.1766005699,311.89,5.0,2019-07-24
Gujarat,Kheda,Acute Diarrhoeal Disease,2022,12,19.0,0.0,22.75,72.833333,8.42e-05,311.62333340000004,6.0,2022-03-23
Gujarat,Kheda,Chikungunya,2011,16,19.0,0.0,22.75,72.833333,0.001741688785,316.0966666,5.0,2011-04-19
Gujarat,Kheda,Chikungunya,2012,18,105.0,0.0,22.75,72.833333,4.4200000000000004e-05,317.32166659999996,5.0,2012-05-03
Gujarat,Kheda,Chikungunya,2013,14,61.0,0.0,22.75,72.833333,5.57e-05,313.8,5.0,2013-04-03
Gujarat,Kheda,Cholera,2016,12,82.0,0.0,22.75,72.833333,8.13e-05,312.1733334,6.0,2016-03-23
Gujarat,Kheda,Cholera,2016,26,37.0,0.0,22.75,72.833333,0.6336163037,316.06,4.0,2016-07-01
Gujarat,Kheda,Cholera,2016,32,77.0,1.0,22.75,72.833333,0.8092235402,,3.0,2016-08-09
Gujarat,Kheda,Cholera,2017,50,2.0,0.0,22.75,72.833333,0.004625559769,300.225,6.0,2017-12-13
Gujarat,Kheda,Cholera,2021,26,10.0,0.0,22.75,72.833333,0.04506399228,307.52,7.0,2021-06-29
Gujarat,Kheda,Cholera,2021,28,10.0,0.0,22.75,72.833333,0.2755054941,311.66,5.0,2021-07-14
Gujarat,Kutch,Acute Diarrhoeal Disease,2011,19,99.0,0.0,23.583333,70.0,0.0002663771331,316.3833334,3.0,2011-05-13
Gujarat,Kutch,Acute Diarrhoeal Disease,2012,13,50.0,0.0,23.583333,70.0,9.53e-05,312.5266666,4.0,2012-03-30
Gujarat,Kutch,Acute Diarrhoeal Disease,2012,34,33.0,0.0,23.583333,70.0,0.01114512451,312.91,2.0,2012-08-22
Gujarat,Kutch,Acute Diarrhoeal Disease,2012,41,15.0,1.0,23.583333,70.0,5.61e-05,314.57,7.0,2012-10-08
Gujarat,Kutch,Chikungunya,2010,31,524.0,0.0,23.583333,70.0,0.8300368866,294.44,5.0,2010-08-06
Gujarat,Mahesana,Acute Diarrhoeal Disease,2011,20,158.0,0.0,23.6015557,72.3867981,0.001998657765,316.1866666,6.0,2011-05-18
Gujarat,Mahesana,Acute Diarrhoeal Disease,2014,19,12.0,0.0,23.6015557,72.3867981,0.007544037127,317.232,,2014-05-08
Gujarat,Mahesana,Acute Diarrhoeal Disease,2014,21,14.0,0.0,23.6015557,72.3867981,0.001093470186,318.5133334,,2014-05-24
Gujarat,Mahesana,Acute Diarrhoeal Disease,2014,27,28.0,0.0,23.6015557,72.3867981,0.04202152712,311.95,4.0,2014-07-05
Gujarat,Mahesana,Acute Diarrhoeal Disease,2014,30,44.0,0.0,23.6015557,72.3867981,1.166922086,,3.0,2014-07-24
Gujarat,Mahesana,Acute Diarrhoeal Disease,2015,25,10.0,0.0,23.6015557,72.3867981,0.08118033826,311.545,5.0,2015-06-20
Gujarat,Mahesana,Acute Diarrhoeal Disease,2016,40,38.0,0.0,23.6015557,72.3867981,1.01484334,302.34000000000003,,2016-10-07
Gujarat,Mahesana,Acute Diarrhoeal Disease,2017,28,59.0,0.0,23.6015557,72.3867981,0.110457854,310.49,,2017-07-11
Gujarat,Mahesana,Acute Diarrhoeal Disease,2017,44,56.0,0.0,23.6015557,72.3867981,4.78e-05,307.58,9.0,2017-11-03
Gujarat,Mahesana,Acute Diarrhoeal Disease,2019,1,12.0,0.0,23.6015557,72.3867981,0.0001120414055,298.01,7.0,2019-01-01
Gujarat,Mahesana,Acute Diarrhoeal Disease,2019,24,13.0,0.0,23.6015557,72.3867981,0.04759859363,317.5966666,5.0,2019-06-13
Gujarat,Mahesana,Acute Diarrhoeal Disease,2019,42,250.0,0.0,23.6015557,72.3867981,0.01058782493,307.8266666,,2019-10-15
Gujarat,Mahesana,Acute Diarrhoeal Disease,2020,4,45.0,0.0,23.6015557,72.3867981,6.17e-05,297.6633334,,2020-01-24
Gujarat,Mahesana,Chikungunya,2016,43,27.0,0.0,23.6015557,72.3867981,2.73e-05,306.86333340000004,11.0,2016-10-27
Gujarat,Mahesana,Chikungunya,2016,44,12.0,0.0,23.6015557,72.3867981,9.91e-05,307.83,10.0,2016-11-02
Gujarat,Mahesana,Chikungunya,2017,12,18.0,0.0,23.6015557,72.3867981,5.77e-05,310.69,7.0,2017-03-23
Gujarat,Mehsana,Acute Diarrhoeal Disease,2013,22,27.0,0.0,23.6015557,72.3867981,0.005066166348,315.616,,2013-06-01
Gujarat,Mehsana,Acute Diarrhoeal Disease,2015,4,37.0,0.0,23.6015557,72.3867981,0.0003403025753,297.50333340000003,11.0,2015-01-21
Gujarat,Mehsana,Acute Diarrhoeal Disease,2015,8,20.0,0.0,23.6015557,72.3867981,6.69e-05,305.08,10.0,2015-02-21
Gujarat,Mehsana,Acute Diarrhoeal Disease,2016,2,18.0,0.0,23.6015557,72.3867981,2.4e-05,300.94,10.0,2016-01-13
Gujarat,Mehsana,Chikungunya,2013,14,73.0,0.0,23.6015557,72.3867981,5.57e-05,313.43,6.0,2013-04-03
Gujarat,Morbi,Acute Diarrhoeal Disease,2015,24,98.0,0.0,22.8176662,70.8345928,0.05572676094,315.228,2.0,2015-06-12
Gujarat,Morbi,Acute Diarrhoeal Disease,2016,47,113.0,0.0,22.8176662,70.8345928,5.96e-05,307.59000000000003,5.0,2016-11-25
Gujarat,Morbi,Acute Diarrhoeal Disease,2018,28,46.0,0.0,22.8176662,70.8345928,0.1675780561,314.12,1.0,2018-07-15
Gujarat,Morbi,Acute Diarrhoeal Disease,2019,50,190.0,0.0,22.8176662,70.8345928,6.14e-05,301.62,9.0,2019-12-09
Gujarat,Morbi,Acute Diarrhoeal Disease,2021,23,44.0,0.0,22.8176662,70.8345928,0.01993589005,309.2566666,3.0,2021-06-11
Gujarat,Morbi,Chikungunya,2017,41,19.0,0.0,22.8176662,70.8345928,7.82e-05,309.9566666,9.0,2017-10-10
Gujarat,Narmada,Acute Diarrhoeal Disease,2010,52,16.0,0.0,21.8678464,73.5025585,0.0001274969872,302.06,9.0,2010-12-29
Gujarat,Narmada,Acute Diarrhoeal Disease,2013,30,20.0,0.0,21.8678464,73.5025585,0.6817206856,,1.0,2013-07-25
Gujarat,Narmada,Acute Diarrhoeal Disease,2014,36,17.0,0.0,21.8678464,73.5025585,1.08466022,302.08,5.0,2014-09-02
Gujarat,Narmada,Acute Diarrhoeal Disease,2018,14,19.0,1.0,21.8678464,73.5025585,6.65e-05,316.4566666,6.0,2018-04-02
Gujarat,Narmada,Acute Diarrhoeal Disease,2018,28,31.0,0.0,21.8678464,73.5025585,1.033709667,,1.0,2018-07-14
Gujarat,Narmada,Chikungunya,2012,14,16.0,0.0,21.8678464,73.5025585,6.86e-05,315.7866666,5.0,2012-04-04
Gujarat,Narmada,Cholera,2010,41,39.0,1.0,21.8678464,73.5025585,0.09825528651,306.78000000000003,,2010-10-15
Gujarat,Narmada,Cholera,2015,26,15.0,0.0,21.8678464,73.5025585,0.1861349374,307.94,7.0,2015-06-24
Gujarat,Narmada,Cholera,2016,24,41.0,1.0,21.8678464,73.5025585,0.004507394,313.30400000000003,5.0,2016-06-13
Gujarat,Navsari,Acute Diarrhoeal Disease,2010,17,99.0,0.0,20.952407,72.9323831,5.82e-05,317.99333340000004,,2010-05-01
Gujarat,Navsari,Acute Diarrhoeal Disease,2010,21,58.0,0.0,20.952407,72.9323831,0.001981435482,308.31333340000003,5.0,2010-05-27
Gujarat,Navsari,Acute Diarrhoeal Disease,2010,25,54.0,0.0,20.952407,72.9323831,0.02331308607,308.12,5.0,2010-06-24
Gujarat,Navsari,Acute Diarrhoeal Disease,2010,35,164.0,0.0,20.952407,72.9323831,1.693848304,291.94,5.0,2010-09-04
Gujarat,Navsari,Acute Diarrhoeal Disease,2011,8,29.0,0.0,20.952407,72.9323831,0.0008183304689,304.848,4.0,2011-02-21
Gujarat,Navsari,Acute Diarrhoeal Disease,2011,28,19.0,0.0,20.952407,72.9323831,1.454790023,,,2011-07-11
Gujarat,Navsari,Acute Diarrhoeal Disease,2011,35,35.0,0.0,20.952407,72.9323831,1.846970939,,,2011-08-29
Gujarat,Navsari,Acute Diarrhoeal Disease,2013,41,14.0,0.0,20.952407,72.9323831,0.2864003961,302.57,,2013-10-08
Gujarat,Navsari,Acute Diarrhoeal Disease,2014,32,47.0,0.0,20.952407,72.9323831,0.5151682244,297.62,5.0,2014-08-08
Gujarat,Navsari,Acute Diarrhoeal Disease,2015,20,45.0,0.0,20.952407,72.9323831,4.55e-05,312.68333340000004,5.0,2015-05-11
Gujarat,Navsari,Acute Diarrhoeal Disease,2015,26,16.0,0.0,20.952407,72.9323831,1.366120498,,,2015-06-26
Gujarat,Navsari,Acute Diarrhoeal Disease,2015,28,26.0,0.0,20.952407,72.9323831,0.1266921799,301.34000000000003,,2015-07-12
Gujarat,Navsari,Acute Diarrhoeal Disease,2015,29,21.0,0.0,20.952407,72.9323831,0.1098257563,300.02,5.0,2015-07-14
Gujarat,Navsari,Acute Diarrhoeal Disease,2016,26,12.0,0.0,20.952407,72.9323831,0.8845653906,301.76,4.0,2016-07-01
Gujarat,Navsari,Acute Diarrhoeal Disease,2016,29,211.0,0.0,20.952407,72.9323831,0.4131803171333333,300.66,3.0,2016-07-20
Gujarat,Navsari,Acute Diarrhoeal Disease,2016,50,39.0,0.0,20.952407,72.9323831,4.99e-05,305.2366666,5.0,2016-12-13
Gujarat,Navsari,Acute Diarrhoeal Disease,2018,10,27.0,0.0,20.952407,72.9323831,4.4e-05,308.408,3.0,2018-03-08
Gujarat,Navsari,Acute Diarrhoeal Disease,2018,16,22.0,0.0,20.952407,72.9323831,7.16e-05,312.2966666,,2018-04-22
Gujarat,Navsari,Acute Diarrhoeal Disease,2018,27,23.0,0.0,20.952407,72.9323831,0.3879520571,300.135,,2018-07-03
Gujarat,Navsari,Acute Diarrhoeal Disease,2021,22,15.0,0.0,20.952407,72.9323831,0.07229866355,305.425,7.0,2021-06-06
Gujarat,Navsari,Acute Diarrhoeal Disease,2021,28,12.0,0.0,20.952407,72.9323831,0.7119743677,,7.0,2021-07-17
Gujarat,Navsari,Acute Diarrhoeal Disease,2021,29,31.0,0.0,20.952407,72.9323831,0.4284612797,,1.0,2021-07-25
Gujarat,Navsari,Acute Diarrhoeal Disease,2021,42,5.0,0.0,20.952407,72.9323831,9.5e-05,305.728,9.0,2021-10-21
Gujarat,Navsari,Acute Diarrhoeal Disease,2021,47,12.0,0.0,20.952407,72.9323831,0.03195768538,301.8,7.0,2021-11-22
Gujarat,Navsari,Acute Diarrhoeal Disease,2021,52,21.0,0.0,20.952407,72.9323831,0.00499654567,298.955,5.0,2022-01-02
Gujarat,Navsari,Acute Diarrhoeal Disease,2022,10,57.0,0.0,20.952407,72.9323831,0.0001374485643,307.9233334,4.0,2022-03-08
Gujarat,Navsari,Acute Diarrhoeal Disease,2022,12,19.0,0.0,20.952407,72.9323831,8.8e-05,309.62,4.0,2022-03-27
Gujarat,Navsari,Acute Diarrhoeal Disease,2022,19,47.0,0.0,20.952407,72.9323831,8.75e-05,307.56333340000003,3.0,2022-05-15
Gujarat,Navsari,Chikungunya,2016,42,42.0,0.0,20.952407,72.9323831,1.58e-05,305.5066666,,2016-10-23
Gujarat,Navsari,Cholera,2010,25,251.0,0.0,20.952407,72.9323831,0.02331308607,308.12,5.0,2010-06-24
Gujarat,Navsari,Cholera,2011,26,46.0,0.0,20.952407,72.9323831,0.1507648294,306.8,,2011-07-03
Gujarat,Navsari,Cholera,2012,27,87.0,0.0,20.952407,72.9323831,0.5929920254,,2.0,2012-07-08
Gujarat,Navsari,Cholera,2013,26,32.0,0.0,20.952407,72.9323831,0.5544591588,301.64,4.0,2013-06-28
Gujarat,Navsari,Cholera,2017,30,47.0,0.0,20.952407,72.9323831,1.214032591,,,2017-07-27
Gujarat,Navsari,Cholera,2019,30,25.0,0.0,20.952407,72.9323831,0.1795757448,304.285,7.0,2019-07-24
Gujarat,Navsari,Cholera,2021,40,72.0,0.0,20.952407,72.9323831,2.271852291,298.36,10.0,2021-10-04
Gujarat,Navsari,Malaria,2011,17,28.0,0.0,20.952407,72.9323831,0.0001314640023,311.77,4.0,2011-04-27
Gujarat,Navsari,Malaria,2011,20,53.0,0.0,20.952407,72.9323831,0.0003037917781,311.8,,2011-05-16
Gujarat,Navsari,Malaria,2013,48,102.0,1.0,20.952407,72.9323831,6.01e-05,305.7,,2013-11-25
Gujarat,Navsari,Malaria,2016,14,114.0,0.0,20.952407,72.9323831,4.11e-05,312.612,3.0,2016-04-04
Gujarat,Panchmahal,AES,2010,29,6.0,6.0,22.7748893,73.620404,0.4808198686,307.59000000000003,6.0,2010-07-23
Gujarat,Panchmahal,Acute Diarrhoeal Disease,2011,28,4.0,1.0,22.7748893,73.620404,0.5380064098,,2.0,2011-07-17
Gujarat,Panchmahal,Acute Diarrhoeal Disease,2013,36,20.0,0.0,22.7748893,73.620404,0.1404138686,299.712,24.0,2013-09-08
Gujarat,Panchmahal,Acute Diarrhoeal Disease,2013,37,9.0,1.0,22.7748893,73.620404,0.02069188601,304.668,21.0,2013-09-15
Gujarat,Panchmahal,Acute Diarrhoeal Disease,2014,22,11.0,0.0,22.7748893,73.620404,0.0002850627042,319.2466666,,2014-06-01
Gujarat,Panchmahal,Chikungunya,2012,18,26.0,0.0,22.7748893,73.620404,3.74e-05,320.78000000000003,4.0,2012-05-02
Gujarat,Panchmahal,Chikungunya,2012,37,12.0,0.0,22.7748893,73.620404,3.465302268,297.28000000000003,12.0,2012-09-11
Gujarat,Panchmahal,Chikungunya,2012,39,38.0,0.0,22.7748893,73.620404,0.2178434347,302.06,22.0,2012-09-25
Gujarat,Panchmahal,Chikungunya,2013,45,10.0,0.0,22.7748893,73.620404,4.73e-05,306.5866666,10.0,2013-11-07
Gujarat,Panchmahal,Cholera,2010,19,6.0,0.0,22.7748893,73.620404,3e-05,324.7,3.0,2010-05-12
Gujarat,Panchmahal,Cholera,2019,41,1.0,1.0,22.7748893,73.620404,0.06211634838,302.564,22.0,2019-10-09
Gujarat,Panchmahal,Malaria,2013,16,14.0,0.0,22.7748893,73.620404,0.01125508684,318.288,4.0,2013-04-20
Gujarat,Patan,Acute Diarrhoeal Disease,2017,8,59.0,1.0,23.77405735,71.68373466,6.74e-05,311.13,,2017-02-26
Gujarat,Patan,Acute Diarrhoeal Disease,2017,20,147.0,0.0,23.77405735,71.68373466,0.0002845194639,318.2066666,3.0,2017-05-21
Gujarat,Patan,Acute Diarrhoeal Disease,2022,2,7.0,0.0,23.77405735,71.68373466,0.06509449409,299.08,9.0,2022-01-11
Gujarat,Patan,Chikungunya,2011,49,13.0,0.0,23.77405735,71.68373466,5.28e-05,309.75333340000003,4.0,2011-12-07
Gujarat,Patan,Dengue,2013,36,49.0,1.0,23.77405735,71.68373466,0.04590138707,303.632,6.0,2013-09-04
Gujarat,Porbandar,Acute Diarrhoeal Disease,2018,30,26.0,0.0,21.6409,69.611,1.264608286,,1.0,2018-07-23
Gujarat,Porbandar,Chikungunya,2017,5,44.0,0.0,21.6409,69.611,4.44e-05,306.78400000000005,,2017-02-02
Gujarat,Rajkot,Acute Diarrhoeal Disease,2010,37,218.0,0.0,22.3053263,70.8028377,0.1354442078,302.105,12.0,2010-09-19
Gujarat,Rajkot,Acute Diarrhoeal Disease,2010,39,42.0,0.0,22.3053263,70.8028377,0.2495346102,307.36,13.0,2010-10-01
Gujarat,Rajkot,Acute Diarrhoeal Disease,2010,42,52.0,0.0,22.3053263,70.8028377,0.004879983819,309.2,11.0,2010-10-22
Gujarat,Rajkot,Acute Diarrhoeal Disease,2011,46,20.0,0.0,22.3053263,70.8028377,4.26e-05,308.9066666,10.0,2011-11-15
Gujarat,Rajkot,Acute Diarrhoeal Disease,2011,47,231.0,0.0,22.3053263,70.8028377,9.14e-05,308.77,10.0,2011-11-22
Gujarat,Rajkot,Acute Diarrhoeal Disease,2011,48,29.0,0.0,22.3053263,70.8028377,0.000838247386,305.225,,2011-12-02
Gujarat,Rajkot,Acute Diarrhoeal Disease,2012,10,61.0,0.0,22.3053263,70.8028377,0.0001730151463,309.1966666,5.0,2012-03-10
Gujarat,Rajkot,Acute Diarrhoeal Disease,2013,26,21.0,0.0,22.3053263,70.8028377,0.1016335968,310.035,4.0,2013-06-27
Gujarat,Rajkot,Acute Diarrhoeal Disease,2015,2,44.0,0.0,22.3053263,70.8028377,0.005514882421,303.152,5.0,2015-01-07
Gujarat,Rajkot,Acute Diarrhoeal Disease,2016,24,89.0,0.0,22.3053263,70.8028377,0.01895826123,309.8433334,2.0,2016-06-18
Gujarat,Rajkot,Acute Diarrhoeal Disease,2017,9,23.0,0.0,22.3053263,70.8028377,7.26e-05,313.4766666,4.0,2017-02-28
Gujarat,Rajkot,Acute Diarrhoeal Disease,2019,14,70.0,0.0,22.3053263,70.8028377,6.94e-05,321.5566666,,2019-04-06
Gujarat,Rajkot,Cholera,2011,37,44.0,0.0,22.3053263,70.8028377,1.011349505,295.33,14.0,2011-09-15
Gujarat,Sabarkantha,Acute Diarrhoeal Disease,2011,2,32.0,0.0,24.0294885,73.0459884,8.2e-05,298.75333340000003,,2011-01-16
Gujarat,Sabarkantha,Acute Diarrhoeal Disease,2011,14,25.0,0.0,24.0294885,73.0459884,0.0001406455982,313.7966666,5.0,2011-04-10
Gujarat,Sabarkantha,Acute Diarrhoeal Disease,2011,17,12.0,0.0,24.0294885,73.0459884,3.48e-05,320.8233334,5.0,2011-04-27
Gujarat,Sabarkantha,Acute Diarrhoeal Disease,2011,24,176.0,0.0,24.0294885,73.0459884,0.01258606819,313.816,6.0,2011-06-15
Gujarat,Sabarkantha,Acute Diarrhoeal Disease,2012,20,12.0,0.0,24.0294885,73.0459884,0.00277135941,315.0133334,7.0,2012-05-17
Gujarat,Sabarkantha,Acute Diarrhoeal Disease,2013,27,7.0,0.0,24.0294885,73.0459884,0.1712291853,306.9466666,,2013-07-03
Gujarat,Sabarkantha,Acute Diarrhoeal Disease,2013,40,35.0,0.0,24.0294885,73.0459884,0.9914794766,299.21,20.0,2013-10-03
Gujarat,Sabarkantha,Acute Diarrhoeal Disease,2014,42,263.0,0.0,24.0294885,73.0459884,6.66e-05,305.83,15.0,2014-10-18
Gujarat,Sabarkantha,Acute Diarrhoeal Disease,2015,23,63.0,0.0,24.0294885,73.0459884,0.0001699508136,317.6633334,,2015-06-01
Gujarat,Sabarkantha,Acute Diarrhoeal Disease,2015,27,136.0,0.0,24.0294885,73.0459884,0.5508577996666667,301.29333333333335,6.0,2015-06-29
Gujarat,Sabarkantha,Acute Diarrhoeal Disease,2016,22,27.0,0.0,24.0294885,73.0459884,0.009809507705,311.0433334,5.0,2016-06-02
Gujarat,Sabarkantha,Acute Diarrhoeal Disease,2017,38,34.0,0.0,24.0294885,73.0459884,0.3329927846,303.05333340000004,,2017-09-21
Gujarat,Sabarkantha,Acute Diarrhoeal Disease,2018,21,78.0,0.0,24.0294885,73.0459884,5.58e-05,315.755,6.0,2018-05-24
Gujarat,Sabarkantha,Acute Diarrhoeal Disease,2020,24,8.0,0.0,24.0294885,73.0459884,0.2213283721,309.0366666,7.0,2020-06-12
Gujarat,Sabarkantha,Chikungunya,2010,38,11.0,0.0,24.0294885,73.0459884,0.00813693022,302.27,23.0,2010-09-26
Gujarat,Sabarkantha,Chikungunya,2011,39,11.0,0.0,24.0294885,73.0459884,0.06785677637,300.1433334,20.0,2011-09-26
Gujarat,Sabarkantha,Cholera,2014,33,23.0,1.0,24.0294885,73.0459884,1.656777275,300.72,,2014-08-12
Gujarat,Sabarkantha,Dengue,2015,21,22.0,0.0,24.0294885,73.0459884,0.004588629021,319.7366666,6.0,2015-05-20
Gujarat,Sabarkantha,Dengue,2022,17,4.0,3.0,24.0294885,73.0459884,0.0004518239242,318.4766666,7.0,2022-04-26
Gujarat,Surat,Acute Diarrhoeal Disease,2010,22,15.0,0.0,21.19177615,72.95441578,0.06013076757,310.876,8.0,2010-06-04
Gujarat,Surat,Acute Diarrhoeal Disease,2010,32,24.0,0.0,21.19177615,72.95441578,0.5743738278,291.72,10.0,2010-08-15
Gujarat,Surat,Acute Diarrhoeal Disease,2010,36,20.0,0.0,21.19177615,72.95441578,1.20702249,298.2,8.0,2010-09-12
Gujarat,Surat,Acute Diarrhoeal Disease,2011,1,12.0,0.0,21.19177615,72.95441578,0.0001914493211,299.896,8.0,2011-01-04
Gujarat,Surat,Acute Diarrhoeal Disease,2011,5,17.0,0.0,21.19177615,72.95441578,6.28e-05,303.208,6.0,2011-01-31
Gujarat,Surat,Acute Diarrhoeal Disease,2011,9,34.0,0.0,21.19177615,72.95441578,0.0001570309926,308.256,,2011-03-05
Gujarat,Surat,Acute Diarrhoeal Disease,2011,10,32.0,0.0,21.19177615,72.95441578,9.06e-05,309.376,7.0,2011-03-08
Gujarat,Surat,Acute Diarrhoeal Disease,2011,22,15.0,0.0,21.19177615,72.95441578,0.03202568453,308.94,7.0,2011-06-04
Gujarat,Surat,Acute Diarrhoeal Disease,2011,49,40.0,0.0,21.19177615,72.95441578,3.94e-05,305.40000000000003,8.0,2011-12-08
Gujarat,Surat,Acute Diarrhoeal Disease,2012,13,34.0,0.0,21.19177615,72.95441578,7.94e-05,309.23,6.0,2012-03-31
Gujarat,Surat,Acute Diarrhoeal Disease,2012,50,26.0,0.0,21.19177615,72.95441578,7.36e-05,303.3233334,8.0,2012-12-16
Gujarat,Surat,Acute Diarrhoeal Disease,2013,10,32.0,0.0,21.19177615,72.95441578,5.07e-05,311.6266666,6.0,2013-03-07
Gujarat,Surat,Acute Diarrhoeal Disease,2013,35,32.0,0.0,21.19177615,72.95441578,1.307068748,293.14,6.0,2013-08-26
Gujarat,Surat,Acute Diarrhoeal Disease,2014,15,38.0,0.0,21.19177615,72.95441578,0.0002140636356,312.0233334,7.0,2014-04-10
Gujarat,Surat,Acute Diarrhoeal Disease,2014,31,26.0,0.0,21.19177615,72.95441578,1.524562269,301.56,2.0,2014-07-31
Gujarat,Surat,Acute Diarrhoeal Disease,2014,45,37.0,0.0,21.19177615,72.95441578,5.36e-05,306.3933334,10.0,2014-11-05
Gujarat,Surat,Acute Diarrhoeal Disease,2015,24,77.0,0.0,21.19177615,72.95441578,0.2175673923,310.92,8.0,2015-06-11
Gujarat,Surat,Acute Diarrhoeal Disease,2015,29,15.0,0.0,21.19177615,72.95441578,0.1889404997,301.42,8.0,2015-07-16
Gujarat,Surat,Acute Diarrhoeal Disease,2015,32,61.0,0.0,21.19177615,72.95441578,0.567186819,298.82,4.0,2015-08-03
Gujarat,Surat,Acute Diarrhoeal Disease,2016,13,16.0,0.0,21.19177615,72.95441578,0.0004883834724,312.6366666,7.0,2016-03-30
Gujarat,Surat,Acute Diarrhoeal Disease,2016,20,204.0,0.0,21.19177615,72.95441578,0.01475131112,312.49,7.0,2016-05-17
Gujarat,Surat,Acute Diarrhoeal Disease,2016,27,23.0,0.0,21.19177615,72.95441578,0.8370399039,291.15000000000003,2.0,2016-07-08
Gujarat,Surat,Acute Diarrhoeal Disease,2016,29,31.0,0.0,21.19177615,72.95441578,0.3091098945,293.21,2.0,2016-07-20
Gujarat,Surat,Acute Diarrhoeal Disease,2017,37,18.0,0.0,21.19177615,72.95441578,0.7513579243,304.87333340000004,,2017-09-13
Gujarat,Surat,Acute Diarrhoeal Disease,2018,9,77.0,0.0,21.19177615,72.95441578,0.001935575772,308.0933334,6.0,2018-03-03
Gujarat,Surat,Acute Diarrhoeal Disease,2018,25,12.0,0.0,21.19177615,72.95441578,0.1476572732,303.985,7.0,2018-06-20
Gujarat,Surat,Acute Diarrhoeal Disease,2018,35,54.0,0.0,21.19177615,72.95441578,0.2671809516,288.79,6.0,2018-09-02
Gujarat,Surat,Acute Diarrhoeal Disease,2019,34,43.0,0.0,21.19177615,72.95441578,0.3714204194,298.34000000000003,7.0,2019-08-19
Gujarat,Surat,Acute Diarrhoeal Disease,2019,42,88.0,0.0,21.19177615,72.95441578,0.01329498765,305.7266666,13.0,2019-10-17
Gujarat,Surat,Acute Diarrhoeal Disease,2021,21,108.0,6.0,21.19177615,72.95441578,0.04020598334,302.808,10.0,2021-05-30
Gujarat,Surat,Acute Diarrhoeal Disease,2021,49,22.0,0.0,21.19177615,72.95441578,0.01361711297,300.72,,2021-12-11
Gujarat,Surat,Acute Diarrhoeal Disease,2021,50,10.0,0.0,21.19177615,72.95441578,0.0002222069655,300.75,12.0,2021-12-13
Gujarat,Surat,Cholera,2016,27,21.0,0.0,21.19177615,72.95441578,0.8702368697,283.16,2.0,2016-07-07
Gujarat,Surat,Cholera,2017,51,65.0,0.0,21.19177615,72.95441578,5.48e-05,298.52500000000003,9.0,2017-12-24
Gujarat,Surat,Cholera,2021,38,28.0,0.0,21.19177615,72.95441578,0.3946962448,300.34000000000003,9.0,2021-09-24
Gujarat,Surat,Cholera,2021,40,15.0,0.0,21.19177615,72.95441578,0.1717429095,298.788,,2021-10-08
Gujarat,Surendranagar,Acute Diarrhoeal Disease,2009,25,137.0,2.0,22.75,71.666667,0.0001163615629,312.43333340000004,3.0,2009-06-16
Gujarat,Surendranagar,Acute Diarrhoeal Disease,2010,25,76.0,0.0,22.75,71.666667,0.007075568913,312.744,2.0,2010-06-22
Gujarat,Surendranagar,Acute Diarrhoeal Disease,2010,48,68.0,0.0,22.75,71.666667,0.3640836786,300.69333340000003,5.0,2010-11-29
Gujarat,Surendranagar,Acute Diarrhoeal Disease,2012,3,138.0,0.0,22.75,71.666667,0.003225627346,300.97,,2012-01-17
Gujarat,Surendranagar,Acute Diarrhoeal Disease,2012,11,91.0,0.0,22.75,71.666667,0.0001146026329,312.99,5.0,2012-03-18
Gujarat,Surendranagar,Acute Diarrhoeal Disease,2012,22,127.0,0.0,22.75,71.666667,5.14e-05,315.2466666,3.0,2012-05-30
Gujarat,Surendranagar,Acute Diarrhoeal Disease,2012,28,32.0,1.0,22.75,71.666667,1.243289876,304.87,2.0,2012-07-14
Gujarat,Surendranagar,Acute Diarrhoeal Disease,2013,43,38.0,0.0,22.75,71.666667,0.0001278605349,309.6166666,8.0,2013-10-26
Gujarat,Surendranagar,Acute Diarrhoeal Disease,2017,24,102.0,0.0,22.75,71.666667,0.008551700984,310.44,,2017-06-17
Gujarat,Surendranagar,Acute Diarrhoeal Disease,2018,4,25.0,0.0,22.75,71.666667,5.59e-05,303.2133334,6.0,2018-01-26
Gujarat,Tapi,Acute Diarrhoeal Disease,2011,4,153.0,0.0,21.1060413,72.7008247,7.22e-05,303.5233334,5.0,2011-01-28
Gujarat,Tapi,Acute Diarrhoeal Disease,2012,42,12.0,0.0,21.1060413,72.7008247,0.0002391972427,307.648,9.0,2012-10-19
Gujarat,Tapi,Acute Diarrhoeal Disease,2012,43,75.0,0.0,21.1060413,72.7008247,5.17e-05,307.4533334,8.0,2012-10-28
Gujarat,Tapi,Acute Diarrhoeal Disease,2013,22,32.0,0.0,21.1060413,72.7008247,0.01385899395,308.2,4.0,2013-05-31
Gujarat,Tapi,Dengue,2012,43,175.0,0.0,21.1060413,72.7008247,5.87e-05,306.8766666,8.0,2012-10-25
Gujarat,Tapi,Dengue,2015,31,9.0,0.0,21.1060413,72.7008247,1.00982611,,,2015-07-27
Gujarat,Tapi (Surat),Acute Diarrhoeal Disease,2010,33,10.0,0.0,21.1060413,72.7008247,0.3417858691,299.31,8.0,2010-08-16
Gujarat,Vadodara,Acute Diarrhoeal Disease,2010,18,21.0,0.0,22.2973142,73.1942567,0.0001021245957,320.4366666,5.0,2010-05-03
Gujarat,Vadodara,Acute Diarrhoeal Disease,2010,29,41.0,2.0,22.2973142,73.1942567,0.492251303,307.72,5.0,2010-07-22
Gujarat,Vadodara,Acute Diarrhoeal Disease,2011,19,12.0,0.0,22.2973142,73.1942567,0.0001526603341,314.628,,2011-05-09
Gujarat,Vadodara,Acute Diarrhoeal Disease,2014,26,50.0,0.0,22.2973142,73.1942567,0.01781931182,309.22,,2014-06-26
Gujarat,Vadodara,Acute Diarrhoeal Disease,2014,39,33.0,0.0,22.2973142,73.1942567,0.1068458317,301.83,,2014-09-22
Gujarat,Vadodara,Acute Diarrhoeal Disease,2014,46,36.0,0.0,22.2973142,73.1942567,7.49e-05,306.236,11.0,2014-11-12
Gujarat,Vadodara,Acute Diarrhoeal Disease,2015,19,10.0,0.0,22.2973142,73.1942567,7.12e-05,316.8833334,6.0,2015-05-10
Gujarat,Vadodara,Acute Diarrhoeal Disease,2018,6,203.0,0.0,22.2973142,73.1942567,0.0003184515001,304.98,8.0,2018-02-07
Gujarat,Vadodara,Acute Diarrhoeal Disease,2018,22,15.0,0.0,22.2973142,73.1942567,0.0001097851973,316.92400000000004,5.0,2018-05-29
Gujarat,Vadodara,Acute Diarrhoeal Disease,2018,27,26.0,1.0,22.2973142,73.1942567,0.4468057556,,,2018-07-04
Gujarat,Vadodara,Acute Diarrhoeal Disease,2019,28,20.0,0.0,22.2973142,73.1942567,0.1829838399,304.88,9.0,2019-07-13
Gujarat,Vadodara,Chikungunya,2011,41,25.0,0.0,22.2973142,73.1942567,0.001700838664,308.17,11.0,2011-10-12
Gujarat,Vadodara,Cholera,2011,33,23.0,0.0,22.2973142,73.1942567,0.9328676717,298.86,7.0,2011-08-18
Gujarat,Vadodara,Cholera,2014,40,35.0,0.0,22.2973142,73.1942567,0.05149728213,305.4266666,13.0,2014-10-01
Gujarat,Vadodara,Cholera,2016,29,47.0,0.0,22.2973142,73.1942567,0.4174039821,300.52,5.0,2016-07-21
Gujarat,Vadodara,Cholera,2017,26,19.0,0.0,22.2973142,73.1942567,0.7961108618,308.62,4.0,2017-06-28
Gujarat,Vadodara,Cholera,2018,27,107.0,1.0,22.2973142,73.1942567,0.4468057556,,,2018-07-04
Gujarat,Vadodara,Cholera,2018,28,15.0,0.0,22.2973142,73.1942567,0.7070851857,,2.0,2018-07-14
Gujarat,Vadodara,Cholera,2019,33,11.0,0.0,22.2973142,73.1942567,2.551227918,,,2019-08-13
Gujarat,Vadodara,Cholera,2021,30,3.0,0.0,22.2973142,73.1942567,1.138774169,,1.0,2021-07-31
Gujarat,Vadodara,Dengue,2010,32,35.0,0.0,22.2973142,73.1942567,1.547957471,287.78000000000003,,2010-08-13
Gujarat,Valsad,Acute Diarrhoeal Disease,2013,49,18.0,0.0,20.43219565,73.1409893,0.01662872702,303.428,13.0,2013-12-08
Gujarat,Valsad,Acute Diarrhoeal Disease,2014,34,63.0,0.0,20.43219565,73.1409893,0.6625803796,299.29,10.0,2014-08-18
Gujarat,Valsad,Acute Diarrhoeal Disease,2014,36,13.0,0.0,20.43219565,73.1409893,3.157529629,,7.0,2014-09-01
Gujarat,Valsad,Acute Diarrhoeal Disease,2014,37,15.0,0.0,20.43219565,73.1409893,1.361559202,297.89,10.0,2014-09-09
Gujarat,Valsad,Acute Diarrhoeal Disease,2015,7,45.0,0.0,20.43219565,73.1409893,0.0001917874173,307.3833334,,2015-02-09
Gujarat,Valsad,Acute Diarrhoeal Disease,2015,20,20.0,0.0,20.43219565,73.1409893,0.05469757396,317.9133334,,2015-05-17
Gujarat,Valsad,Acute Diarrhoeal Disease,2016,28,13.0,0.0,20.43219565,73.1409893,1.677390855,,4.0,2016-07-13
Gujarat,Valsad,Acute Diarrhoeal Disease,2017,30,13.0,0.0,20.43219565,73.1409893,3.237218046,,1.0,2017-07-26
Gujarat,Valsad,Acute Diarrhoeal Disease,2017,39,32.0,0.0,20.43219565,73.1409893,0.4020179356,299.2933334,27.0,2017-09-26
Gujarat,Valsad,Acute Diarrhoeal Disease,2018,36,48.0,0.0,20.43219565,73.1409893,0.5181203545,298.01,22.0,2018-09-07
Gujarat,Valsad,Acute Diarrhoeal Disease,2021,36,10.0,0.0,20.43219565,73.1409893,1.520053152,297.34000000000003,6.0,2021-09-11
Gujarat,Valsad,Malaria,2011,18,12.0,0.0,20.43219565,73.1409893,0.004517472025,314.4666666,7.0,2011-05-03
Haryana,Ambala,Acute Diarrhoeal Disease,2009,41,21.0,0.0,30.3843674,76.770421,0.1165951769,302.4533334,17.0,2009-10-06
Haryana,Ambala,Acute Diarrhoeal Disease,2009,43,24.0,0.0,30.3843674,76.770421,6.41e-05,302.56,11.0,2009-10-22
Haryana,Ambala,Acute Diarrhoeal Disease,2009,51,49.0,0.0,30.3843674,76.770421,0.002821091201,293.14,6.0,2009-12-15
Haryana,Ambala,Acute Diarrhoeal Disease,2011,18,41.0,0.0,30.3843674,76.770421,0.05303068409,308.18333340000004,6.0,2011-05-07
Haryana,Ambala,Acute Diarrhoeal Disease,2011,34,19.0,0.0,30.3843674,76.770421,0.9099881978,301.0466666,17.0,2011-08-27
Haryana,Ambala,Acute Diarrhoeal Disease,2011,50,49.0,0.0,30.3843674,76.770421,0.1705462967,292.90000000000003,9.0,2011-12-13
Haryana,Ambala,Acute Diarrhoeal Disease,2012,31,38.0,0.0,30.3843674,76.770421,0.5724908067,302.72,,2012-08-04
Haryana,Ambala,Acute Diarrhoeal Disease,2014,44,52.0,0.0,30.3843674,76.770421,0.01122619996,300.24,,2014-11-01
Haryana,Ambala,Acute Diarrhoeal Disease,2016,7,31.0,0.0,30.3843674,76.770421,0.01446901059,293.85200000000003,,2016-02-18
Haryana,Ambala,Acute Diarrhoeal Disease,2016,12,25.0,0.0,30.3843674,76.770421,0.1070902614,297.82,,2016-03-21
Haryana,Ambala,Acute Diarrhoeal Disease,2016,17,57.0,0.0,30.3843674,76.770421,0.02152862875,313.11333340000004,6.0,2016-04-26
Haryana,Ambala,Acute Diarrhoeal Disease,2016,36,116.0,0.0,30.3843674,76.770421,0.2867421352,303.085,,2016-09-05
Haryana,Ambala,Acute Diarrhoeal Disease,2018,30,21.0,0.0,30.3843674,76.770421,1.117438312,302.28000000000003,10.0,2018-07-26
Haryana,Ambala,Acute Diarrhoeal Disease,2019,3,15.0,0.0,30.3843674,76.770421,0.00143451636,289.27,13.0,2019-01-20
Haryana,Ambala,Acute Diarrhoeal Disease,2019,39,28.0,1.0,30.3843674,76.770421,0.2011654714,300.184,22.0,2019-09-28
Haryana,Ambala,Cholera,2013,41,60.0,1.0,30.3843674,76.770421,0.1967678515,299.41,12.0,2013-10-09
Haryana,Ambala,Cholera,2019,39,53.0,1.0,30.3843674,76.770421,0.2011654714,300.184,22.0,2019-09-28
Haryana,Ambala,Dengue,2019,42,60.0,2.0,30.3843674,76.770421,0.00961377013,301.8533334,12.0,2019-10-18
Haryana,Faridabad,Dengue,2011,41,119.0,2.0,28.4031478,77.3105561,0.0117964173,308.5766666,6.0,2011-10-10
Haryana,Fatehabad,Acute Diarrhoeal Disease,2016,38,108.0,2.0,29.51238035,75.42917898,0.0009089087277,304.3166666,25.0,2016-09-19
Haryana,Fatehabad,Acute Diarrhoeal Disease,2016,40,294.0,2.0,29.51238035,75.42917898,0.01608966947,306.7266666,14.0,2016-10-03
Haryana,Fatehabad,Acute Diarrhoeal Disease,2018,23,215.0,1.0,29.51238035,75.42917898,0.00345743643165,313.0566666,2.0,2018-06-05
Haryana,Gurgaon,Acute Diarrhoeal Disease,2010,20,230.0,1.0,28.42826235,77.00270015,0.005179284233,319.1,3.0,2010-05-19
Haryana,Gurgaon,Acute Diarrhoeal Disease,2010,27,155.0,0.0,28.42826235,77.00270015,1.267421032,308.17,4.0,2010-07-10
Haryana,Gurgaon,Acute Diarrhoeal Disease,2011,31,113.0,0.0,28.42826235,77.00270015,0.6470240605,309.42,11.0,2011-08-01
Haryana,Gurgaon,Acute Diarrhoeal Disease,2011,36,26.0,0.0,28.42826235,77.00270015,0.81172737,303.04,9.0,2011-09-09
Haryana,Gurgaon,Acute Diarrhoeal Disease,2011,48,109.0,0.0,28.42826235,77.00270015,5.77e-05,298.504,,2011-12-03
Haryana,Gurgaon,Acute Diarrhoeal Disease,2013,26,20.0,0.0,28.42826235,77.00270015,0.1193703896,311.17,4.0,2013-06-28
Haryana,Gurgaon,Cholera,2014,24,60.0,0.0,28.42826235,77.00270015,3.86e-05,316.1533334,,2014-06-09
Haryana,Gurgaon,Cholera,2017,30,40.0,0.0,28.42826235,77.00270015,0.3273653217,304.0866666,8.0,2017-07-25
Haryana,Gurgaon,Dengue,2010,29,586.0,12.0,28.42826235,77.00270015,0.1226261304,310.42,,2010-07-19
Haryana,Gurgaon,Dengue,2011,28,5.0,2.0,28.42826235,77.00270015,0.4909773682,307.66,7.0,2011-07-17
Haryana,Gurgaon,Malaria,2011,35,253.0,0.0,28.42826235,77.00270015,0.1279332482,306.01,12.0,2011-09-01
Haryana,Gurugram,Acute Diarrhoeal Disease,2018,21,52.0,0.0,28.4646148,77.0299194,0.0001483086675,317.9233334,3.0,2018-05-27
Haryana,Gurugram,Acute Diarrhoeal Disease,2021,39,20.0,0.0,28.4646148,77.0299194,0.1899488085,304.72,,2021-09-30
Haryana,Gurugram,Acute Diarrhoeal Disease,2022,22,6.0,0.0,28.4646148,77.0299194,0.06665708229,303.99333340000004,5.0,2022-05-30
Haryana,Jhajjar,Acute Diarrhoeal Disease,2009,32,37.0,0.0,28.53364155,76.68981478,0.008671530823,308.548,10.0,2009-08-06
Haryana,Jind,Acute Diarrhoeal Disease,2010,21,1394.0,2.0,29.30182625,76.33847077,0.01700769048,320.14,,2010-05-24
Haryana,Jind,Acute Diarrhoeal Disease,2010,32,120.0,0.0,29.30182625,76.33847077,0.2777880534,303.05333340000004,16.0,2010-08-09
Haryana,Jind,Acute Diarrhoeal Disease,2012,34,119.0,0.0,29.30182625,76.33847077,2.084676426,302.14,11.0,2012-08-23
Haryana,Jind,Acute Diarrhoeal Disease,2018,21,61.0,0.0,29.30182625,76.33847077,0.003302127174,315.6633334,,2018-05-25
Haryana,Kaithal,Acute Diarrhoeal Disease,2009,43,34.0,0.0,29.82282075,76.37830987,4.26e-05,302.56,,2009-10-23
Haryana,Kaithal,Acute Diarrhoeal Disease,2014,36,28.0,1.0,29.82282075,76.37830987,0.7375409567,300.8266666,,2014-09-05
Haryana,Kaithal,Acute Diarrhoeal Disease,2016,23,28.0,0.0,29.82282075,76.37830987,0.04098758289,309.2766666,2.0,2016-06-10
Haryana,Kaithal,Acute Diarrhoeal Disease,2019,17,28.0,0.0,29.82282075,76.37830987,0.04091918687,309.8933334,3.0,2019-04-26
Haryana,Kaithal,Acute Diarrhoeal Disease,2021,42,38.0,0.0,29.82282075,76.37830987,1.399919414,302.845,,2021-10-23
Haryana,Kaithal,Cholera,2012,26,76.0,0.0,29.82282075,76.37830987,0.02904895053,304.08,2.0,2012-06-30
Haryana,Karnal,Acute Diarrhoeal Disease,2010,37,460.0,6.0,29.6803266,76.9896254,2.594754971,299.0,,2010-09-14
Haryana,Karnal,Acute Diarrhoeal Disease,2011,41,37.0,0.0,29.6803266,76.9896254,0.04768943848,304.448,9.0,2011-10-14
Haryana,Karnal,Acute Diarrhoeal Disease,2012,33,13.0,0.0,29.6803266,76.9896254,0.6979880794,304.08,22.0,2012-08-15
Haryana,Karnal,Acute Diarrhoeal Disease,2017,28,10.0,0.0,29.6803266,76.9896254,0.1339377585,301.112,,2017-07-11
Haryana,Karnal,Acute Diarrhoeal Disease,2021,32,36.0,0.0,29.6803266,76.9896254,0.4465139319,302.54,24.0,2021-08-09
Haryana,Karnal,Acute Diarrhoeal Disease,2021,33,26.0,0.0,29.6803266,76.9896254,0.511081673,301.13,20.0,2021-08-22
Haryana,Karnal,Cholera,2010,26,56.0,0.0,29.6803266,76.9896254,0.1474472391,302.255,,2010-07-03
Haryana,Karnal,Cholera,2012,35,26.0,0.0,29.6803266,76.9896254,0.5788694536,300.14,22.0,2012-09-01
Haryana,Karnal,Malaria,2010,30,142.0,0.0,29.6803266,76.9896254,0.6692870258,301.06,16.0,2010-07-31
Haryana,Kurukshetra,Acute Diarrhoeal Disease,2011,4,12.0,0.0,29.9693747,76.8482787,0.0001306651459,289.6033334,12.0,2011-01-29
Haryana,Kurukshetra,Acute Diarrhoeal Disease,2012,27,694.0,0.0,29.9693747,76.8482787,0.0406073827,307.948,3.0,2012-07-02
Haryana,Kurukshetra,Acute Diarrhoeal Disease,2018,31,11.0,0.0,29.9693747,76.8482787,1.029942644,300.65000000000003,14.0,2018-07-31
Haryana,Kurukshetra,Acute Diarrhoeal Disease,2018,32,20.0,0.0,29.9693747,76.8482787,0.1532728888,298.675,16.0,2018-08-06
Haryana,Kurukshetra,Acute Diarrhoeal Disease,2018,36,11.0,0.0,29.9693747,76.8482787,0.946116861,302.0,19.0,2018-09-07
Haryana,Kurukshetra,Acute Diarrhoeal Disease,2019,37,28.0,0.0,29.9693747,76.8482787,0.1537639687,302.1333334,21.0,2019-09-15
Haryana,Kurukshetra,Acute Diarrhoeal Disease,2021,35,16.0,0.0,29.9693747,76.8482787,0.3041257083,300.32,16.0,2021-09-03
Haryana,Kurukshetra,Cholera,2009,42,41.0,1.0,29.9693747,76.8482787,0.002794920697,302.8566666,10.0,2009-10-13
Haryana,Kurukshetra,Cholera,2010,28,5.0,0.0,29.9693747,76.8482787,1.240352412,303.045,,2010-07-12
Haryana,Kurukshetra,Cholera,2013,39,74.0,0.0,29.9693747,76.8482787,0.3282719552,300.8566666,,2013-09-29
Haryana,Mewat,Malaria,2015,36,727.0,2.0,27.993178,77.04073903,0.01042826838,304.24333340000004,17.0,2015-09-01
Haryana,Narnaul,Acute Diarrhoeal Disease,2010,29,465.0,0.0,27.99708325,76.07576218,0.2608407146,311.92,6.0,2010-07-21
Haryana,Nuh,Dengue,2021,35,19.0,0.0,28.09734515,77.05085582,0.5809280116,299.94,12.0,2021-09-03
Haryana,Palwal,Acute Diarrhoeal Disease,2009,27,57.0,0.0,28.1769589,77.37311204,0.1547586485,307.83,4.0,2009-07-05
Haryana,Palwal,Acute Diarrhoeal Disease,2011,31,159.0,5.0,28.1769589,77.37311204,0.755796567,302.93,11.0,2011-08-03
Haryana,Palwal,Acute Diarrhoeal Disease,2011,35,171.0,6.0,28.1769589,77.37311204,0.5296756632,303.32,15.0,2011-08-30
Haryana,Palwal,Malaria,2013,37,68.0,5.0,28.1769589,77.37311204,0.002385195117,302.528,17.0,2013-09-10
Haryana,Panchkula,Chikungunya,2011,39,37.0,0.0,30.7137692,76.868276,0.07678103099,302.0333334,15.0,2011-10-01
Haryana,Panchkula,Cholera,2011,33,5.0,0.0,30.7137692,76.868276,1.956093124,300.11333340000004,,2011-08-20
Haryana,Panchkula,Cholera,2012,24,59.0,0.0,30.7137692,76.868276,0.012767892,314.752,5.0,2012-06-13
Haryana,Panchkula,Cholera,2014,35,1552.0,0.0,30.7137692,76.868276,0.03640993686,303.76,,2014-08-29
Haryana,Panchkula,Cholera,2019,37,108.0,0.0,30.7137692,76.868276,0.4429856255,300.276,23.0,2019-09-10
Haryana,Panchkula,Cholera,2021,28,951.0,2.0,30.7137692,76.868276,0.453999401,305.1,8.0,2021-07-13
Haryana,Panipat,Acute Diarrhoeal Disease,2015,31,233.0,4.0,29.3912753,76.9771675,0.2045576086,303.1466666,,2015-07-27
Haryana,Panipat,Acute Diarrhoeal Disease,2022,16,6.0,0.0,29.3912753,76.9771675,0.007797900735,309.8166666,,2022-04-23
Haryana,Panipat,Cholera,2009,38,820.0,14.0,29.3912753,76.9771675,1.189492367,301.37333340000004,20.0,2009-09-16
Haryana,Rohtak,Acute Diarrhoeal Disease,2011,19,58.0,0.0,28.9010899,76.5801935,0.04773047419,316.53000000000003,3.0,2011-05-11
Haryana,Rohtak,Acute Diarrhoeal Disease,2012,23,121.0,0.0,28.9010899,76.5801935,0.007715406346,318.248,2.0,2012-06-05
Haryana,Sirsa,Acute Diarrhoeal Disease,2013,45,100.0,0.0,29.583333,75.083333,0.008162282452,302.06333340000003,6.0,2013-11-07
Haryana,Sirsa,Acute Diarrhoeal Disease,2014,45,31.0,0.0,29.583333,75.083333,0.01078927966,303.572,,2014-11-08
Haryana,Yamuna Nagar,Acute Diarrhoeal Disease,2011,18,33.0,0.0,30.1389108,77.301064,0.001068512926,309.6633334,4.0,2011-05-04
Haryana,Yamuna Nagar,Acute Diarrhoeal Disease,2015,6,110.0,0.0,30.1389108,77.301064,0.02581062705,289.475,17.0,2015-02-03
Haryana,Yamuna Nagar,Acute Diarrhoeal Disease,2015,28,41.0,0.0,30.1389108,77.301064,0.714428752,300.66,4.0,2015-07-10
Haryana,Yamuna Nagar,Acute Diarrhoeal Disease,2015,31,80.0,0.0,30.1389108,77.301064,0.1322717098,301.38,15.0,2015-08-01
Haryana,Yamuna Nagar,Acute Diarrhoeal Disease,2016,26,12.0,0.0,30.1389108,77.301064,0.2067710959,305.1533334,5.0,2016-07-01
Haryana,Yamuna Nagar,Acute Diarrhoeal Disease,2018,25,99.0,0.0,30.1389108,77.301064,0.1112401818,303.94,5.0,2018-06-19
Haryana,Yamuna Nagar,Acute Diarrhoeal Disease,2019,4,45.0,0.0,30.1389108,77.301064,0.5302098992,291.4133334,13.0,2019-01-23
Haryana,Yamuna Nagar,Acute Diarrhoeal Disease,2021,28,13.0,0.0,30.1389108,77.301064,0.2146196935,303.8933334,9.0,2021-07-14
Haryana,Yamuna Nagar,Acute Diarrhoeal Disease,2021,30,31.0,0.0,30.1389108,77.301064,2.835578815,,12.0,2021-07-31
Haryana,Yamuna Nagar,Acute Diarrhoeal Disease,2021,31,21.0,0.0,30.1389108,77.301064,2.54223063,,12.0,2021-08-03
Haryana,Yamuna Nagar,Chikungunya,2011,41,14.0,0.0,30.1389108,77.301064,0.04768943848,304.448,9.0,2011-10-14
Haryana,Yamuna Nagar,Cholera,2012,22,27.0,0.0,30.1389108,77.301064,6.4e-05,314.1766666,3.0,2012-05-29
Haryana,Yamuna Nagar,Cholera,2013,35,133.0,0.0,30.1389108,77.301064,0.1675920974,299.95,,2013-08-28
Haryana,Yamuna Nagar,Cholera,2021,31,21.0,0.0,30.1389108,77.301064,2.54223063,,12.0,2021-08-03
Haryana,Yamunanagar,Acute Diarrhoeal Disease,2010,27,219.0,0.0,30.2112003,77.28638972,0.3794397078,302.36,7.0,2010-07-06
Haryana,Yamunanagar,Acute Diarrhoeal Disease,2010,33,90.0,0.0,30.2112003,77.28638972,0.6187983069,302.27,9.0,2010-08-16
Himachal Pradesh,Bilaspur,Acute Diarrhoeal Disease,2009,31,14.0,0.0,31.3380959,76.7611631,2.286832073,296.34000000000003,23.0,2009-07-30
Himachal Pradesh,Bilaspur,Acute Diarrhoeal Disease,2013,48,573.0,1.0,31.3380959,76.7611631,6.75e-05,292.5933334,12.0,2013-11-26
Himachal Pradesh,Bilaspur,Acute Diarrhoeal Disease,2021,5,309.0,0.0,31.3380959,76.7611631,0.2279965979,287.772,12.0,2021-02-06
Himachal Pradesh,Bilaspur,Dengue,2017,43,45.0,0.0,31.3380959,76.7611631,0.002334592571,298.25333340000003,,2017-10-23
Himachal Pradesh,Bilaspur,Dengue,2018,25,364.0,0.0,31.3380959,76.7611631,0.3000817268,294.5333334,23.0,2018-06-20
Himachal Pradesh,Bilaspur,Dengue,2018,27,339.0,0.0,31.3380959,76.7611631,0.7324642694,295.38,28.0,2018-07-06
Himachal Pradesh,Bilaspur,Dengue,2018,31,416.0,0.0,31.3380959,76.7611631,0.4080354645,297.175,30.0,2018-08-02
Himachal Pradesh,Bilaspur,Dengue,2018,32,680.0,0.0,31.3380959,76.7611631,1.294812451,292.885,15.0,2018-08-10
Himachal Pradesh,Bilaspur,Dengue,2018,33,339.0,0.0,31.3380959,76.7611631,1.259084377,296.045,24.0,2018-08-14
Himachal Pradesh,Chamba,Acute Diarrhoeal Disease,2009,36,253.0,0.0,32.518429,76.23086566,1.026490179,298.41,,2009-09-05
Himachal Pradesh,Chamba,Acute Diarrhoeal Disease,2009,47,53.0,0.0,32.518429,76.23086566,0.1160935897,288.4266666,10.0,2009-11-21
Himachal Pradesh,Hamirpur,Acute Diarrhoeal Disease,2009,25,33.0,0.0,31.687996,76.51925223,0.06685814675,310.1666666,,2009-06-18
Himachal Pradesh,Hamirpur,Acute Diarrhoeal Disease,2012,21,20.0,0.0,31.687996,76.51925223,0.02572132906,312.6333334,11.0,2012-05-26
Himachal Pradesh,Hamirpur,Acute Diarrhoeal Disease,2015,36,190.0,0.0,31.687996,76.51925223,0.09575289392,301.2666666,33.0,2015-09-04
Himachal Pradesh,Kangra,Acute Diarrhoeal Disease,2009,41,101.0,0.0,32.166667,76.25,0.1943406376,296.0233334,22.0,2009-10-09
Himachal Pradesh,Kangra,Acute Diarrhoeal Disease,2009,42,115.0,0.0,32.166667,76.25,0.1284155318,297.3866666,18.0,2009-10-18
Himachal Pradesh,Kangra,Acute Diarrhoeal Disease,2014,5,390.0,0.0,32.166667,76.25,0.03201482876,279.86,9.0,2014-01-29
Himachal Pradesh,Kangra,Acute Diarrhoeal Disease,2015,16,13.0,0.0,32.166667,76.25,0.149828417,294.084,13.0,2015-04-17
Himachal Pradesh,Kangra,Acute Diarrhoeal Disease,2015,46,151.0,0.0,32.166667,76.25,0.112395337,289.332,,2015-11-09
Himachal Pradesh,Kangra,Acute Diarrhoeal Disease,2015,50,25.0,0.0,32.166667,76.25,0.00478940965,289.1533334,9.0,2015-12-08
Himachal Pradesh,Kangra,Acute Diarrhoeal Disease,2017,23,40.0,0.0,32.166667,76.25,0.2305334774,303.4666666,,2017-06-09
Himachal Pradesh,Kangra,Acute Diarrhoeal Disease,2017,27,32.0,0.0,32.166667,76.25,1.668347205,289.99,,2017-07-03
Himachal Pradesh,Kangra,Acute Diarrhoeal Disease,2017,47,302.0,0.0,32.166667,76.25,0.4606819828,289.232,11.0,2017-11-20
Himachal Pradesh,Kangra,Acute Diarrhoeal Disease,2017,51,70.0,0.0,32.166667,76.25,0.6054374208,283.395,,2017-12-18
Himachal Pradesh,Kangra,Acute Diarrhoeal Disease,2018,19,397.0,0.0,32.166667,76.25,0.5611138927,300.345,,2018-05-08
Himachal Pradesh,Kangra,Acute Diarrhoeal Disease,2018,28,93.0,0.0,32.166667,76.25,0.7885911709,301.18,21.0,2018-07-09
Himachal Pradesh,Kangra,Acute Diarrhoeal Disease,2019,10,225.0,0.0,32.166667,76.25,0.3749970267,288.272,14.0,2019-03-07
Himachal Pradesh,Kangra,Acute Diarrhoeal Disease,2019,35,122.0,0.0,32.166667,76.25,0.461887375,299.204,33.0,2019-08-27
Himachal Pradesh,Kangra,Acute Diarrhoeal Disease,2020,24,28.0,0.0,32.166667,76.25,0.4374365403,301.612,22.0,2020-06-13
Himachal Pradesh,Kullu,Acute Diarrhoeal Disease,2017,27,210.0,0.0,32.00186325,77.3789964,0.5009017968,288.008,20.0,2017-07-06
Himachal Pradesh,Kullu,Acute Diarrhoeal Disease,2018,14,23.0,0.0,32.00186325,77.3789964,0.01484013113,288.77,,2018-04-07
Himachal Pradesh,Kullu,Acute Diarrhoeal Disease,2018,42,17.0,0.0,32.00186325,77.3789964,0.03333946896,286.1333334,16.0,2018-10-18
Himachal Pradesh,Kullu,Acute Diarrhoeal Disease,2019,40,51.0,1.0,32.00186325,77.3789964,0.3177570528,286.232,,2019-09-30
Himachal Pradesh,Lahaul & Spiti,Acute Diarrhoeal Disease,2009,26,9.0,0.0,32.5038495,77.58227188,0.007848185143,287.1466666,22.0,2009-06-24
Himachal Pradesh,Mandi,Acute Diarrhoeal Disease,2009,27,53.0,0.0,31.6723392,76.95331691,0.3242249213,301.0866666,20.0,2009-07-05
Himachal Pradesh,Mandi,Acute Diarrhoeal Disease,2012,26,27.0,0.0,31.6723392,76.95331691,0.167399079,300.868,17.0,2012-06-30
Himachal Pradesh,Mandi,Acute Diarrhoeal Disease,2012,27,67.0,0.0,31.6723392,76.95331691,0.08524201051,302.7233334,,2012-07-02
Himachal Pradesh,Mandi,Acute Diarrhoeal Disease,2013,33,89.0,0.0,31.6723392,76.95331691,2.408572902,288.5,,2013-08-12
Himachal Pradesh,Mandi,Acute Diarrhoeal Disease,2014,27,39.0,0.0,31.6723392,76.95331691,0.3178199835,299.54400000000004,18.0,2014-06-30
Himachal Pradesh,Mandi,Acute Diarrhoeal Disease,2014,28,16.0,0.0,31.6723392,76.95331691,0.242984163,298.1366666,,2014-07-11
Himachal Pradesh,Mandi,Acute Diarrhoeal Disease,2014,33,163.0,0.0,31.6723392,76.95331691,1.182367579,295.7,35.0,2014-08-17
Himachal Pradesh,Mandi,Acute Diarrhoeal Disease,2015,1,120.0,0.0,31.6723392,76.95331691,0.002475753501,284.1466666,9.0,2014-12-30
Himachal Pradesh,Mandi,Acute Diarrhoeal Disease,2015,8,39.0,0.0,31.6723392,76.95331691,0.6427159967,284.225,14.0,2015-02-21
Himachal Pradesh,Mandi,Acute Diarrhoeal Disease,2015,10,16.0,0.0,31.6723392,76.95331691,1.453490617,285.2733334,,2015-03-06
Himachal Pradesh,Mandi,Acute Diarrhoeal Disease,2015,11,27.0,0.0,31.6723392,76.95331691,0.3769153101,284.05333340000004,15.0,2015-03-11
Himachal Pradesh,Mandi,Acute Diarrhoeal Disease,2015,28,25.0,0.0,31.6723392,76.95331691,2.769888611,295.7266666,,2015-07-12
Himachal Pradesh,Mandi,Acute Diarrhoeal Disease,2016,31,21.0,1.0,31.6723392,76.95331691,1.443079615,294.056,18.0,2016-08-01
Himachal Pradesh,Mandi,Acute Diarrhoeal Disease,2016,33,99.0,0.0,31.6723392,76.95331691,1.4399143269999999,298.2875,28.0,2016-08-16
Himachal Pradesh,Mandi,Acute Diarrhoeal Disease,2016,39,39.0,0.0,31.6723392,76.95331691,0.1099529082,295.1666666,28.0,2016-10-02
Himachal Pradesh,Mandi,Acute Diarrhoeal Disease,2017,5,81.0,0.0,31.6723392,76.95331691,0.2162809324,284.02500000000003,11.0,2017-02-05
Himachal Pradesh,Mandi,Acute Diarrhoeal Disease,2017,21,21.0,1.0,31.6723392,76.95331691,0.2636552166,300.32,21.0,2017-05-22
Himachal Pradesh,Mandi,Acute Diarrhoeal Disease,2017,22,13.0,1.0,31.6723392,76.95331691,0.1474537391,302.2133334,23.0,2017-05-29
Himachal Pradesh,Mandi,Acute Diarrhoeal Disease,2017,24,60.0,0.0,31.6723392,76.95331691,0.1276555437,301.88,,2017-06-18
Himachal Pradesh,Mandi,Acute Diarrhoeal Disease,2017,51,44.0,0.0,31.6723392,76.95331691,0.01519217774,286.57,9.0,2017-12-20
Himachal Pradesh,Mandi,Acute Diarrhoeal Disease,2018,7,25.0,0.0,31.6723392,76.95331691,0.3966010649,286.448,,2018-02-17
Himachal Pradesh,Mandi,Acute Diarrhoeal Disease,2018,13,25.0,0.0,31.6723392,76.95331691,0.02561128055,297.3933334,,2018-03-29
Himachal Pradesh,Mandi,Acute Diarrhoeal Disease,2018,17,27.0,0.0,31.6723392,76.95331691,0.03625767117,300.02,17.0,2018-04-27
Himachal Pradesh,Mandi,Acute Diarrhoeal Disease,2018,27,92.0,0.0,31.6723392,76.95331691,1.647024207,293.772,,2018-07-04
Himachal Pradesh,Mandi,Acute Diarrhoeal Disease,2019,10,126.0,0.0,31.6723392,76.95331691,0.5797664278,285.91,14.0,2019-03-04
Himachal Pradesh,Mandi,Acute Diarrhoeal Disease,2019,17,74.0,0.0,31.6723392,76.95331691,0.3928754947,298.072,,2019-04-23
Himachal Pradesh,Mandi,Acute Diarrhoeal Disease,2019,26,104.0,0.0,31.6723392,76.95331691,0.2238471877,302.968,23.0,2019-06-29
Himachal Pradesh,Mandi,Acute Diarrhoeal Disease,2019,33,146.0,0.0,31.6723392,76.95331691,1.048003082,297.624,,2019-08-12
Himachal Pradesh,Mandi,Acute Diarrhoeal Disease,2019,35,42.0,0.0,31.6723392,76.95331691,0.9565781306,297.88,38.0,2019-08-27
Himachal Pradesh,Mandi,Acute Diarrhoeal Disease,2020,11,33.0,0.0,31.6723392,76.95331691,0.4705645454,289.26,16.0,2020-03-10
Himachal Pradesh,Mandi,Acute Diarrhoeal Disease,2021,28,65.0,0.0,31.6723392,76.95331691,2.046384693,296.96,21.0,2021-07-16
Himachal Pradesh,Shimla,Acute Diarrhoeal Disease,2009,37,45.0,0.0,31.1041526,77.1709729,2.897754535,299.17,,2009-09-13
Himachal Pradesh,Shimla,Acute Diarrhoeal Disease,2010,12,14.0,0.0,31.1041526,77.1709729,1.46e-05,301.9833334,15.0,2010-03-26
Himachal Pradesh,Shimla,Acute Diarrhoeal Disease,2010,20,64.0,0.0,31.1041526,77.1709729,0.02221137909,308.30400000000003,17.0,2010-05-18
Himachal Pradesh,Shimla,Acute Diarrhoeal Disease,2010,34,37.0,0.0,31.1041526,77.1709729,1.342600571,262.75,26.0,2010-08-24
Himachal Pradesh,Shimla,Cholera,2010,28,275.0,2.0,31.1041526,77.1709729,0.7396077053,297.395,29.0,2010-07-13
Himachal Pradesh,Sirmaur,Acute Diarrhoeal Disease,2012,26,16.0,1.0,30.75,77.5,0.5707521164,305.996,10.0,2012-06-30
Himachal Pradesh,Sirmaur,Acute Diarrhoeal Disease,2015,10,36.0,0.0,30.75,77.5,1.278782817,292.672,16.0,2015-03-08
Himachal Pradesh,Solan,AES,2018,21,4.0,0.0,30.92589585,77.08200509,0.03705054763,303.2933334,18.0,2018-05-21
Himachal Pradesh,Solan,Acute Diarrhoeal Disease,2014,23,10.0,1.0,30.92589585,77.08200509,0.06460958829,306.11333340000004,22.0,2014-06-06
Himachal Pradesh,Solan,Acute Diarrhoeal Disease,2016,17,17.0,0.0,30.92589585,77.08200509,0.02504466222,302.0733334,19.0,2016-04-25
Himachal Pradesh,Solan,Acute Diarrhoeal Disease,2018,27,20.0,0.0,30.92589585,77.08200509,1.131489085,297.915,28.0,2018-07-05
Himachal Pradesh,Solan,Acute Diarrhoeal Disease,2019,26,46.0,0.0,30.92589585,77.08200509,0.3992460076,303.0266666,22.0,2019-06-30
Himachal Pradesh,Solan,Dengue,2013,43,30.0,0.0,30.92589585,77.08200509,0.004539964919,296.3666666,,2013-10-23
Himachal Pradesh,Solan,Dengue,2015,37,151.0,2.0,30.92589585,77.08200509,0.03760034753,297.87,36.0,2015-09-07
Himachal Pradesh,Solan,Dengue,2017,34,10.0,0.0,30.92589585,77.08200509,0.5833126291,295.90000000000003,34.0,2017-08-25
Himachal Pradesh,Solan,Dengue,2018,29,47.0,0.0,30.92589585,77.08200509,0.7953601911,292.1533334,16.0,2018-07-17
Himachal Pradesh,Solan,Dengue,2022,23,34.0,0.0,30.92589585,77.08200509,7.63e-05,305.7866666,,2022-06-10
Himachal Pradesh,Una,Acute Diarrhoeal Disease,2013,34,196.0,0.0,31.4787354,76.2750706,1.943781248,298.6266666,,2013-08-20
Himachal Pradesh,Una,Acute Diarrhoeal Disease,2015,9,50.0,0.0,31.4787354,76.2750706,0.2999054151,291.855,14.0,2015-02-23
Himachal Pradesh,Una,Acute Diarrhoeal Disease,2015,36,12.0,0.0,31.4787354,76.2750706,0.1250183666,300.6466666,33.0,2015-09-01
Jammu And Kashmir,Anantnag,Acute Diarrhoeal Disease,2011,31,41.0,0.0,33.7368773,75.1455138,0.2492130329,295.94,20.0,2011-08-02
Jammu And Kashmir,Anantnag,Acute Diarrhoeal Disease,2013,32,35.0,0.0,33.7368773,75.1455138,1.22855445,296.156,15.0,2013-08-10
Jammu And Kashmir,Anantnag,Acute Diarrhoeal Disease,2014,32,86.0,0.0,33.7368773,75.1455138,0.6747247883,296.11,20.0,2014-08-10
Jammu And Kashmir,Anantnag,Acute Diarrhoeal Disease,2014,33,79.0,0.0,33.7368773,75.1455138,0.7269470257,297.1966666,21.0,2014-08-16
Jammu And Kashmir,Anantnag,Acute Diarrhoeal Disease,2015,14,160.0,0.0,33.7368773,75.1455138,1.122902167,285.27,,2015-03-30
Jammu And Kashmir,Anantnag,Acute Diarrhoeal Disease,2015,31,141.0,0.0,33.7368773,75.1455138,0.7305525598,293.64200000000005,18.0,2015-07-28
Jammu And Kashmir,Anantnag,Acute Diarrhoeal Disease,2016,33,780.0,0.0,33.7368773,75.1455138,0.2453523926,295.66,22.0,2016-08-16
Jammu And Kashmir,Anantnag,Acute Diarrhoeal Disease,2017,29,13.0,0.0,33.7368773,75.1455138,0.6963826516,292.63,20.0,2017-07-21
Jammu And Kashmir,Anantnag,Acute Diarrhoeal Disease,2018,28,12.0,0.0,33.7368773,75.1455138,0.7896168243,295.48400000000004,17.0,2018-07-10
Jammu And Kashmir,Badgam,Acute Diarrhoeal Disease,2011,32,1634.0,0.0,34.0154721,74.7220085,0.3864492762,299.812,20.0,2011-08-10
Jammu And Kashmir,Badgam,Acute Diarrhoeal Disease,2011,34,23.0,0.0,34.0154721,74.7220085,0.2953860988,298.2,17.0,2011-08-26
Jammu And Kashmir,Badgam,Acute Diarrhoeal Disease,2013,32,137.0,0.0,34.0154721,74.7220085,0.9263008481,297.796,20.0,2013-08-08
Jammu And Kashmir,Bandipora,Acute Diarrhoeal Disease,2012,38,97.0,0.0,34.4232433,74.635965,0.5425308792,291.2,,2012-09-21
Jammu And Kashmir,Bandipora,Acute Diarrhoeal Disease,2013,30,62.0,0.0,34.4232433,74.635965,0.5672215797,295.732,25.0,2013-07-25
Jammu And Kashmir,Bandipora,Acute Diarrhoeal Disease,2013,41,48.0,0.0,34.4232433,74.635965,0.01279391623,296.0466666,,2013-10-08
Jammu And Kashmir,Bandipora,Acute Diarrhoeal Disease,2016,52,16.0,0.0,34.4232433,74.635965,0.04952390072,280.1033334,6.0,2016-12-29
Jammu And Kashmir,Bandipora,Acute Diarrhoeal Disease,2017,34,24.0,0.0,34.4232433,74.635965,0.04996701226,296.9233334,,2017-08-21
Jammu And Kashmir,Baramulla,Acute Diarrhoeal Disease,2012,23,87.0,0.0,34.20500565,74.36221081,0.1265253611,298.18,,2012-06-09
Jammu And Kashmir,Baramulla,Acute Diarrhoeal Disease,2012,30,348.0,0.0,34.20500565,74.36221081,0.09106377984,297.79,21.0,2012-07-23
Jammu And Kashmir,Baramulla,Acute Diarrhoeal Disease,2012,31,44.0,0.0,34.20500565,74.36221081,0.1017104946,297.98400000000004,19.0,2012-08-01
Jammu And Kashmir,Baramulla,Acute Diarrhoeal Disease,2014,31,120.0,0.0,34.20500565,74.36221081,0.2247694331,293.15000000000003,22.0,2014-07-29
Jammu And Kashmir,Baramulla,Acute Diarrhoeal Disease,2015,31,53.0,0.0,34.20500565,74.36221081,0.4498289947,294.6,19.0,2015-07-30
Jammu And Kashmir,Baramulla,Acute Diarrhoeal Disease,2015,33,80.0,0.0,34.20500565,74.36221081,0.1043157386,291.80333340000004,27.0,2015-08-15
Jammu And Kashmir,Baramulla,Acute Diarrhoeal Disease,2016,19,62.0,0.0,34.20500565,74.36221081,0.3197687328,293.1266666,16.0,2016-05-13
Jammu And Kashmir,Baramulla,Acute Diarrhoeal Disease,2016,28,27.0,0.0,34.20500565,74.36221081,0.1130384276,297.8,,2016-07-11
Jammu And Kashmir,Baramulla,Acute Diarrhoeal Disease,2016,29,97.0,0.0,34.20500565,74.36221081,0.442837585,291.0733334,,2016-07-19
Jammu And Kashmir,Baramulla,Acute Diarrhoeal Disease,2016,30,20.0,0.0,34.20500565,74.36221081,0.524318794,296.725,19.0,2016-07-30
Jammu And Kashmir,Baramulla,Acute Diarrhoeal Disease,2017,31,302.0,0.0,34.20500565,74.36221081,0.36159558925,297.02166669999997,23.0,2017-07-31
Jammu And Kashmir,Baramulla,Acute Diarrhoeal Disease,2018,21,273.0,0.0,34.20500565,74.36221081,0.2954569885,290.97,20.0,2018-05-21
Jammu And Kashmir,Baramulla,Cholera,2012,38,238.0,0.0,34.20500565,74.36221081,0.6331318758,292.096,17.0,2012-09-19
Jammu And Kashmir,Budgam,Acute Diarrhoeal Disease,2012,19,34.0,0.0,33.9099319,74.62914426,0.453736733,290.98,,2012-05-07
Jammu And Kashmir,Budgam,Acute Diarrhoeal Disease,2012,32,140.0,0.0,33.9099319,74.62914426,1.804827325,295.66400000000004,18.0,2012-08-10
Jammu And Kashmir,Budgam,Acute Diarrhoeal Disease,2013,9,233.0,0.0,33.9099319,74.62914426,0.9200913598,276.19,6.0,2013-03-01
Jammu And Kashmir,Budgam,Acute Diarrhoeal Disease,2014,31,315.0,0.0,33.9099319,74.62914426,0.7953964200000001,291.29499999999996,17.0,2014-07-31
Jammu And Kashmir,Budgam,Cholera,2010,33,2229.0,3.0,33.9099319,74.62914426,0.7071783286,293.76,11.0,2010-08-16
Jammu And Kashmir,Doda,Acute Diarrhoeal Disease,2010,33,1388.0,1.0,33.1449112,75.5473969,0.6038596979,290.9133334,24.0,2010-08-22
Jammu And Kashmir,Doda,Acute Diarrhoeal Disease,2015,38,36.0,0.0,33.1449112,75.5473969,0.03186654549,295.7333334,20.0,2015-09-16
Jammu And Kashmir,Doda,Acute Diarrhoeal Disease,2019,22,615.0,0.0,33.1449112,75.5473969,0.6510872795,290.64,19.0,2019-05-27
Jammu And Kashmir,Doda,Dengue,2019,31,435.0,0.0,33.1449112,75.5473969,1.27725959,289.0266666,24.0,2019-08-02
Jammu And Kashmir,Ganderbal,Acute Diarrhoeal Disease,2011,29,27.0,0.0,34.1934255,74.83434977,0.1832444345,296.6166666,16.0,2011-07-24
Jammu And Kashmir,Ganderbal,Acute Diarrhoeal Disease,2012,29,72.0,0.0,34.1934255,74.83434977,0.3445817908,294.816,,2012-07-18
Jammu And Kashmir,Ganderbal,Acute Diarrhoeal Disease,2012,31,33.0,0.0,34.1934255,74.83434977,0.8245407016,292.6,14.0,2012-08-05
Jammu And Kashmir,Ganderbal,Acute Diarrhoeal Disease,2013,34,60.0,1.0,34.1934255,74.83434977,0.7145166478,286.5766666,17.0,2013-08-24
Jammu And Kashmir,Ganderbal,Acute Diarrhoeal Disease,2018,36,363.0,0.0,34.1934255,74.83434977,0.2451434777,295.628,12.0,2018-09-09
Jammu And Kashmir,Jammu And Kashmir,Acute Diarrhoeal Disease,2012,18,70.0,0.0,32.7185614,74.8580917,0.2349068775,287.62,,2012-04-30
Jammu And Kashmir,Jammu And Kashmir,Acute Diarrhoeal Disease,2014,28,427.0,0.0,32.7185614,74.8580917,0.9780432684,296.975,20.0,2014-07-07
Jammu And Kashmir,Jammu And Kashmir,Acute Diarrhoeal Disease,2015,11,410.0,0.0,32.7185614,74.8580917,0.06441370565,279.3533334,7.0,2015-03-15
Jammu And Kashmir,Jammu And Kashmir,Acute Diarrhoeal Disease,2015,20,50.0,0.0,32.7185614,74.8580917,0.02483071517,296.69,15.0,2015-05-11
Jammu And Kashmir,Jammu And Kashmir,Acute Diarrhoeal Disease,2017,31,12.0,0.0,32.7185614,74.8580917,1.594628235,286.9866666,,2017-08-04
Jammu And Kashmir,Jammu And Kashmir,Dengue,2015,36,306.0,0.0,32.7185614,74.8580917,0.1003939873,296.6366666,26.0,2015-09-02
Jammu And Kashmir,Jammu And Kashmir,Dengue,2019,31,435.0,0.0,32.7185614,74.8580917,1.982460361,296.09000000000003,18.0,2019-08-02
Jammu And Kashmir,Kathua,Acute Diarrhoeal Disease,2012,17,126.0,0.0,32.4288215,75.56286458,0.04889600175,302.6,8.0,2012-04-23
Jammu And Kashmir,Kathua,Acute Diarrhoeal Disease,2015,29,152.0,0.0,32.4288215,75.56286458,1.049810362,303.18,12.0,2015-07-15
Jammu And Kashmir,Kathua,Acute Diarrhoeal Disease,2016,41,116.0,0.0,32.4288215,75.56286458,0.01632603646,301.80333340000004,14.0,2016-10-10
Jammu And Kashmir,Kulgam,Acute Diarrhoeal Disease,2013,22,103.0,0.0,33.66980055,75.01480232,0.9050134833,293.3066666,14.0,2013-05-31
Jammu And Kashmir,Kulgam,Acute Diarrhoeal Disease,2013,31,81.0,0.0,33.66980055,75.01480232,2.089850156,299.7266666,22.0,2013-08-03
Jammu And Kashmir,Kulgam,Acute Diarrhoeal Disease,2013,32,46.0,0.0,33.66980055,75.01480232,1.22855445,296.156,15.0,2013-08-10
Jammu And Kashmir,Kulgam,Acute Diarrhoeal Disease,2014,20,697.0,0.0,33.66980055,75.01480232,1.065492495,282.4233334,11.0,2014-05-15
Jammu And Kashmir,Kulgam,Acute Diarrhoeal Disease,2014,31,83.0,0.0,33.66980055,75.01480232,0.7749021226,297.48,18.0,2014-07-29
Jammu And Kashmir,Kulgam,Acute Diarrhoeal Disease,2017,31,85.0,0.0,33.66980055,75.01480232,0.7091477616,293.25,20.0,2017-08-02
Jammu And Kashmir,Kulgam,Acute Diarrhoeal Disease,2018,25,20.0,0.0,33.66980055,75.01480232,0.7341841191,295.62333340000004,16.0,2018-06-19
Jammu And Kashmir,Kupwara,Acute Diarrhoeal Disease,2011,24,204.0,0.0,34.6110236,74.23847867,0.1835130995,292.7166666,11.0,2011-06-14
Jammu And Kashmir,Kupwara,Acute Diarrhoeal Disease,2011,25,183.0,0.0,34.6110236,74.23847867,0.04339846669,292.8583334,14.0,2011-06-21
Jammu And Kashmir,Kupwara,Acute Diarrhoeal Disease,2012,24,15.0,0.0,34.6110236,74.23847867,0.1579262272,285.6733334,9.0,2012-06-15
Jammu And Kashmir,Kupwara,Acute Diarrhoeal Disease,2013,32,54.0,0.0,34.6110236,74.23847867,0.4784641837,292.524,13.0,2013-08-09
Jammu And Kashmir,Kupwara,Acute Diarrhoeal Disease,2014,32,1496.0,0.0,34.6110236,74.23847867,0.2775758705,292.72,16.0,2014-08-10
Jammu And Kashmir,Kupwara,Acute Diarrhoeal Disease,2015,32,140.0,0.0,34.6110236,74.23847867,0.69838534,287.968,16.0,2015-08-06
Jammu And Kashmir,Kupwara,Acute Diarrhoeal Disease,2017,5,17.0,0.0,34.6110236,74.23847867,0.4358234496,259.68,0.0,2017-02-04
Jammu And Kashmir,Kupwara,Acute Diarrhoeal Disease,2017,28,75.0,0.0,34.6110236,74.23847867,0.4772078043,293.105,11.0,2017-07-15
Jammu And Kashmir,Kupwara,Acute Diarrhoeal Disease,2017,30,325.0,0.0,34.6110236,74.23847867,0.5077901958,290.4833334,,2017-07-27
Jammu And Kashmir,Kupwara,Acute Diarrhoeal Disease,2017,32,104.0,0.0,34.6110236,74.23847867,0.5467073798,295.42,,2017-08-12
Jammu And Kashmir,Kupwara,Acute Diarrhoeal Disease,2018,31,90.0,0.0,34.6110236,74.23847867,0.2960485321,290.54,16.0,2018-08-03
Jammu And Kashmir,Kupwara,Acute Diarrhoeal Disease,2018,33,42.0,0.0,34.6110236,74.23847867,0.3847155113,293.356,,2018-08-13
Jammu And Kashmir,Kupwara,Acute Diarrhoeal Disease,2019,29,21.0,0.0,34.6110236,74.23847867,0.1575381378,293.0133334,16.0,2019-07-17
Jammu And Kashmir,Kupwara,Acute Diarrhoeal Disease,2019,35,91.0,0.0,34.6110236,74.23847867,0.18071671666333333,289.94866666666667,12.0,2019-08-28
Jammu And Kashmir,Kupwara,Acute Diarrhoeal Disease,2020,40,20.0,0.0,34.6110236,74.23847867,0.1917575963,290.06333340000003,8.0,2020-10-01
Jammu And Kashmir,Kupwara,Cholera,2019,35,246.0,4.0,34.6110236,74.23847867,0.1586836761,291.7066666,17.0,2019-08-26
Jammu And Kashmir,Kupwara,Dengue & Malaria,2012,35,130.0,2.0,34.6110236,74.23847867,0.3233541594,291.504,13.0,2012-09-01
Jammu And Kashmir,Leh,Acute Diarrhoeal Disease,2017,12,25.0,0.0,34.0846151,74.8230135,0.3567167085,275.8233334,7.0,2017-03-23
Jammu And Kashmir,Leh (Ladakh),Acute Diarrhoeal Disease,2014,42,17.0,0.0,34.1634271,77.5843437,0.08021718614,289.28000000000003,4.0,2014-10-13
Jammu And Kashmir,Leh (Ladakh),Acute Diarrhoeal Disease,2014,46,22.0,0.0,34.1634271,77.5843437,0.1200676694,275.1966666,2.0,2014-11-12
Jammu And Kashmir,Leh (Ladakh),Acute Diarrhoeal Disease,2017,37,30.0,0.0,34.1634271,77.5843437,0.0970785931,293.0166666,5.0,2017-09-11
Jammu And Kashmir,Poonch,Acute Diarrhoeal Disease,2017,13,35.0,0.0,33.7670004,74.0957143,0.04266753781,297.356,13.0,2017-04-02
Jammu And Kashmir,Poonch,Acute Diarrhoeal Disease,2017,19,892.0,0.0,33.7670004,74.0957143,0.05117537977,303.25,17.0,2017-05-10
Jammu And Kashmir,Poonch,Acute Diarrhoeal Disease,2019,24,117.0,0.0,33.7670004,74.0957143,0.1477448799,304.52,18.0,2019-06-16
Jammu And Kashmir,Pulwama,Acute Diarrhoeal Disease,2012,34,34.0,0.0,33.89829355,74.89634094,0.6637921426,294.95,17.0,2012-08-21
Jammu And Kashmir,Pulwama,Acute Diarrhoeal Disease,2013,16,60.0,0.0,33.89829355,74.89634094,0.5088448167,286.848,10.0,2013-04-19
Jammu And Kashmir,Pulwama,Acute Diarrhoeal Disease,2013,33,40.0,0.0,33.89829355,74.89634094,1.607048176,288.16,4.0,2013-08-15
Jammu And Kashmir,Pulwama,Acute Diarrhoeal Disease,2016,29,49.0,0.0,33.89829355,74.89634094,0.5073875308,298.43333340000004,20.0,2016-07-23
Jammu And Kashmir,Pulwama,Acute Diarrhoeal Disease,2017,31,31.0,0.0,33.89829355,74.89634094,0.9501646551,286.6633334,,2017-08-05
Jammu And Kashmir,Rajouri,Acute Diarrhoeal Disease,2015,24,35.0,0.0,33.3772495,74.3132332,1.310911652,296.98,13.0,2015-06-08
Jammu And Kashmir,Ramban,Acute Diarrhoeal Disease,2016,33,62.0,1.0,33.2116371,75.20509891,0.07875460975,298.18333340000004,,2016-08-20
Jammu And Kashmir,Reasi,Acute Diarrhoeal Disease,2013,31,201.0,1.0,33.06910315,74.83786982,1.12292574,297.945,22.0,2013-08-02
Jammu And Kashmir,Reasi,Acute Diarrhoeal Disease,2016,19,56.0,0.0,33.06910315,74.83786982,0.1403411263,297.455,15.0,2016-05-09
Jammu And Kashmir,Samba(Jammu And Kashmir),Dengue,2019,36,15.0,0.0,32.57591175,75.12034456,0.1989624925,303.06,23.0,2019-09-03
Jammu And Kashmir,Shopian,Acute Diarrhoeal Disease,2013,22,194.0,0.0,33.718807,74.8333311,0.956087794,295.1266666,14.0,2013-05-30
Jammu And Kashmir,Shopian,Acute Diarrhoeal Disease,2013,30,128.0,0.0,33.718807,74.8333311,1.25844149,294.928,20.0,2013-07-22
Jammu And Kashmir,Shopian,Acute Diarrhoeal Disease,2014,9,16.0,0.0,33.718807,74.8333311,0.2503841664,275.048,,2014-02-26
Jammu And Kashmir,Shopian,Acute Diarrhoeal Disease,2015,30,55.0,0.0,33.718807,74.8333311,0.9054757219,293.496,19.0,2015-07-22
Jammu And Kashmir,Shopian,Acute Diarrhoeal Disease,2017,35,18.0,0.0,33.718807,74.8333311,0.3273365824,295.53000000000003,,2017-08-29
Jammu And Kashmir,Shopian,Acute Diarrhoeal Disease,2019,39,43.0,0.0,33.718807,74.8333311,0.2483930092,295.48,11.0,2019-09-27
Jammu And Kashmir,Srinagar,Acute Diarrhoeal Disease,2011,30,27.0,0.0,34.0747444,74.8204443,0.4291256851,296.8533334,23.0,2011-07-29
Jammu And Kashmir,Srinagar,Acute Diarrhoeal Disease,2020,44,35.0,0.0,34.0747444,74.8204443,0.03060003385,291.0666666,8.0,2020-10-28
Jammu And Kashmir,Udhampur,Acute Diarrhoeal Disease,2015,29,12.0,1.0,33.0,75.166667,1.196293799,294.28000000000003,20.0,2015-07-14
Jammu And Kashmir,Udhampur,Acute Diarrhoeal Disease,2018,23,12.0,0.0,33.0,75.166667,0.3359000444,298.99333340000004,,2018-06-10
Jammu And Kashmir,Udhampur,Acute Diarrhoeal Disease,2019,35,37.0,0.0,33.0,75.166667,0.2873381265,296.66,22.0,2019-09-01
Jharkhand,Bokaro,Acute Diarrhoeal Disease,2018,19,112.0,0.0,23.69912795,85.99106894,0.01681506446,311.4166666,8.0,2018-05-12
Jharkhand,Bokaro,Acute Diarrhoeal Disease,2018,31,31.0,0.0,23.69912795,85.99106894,1.445165742,,,2018-08-04
Jharkhand,Bokaro,Acute Diarrhoeal Disease,2018,34,48.0,0.0,23.69912795,85.99106894,0.4506341373,301.15000000000003,8.0,2018-08-22
Jharkhand,Bokaro,Dengue,2012,41,27.0,0.0,23.69912795,85.99106894,0.158100154,300.556,,2012-10-14
Jharkhand,Bokaro,Dengue,2019,36,8.0,0.0,23.69912795,85.99106894,0.4376177307,302.97,15.0,2019-09-04
Jharkhand,Bokaro,Dengue,2019,38,6.0,0.0,23.69912795,85.99106894,0.2884275508,303.708,19.0,2019-09-20
Jharkhand,Bokaro,Malaria,2015,43,134.0,0.0,23.69912795,85.99106894,0.002508768122,305.0566666,,2015-10-23
Jharkhand,Chatra,Acute Diarrhoeal Disease,2011,30,8.0,0.0,24.20162495,84.87817692,0.2006667068,306.89,10.0,2011-07-29
Jharkhand,Chatra,Acute Diarrhoeal Disease,2018,33,72.0,0.0,24.20162495,84.87817692,0.7429069229,,17.0,2018-08-16
Jharkhand,Chatra,Malaria,2009,45,60.0,0.0,24.20162495,84.87817692,0.01399211753,302.6166666,16.0,2009-11-07
Jharkhand,Deoghar,Acute Diarrhoeal Disease,2014,44,28.0,0.0,24.4766423,86.60673245,0.03162830155,302.875,,2014-10-31
Jharkhand,Deoghar,Acute Diarrhoeal Disease,2017,31,23.0,0.0,24.4766423,86.60673245,0.864363253,,5.0,2017-08-03
Jharkhand,Deoghar,Acute Diarrhoeal Disease,2019,37,19.0,0.0,24.4766423,86.60673245,0.382680352,299.8,14.0,2019-09-10
Jharkhand,Dhanbad,Acute Diarrhoeal Disease,2013,25,13.0,0.0,23.7952809,86.4309638,0.5242693763,305.676,15.0,2013-06-22
Jharkhand,Dhanbad,Acute Diarrhoeal Disease,2017,26,91.0,0.0,23.7952809,86.4309638,0.3566631723,298.76,5.0,2017-07-02
Jharkhand,Dhanbad,Acute Diarrhoeal Disease,2018,25,45.0,0.0,23.7952809,86.4309638,0.03974542646,307.425,11.0,2018-06-20
Jharkhand,Dhanbad,Acute Diarrhoeal Disease,2019,48,34.0,0.0,23.7952809,86.4309638,6.65e-05,299.68,9.0,2019-11-30
Jharkhand,Dhanbad,Acute Diarrhoeal Disease,2019,51,45.0,0.0,23.7952809,86.4309638,0.11975876628,296.9625,5.0,2019-12-16
Jharkhand,Dhanbad,Acute Diarrhoeal Disease,2021,37,15.0,0.0,23.7952809,86.4309638,0.9377158394,300.7333334,9.0,2021-09-16
Jharkhand,Dhanbad,Acute Diarrhoeal Disease,2021,42,31.0,0.0,23.7952809,86.4309638,0.4744137595,303.148,17.0,2021-10-18
Jharkhand,Dhanbad,Acute Diarrhoeal Disease,2021,44,19.0,0.0,23.7952809,86.4309638,0.001782728319,300.94,14.0,2021-11-07
Jharkhand,Dhanbad,Chikungunya,2011,42,33.0,0.0,23.7952809,86.4309638,0.05961393745,303.14,14.0,2011-10-20
Jharkhand,Dhanbad,Dengue,2018,39,38.0,0.0,23.7952809,86.4309638,0.4311538211,302.21500000000003,19.0,2018-09-25
Jharkhand,Dhanbad,Dengue,2018,48,10.0,0.0,23.7952809,86.4309638,4.56e-05,301.535,6.0,2018-11-29
Jharkhand,Dhanbad,Malaria,2012,48,60.0,0.0,23.7952809,86.4309638,2.47e-05,299.632,8.0,2012-11-26
Jharkhand,Dumka,Acute Diarrhoeal Disease,2009,40,25.0,0.0,24.2538512,87.30064714,0.4589699681,302.195,17.0,2009-10-03
Jharkhand,Dumka,Acute Diarrhoeal Disease,2014,35,85.0,0.0,24.2538512,87.30064714,0.49315806954999997,301.8333333,12.5,2014-08-26
Jharkhand,Dumka,Acute Diarrhoeal Disease,2015,32,13.0,0.0,24.2538512,87.30064714,1.326505426,303.93,11.0,2015-08-06
Jharkhand,Dumka,Acute Diarrhoeal Disease,2019,23,67.0,0.0,24.2538512,87.30064714,0.2690874119,306.4166666,9.0,2019-06-04
Jharkhand,Dumka,Acute Diarrhoeal Disease,2019,29,16.0,0.0,24.2538512,87.30064714,0.1860454064,305.5266666,,2019-07-20
Jharkhand,Dumka,Malaria,2010,46,746.0,1.0,24.2538512,87.30064714,0.02855312357,302.99,11.0,2010-11-15
Jharkhand,East Singhbhum,AES,2011,39,14.0,1.0,22.8092139,86.2091549,0.1687497203,300.935,,2011-09-30
Jharkhand,East Singhbhum,Acute Diarrhoeal Disease,2011,29,35.0,0.0,22.8092139,86.2091549,0.5118694729,,,2011-07-19
Jharkhand,East Singhbhum,Acute Diarrhoeal Disease,2011,41,12.0,0.0,22.8092139,86.2091549,0.1333311807,302.42,20.0,2011-10-13
Jharkhand,East Singhbhum,Acute Diarrhoeal Disease,2011,42,24.0,0.0,22.8092139,86.2091549,0.0543284848,302.376,14.0,2011-10-19
Jharkhand,East Singhbhum,Acute Diarrhoeal Disease,2014,46,76.0,4.0,22.8092139,86.2091549,0.0002390002314,301.12,,2014-11-16
Jharkhand,East Singhbhum,Acute Diarrhoeal Disease,2016,4,82.0,0.0,22.8092139,86.2091549,0.0007417870808,295.28000000000003,5.0,2016-01-28
Jharkhand,East Singhbhum,Acute Diarrhoeal Disease,2016,12,40.0,0.0,22.8092139,86.2091549,0.01803331899,312.05,5.0,2016-03-22
Jharkhand,East Singhbhum,Acute Diarrhoeal Disease,2016,27,50.0,0.0,22.8092139,86.2091549,1.058800904,,4.0,2016-07-09
Jharkhand,East Singhbhum,Acute Diarrhoeal Disease,2016,33,10.0,1.0,22.8092139,86.2091549,1.003223374,,7.0,2016-08-15
Jharkhand,East Singhbhum,Acute Diarrhoeal Disease,2016,36,40.0,0.0,22.8092139,86.2091549,1.7213070474999999,,9.0,2016-09-06
Jharkhand,East Singhbhum,Acute Diarrhoeal Disease,2017,8,40.0,0.0,22.8092139,86.2091549,0.0001523435949,305.54,5.0,2017-02-23
Jharkhand,East Singhbhum,Acute Diarrhoeal Disease,2017,39,22.0,0.0,22.8092139,86.2091549,0.5184649703,301.88,15.0,2017-10-01
Jharkhand,East Singhbhum,Acute Diarrhoeal Disease,2017,44,70.0,3.0,22.8092139,86.2091549,0.02327750905,299.1566666,10.0,2017-11-05
Jharkhand,East Singhbhum,Acute Diarrhoeal Disease,2017,46,10.0,0.0,22.8092139,86.2091549,0.2249802162,297.3333334,8.0,2017-11-18
Jharkhand,East Singhbhum,Acute Diarrhoeal Disease,2018,18,17.0,0.0,22.8092139,86.2091549,0.6638510517,304.672,10.0,2018-05-05
Jharkhand,East Singhbhum,Acute Diarrhoeal Disease,2018,31,47.0,0.0,22.8092139,86.2091549,1.123924944,,3.0,2018-08-02
Jharkhand,East Singhbhum,Acute Diarrhoeal Disease,2018,32,43.0,0.0,22.8092139,86.2091549,1.190388173,,6.0,2018-08-06
Jharkhand,East Singhbhum,Acute Diarrhoeal Disease,2019,46,6.0,1.0,22.8092139,86.2091549,0.003567116011,300.628,,2019-11-16
Jharkhand,East Singhbhum,Acute Diarrhoeal Disease,2020,6,65.0,0.0,22.8092139,86.2091549,0.01933481332,297.4066666,8.0,2020-02-07
Jharkhand,East Singhbhum,Acute Diarrhoeal Disease,2021,41,4.0,0.0,22.8092139,86.2091549,0.05030142239,300.452,,2021-10-15
Jharkhand,East Singhbhum,Acute Diarrhoeal Disease,2021,44,23.0,0.0,22.8092139,86.2091549,0.003687256675,300.268,14.0,2021-11-07
Jharkhand,East Singhbhum,Acute Diarrhoeal Disease,2022,23,21.0,1.0,22.8092139,86.2091549,0.08390716839,306.504,10.0,2022-06-11
Jharkhand,East Singhbhum,Chikungunya,2011,28,4604.0,0.0,22.8092139,86.2091549,0.4403591812,305.40000000000003,6.0,2011-07-15
Jharkhand,East Singhbhum,Chikungunya,2011,33,6156.0,0.0,22.8092139,86.2091549,1.289579266,,8.0,2011-08-18
Jharkhand,East Singhbhum,Chikungunya,2011,34,9.0,0.0,22.8092139,86.2091549,0.4603347994,297.28000000000003,9.0,2011-08-24
Jharkhand,East Singhbhum,Chikungunya,2017,32,9.0,0.0,22.8092139,86.2091549,0.5099295932,300.2,6.0,2017-08-11
Jharkhand,East Singhbhum,Dengue,2010,3,14.0,0.0,22.8092139,86.2091549,0.007247662728,297.12,4.0,2010-01-18
Jharkhand,East Singhbhum,Dengue,2010,42,35.0,0.0,22.8092139,86.2091549,0.3291564272,303.2666666,14.0,2010-10-18
Jharkhand,East Singhbhum,Dengue,2010,44,46.0,0.0,22.8092139,86.2091549,0.08766739926,301.94,11.0,2010-11-04
Jharkhand,East Singhbhum,Dengue,2012,41,119.0,0.0,22.8092139,86.2091549,0.3196659628,301.99,18.0,2012-10-11
Jharkhand,East Singhbhum,Dengue,2016,30,7.0,1.0,22.8092139,86.2091549,0.5170823623,,5.0,2016-07-25
Jharkhand,East Singhbhum,Dengue,2017,31,10.0,0.0,22.8092139,86.2091549,0.8796223842,300.82,6.0,2017-08-01
Jharkhand,East Singhbhum,Dengue,2017,32,5.0,1.0,22.8092139,86.2091549,0.8415595475,301.52,6.0,2017-08-07
Jharkhand,East Singhbhum,Dengue,2017,34,11.0,0.0,22.8092139,86.2091549,0.6518985049,301.91,13.0,2017-08-22
Jharkhand,East Singhbhum,Dengue,2017,36,19.0,0.0,22.8092139,86.2091549,0.7879642519,302.2266666,,2017-09-05
Jharkhand,East Singhbhum,Dengue,2019,24,8.0,0.0,22.8092139,86.2091549,0.02637490244,307.97200000000004,11.0,2019-06-15
Jharkhand,East Singhbhum,Malaria,2011,41,50.0,3.0,22.8092139,86.2091549,0.1333311807,302.42,20.0,2011-10-13
Jharkhand,East Singhbhum,Malaria,2016,39,1567.0,0.0,22.8092139,86.2091549,0.4044096657,300.625,19.0,2016-10-01
Jharkhand,East Singhbhum,Malaria,2016,44,706.0,0.0,22.8092139,86.2091549,0.029734928,301.51,11.0,2016-11-04
Jharkhand,East Singhbhum,Malaria,2019,26,44.0,1.0,22.8092139,86.2091549,0.2486153827,304.15000000000003,7.0,2019-06-28
Jharkhand,East Singhbhum,Malaria,2022,16,37.0,1.0,22.8092139,86.2091549,0.04142995706,311.8366666,7.0,2022-04-21
Jharkhand,Garhwa,Acute Diarrhoeal Disease,2012,29,140.0,3.0,24.15529035,83.82522584,1.017013337,,,2012-07-19
Jharkhand,Garhwa,Dengue,2021,40,4.0,0.0,24.15529035,83.82522584,0.3276684066,299.45,23.0,2021-10-05
Jharkhand,Giridih,Acute Diarrhoeal Disease,2019,34,15.0,0.0,24.1608897,86.25113503,0.8635612783,,11.0,2019-08-22
Jharkhand,Godda,Acute Diarrhoeal Disease,2013,34,13.0,0.0,24.74334305,87.29285062,0.8585724847,300.0,9.0,2013-08-24
Jharkhand,Godda,Acute Diarrhoeal Disease,2017,43,14.0,0.0,24.74334305,87.29285062,0.01186157431,302.3066666,14.0,2017-10-28
Jharkhand,Godda,Acute Diarrhoeal Disease,2021,28,8.0,0.0,24.74334305,87.29285062,0.3931350883,295.93,10.0,2021-07-14
Jharkhand,Godda,Acute Diarrhoeal Disease,2021,30,12.0,0.0,24.74334305,87.29285062,0.9788360411,299.81,5.0,2021-07-31
Jharkhand,Godda,Acute Diarrhoeal Disease,2021,33,38.0,0.0,24.74334305,87.29285062,0.5068591472,,,2021-08-20
Jharkhand,Godda,Dengue,2018,48,16.0,0.0,24.74334305,87.29285062,1.6e-05,301.688,6.0,2018-11-28
Jharkhand,Godda,Dengue,2019,42,25.0,0.0,24.74334305,87.29285062,0.01703408874,303.48,14.0,2019-10-19
Jharkhand,Godda,Dengue,2019,46,23.0,0.0,24.74334305,87.29285062,0.01204277216,301.55333340000004,10.0,2019-11-12
Jharkhand,Godda,Malaria,2014,46,59.0,0.0,24.74334305,87.29285062,7.2e-05,303.4266666,8.0,2014-11-13
Jharkhand,Gumla,Acute Diarrhoeal Disease,2013,44,15.0,1.0,23.0916741,84.57384807,0.3546821689,299.0133334,15.0,2013-10-30
Jharkhand,Jamtara,Acute Diarrhoeal Disease,2010,26,30.0,0.0,23.9232867,86.77353494,0.9552154317,,7.0,2010-07-02
Jharkhand,Jamtara,Acute Diarrhoeal Disease,2016,32,21.0,0.0,23.9232867,86.77353494,0.5421693717,299.14,7.0,2016-08-08
Jharkhand,Jamtara,Acute Diarrhoeal Disease,2017,42,22.0,0.0,23.9232867,86.77353494,0.1234599698,302.68,16.0,2017-10-17
Jharkhand,Jamtara,Acute Diarrhoeal Disease,2018,23,125.0,0.0,23.9232867,86.77353494,0.4551578085,309.485,9.0,2018-06-07
Jharkhand,Jamtara,Malaria,2013,18,10.0,0.0,23.9232867,86.77353494,0.0006390585241,315.5766666,6.0,2013-05-02
Jharkhand,Jamtara,Malaria,2015,37,12.0,0.0,23.9232867,86.77353494,0.1172399266,304.42,19.0,2015-09-12
Jharkhand,Khunti,Chikungunya,2019,13,23.0,0.0,23.10018105,85.34545936,0.01662686566,304.47,9.0,2019-03-25
Jharkhand,Khunti,Dengue,2019,41,7.0,0.0,23.10018105,85.34545936,0.6411428953,297.925,21.0,2019-10-12
Jharkhand,Latehar,Malaria,2009,29,22.0,0.0,23.74186545,84.51301367,0.6545638936,299.41,,2009-07-19
Jharkhand,Latehar,Malaria,2009,38,25.0,12.0,23.74186545,84.51301367,0.06765355443,300.02,24.0,2009-09-16
Jharkhand,Latehar,Malaria,2014,35,148.0,0.0,23.74186545,84.51301367,0.2989697937,300.4733334,,2014-08-28
Jharkhand,Latehar,Malaria,2015,30,173.0,4.0,23.74186545,84.51301367,0.8320989077,,18.0,2015-07-24
Jharkhand,Latehar,Malaria,2015,40,186.0,10.0,23.74186545,84.51301367,0.004968234459,301.2666666,27.0,2015-10-01
Jharkhand,Latehar,Malaria,2016,23,17.0,0.0,23.74186545,84.51301367,0.04299109535,309.9466666,12.0,2016-06-10
Jharkhand,Latehar,Malaria,2017,46,18.0,1.0,23.74186545,84.51301367,4.75e-05,297.48400000000004,20.0,2017-11-15
Jharkhand,Loharda,Acute Diarrhoeal Disease,2013,38,10.0,0.0,22.6526507,85.6895399,0.4509968461,302.90000000000003,20.0,2013-09-20
Jharkhand,Lohardaga,Acute Diarrhoeal Disease,2013,30,51.0,0.0,23.46920055,84.73568423,0.3826473737,302.66,7.0,2013-07-22
Jharkhand,Lohardaga,Acute Diarrhoeal Disease,2014,34,39.0,1.0,23.46920055,84.73568423,0.3128925433,300.0,24.0,2014-08-24
Jharkhand,Lohardaga,Acute Diarrhoeal Disease,2015,26,23.0,0.0,23.46920055,84.73568423,0.9753135469,310.0,8.0,2015-06-24
Jharkhand,Lohardaga,Acute Diarrhoeal Disease,2015,35,53.0,0.0,23.46920055,84.73568423,0.4757177979,300.03000000000003,21.0,2015-08-30
Jharkhand,Lohardaga,Acute Diarrhoeal Disease,2016,28,24.0,0.0,23.46920055,84.73568423,0.8248498832,303.08,6.0,2016-07-16
Jharkhand,Lohardaga,Acute Diarrhoeal Disease,2016,36,18.0,0.0,23.46920055,84.73568423,0.8742669453,,6.0,2016-09-09
Jharkhand,Lohardaga,Acute Diarrhoeal Disease,2017,32,12.0,0.0,23.46920055,84.73568423,1.036276621,299.84000000000003,18.0,2017-08-07
Jharkhand,Lohardaga,Malaria,2013,34,66.0,0.0,23.46920055,84.73568423,1.060786269,300.9666666,14.0,2013-08-19
Jharkhand,Lohardaga,Malaria,2015,48,35.0,0.0,23.46920055,84.73568423,7.21e-05,299.024,18.0,2015-11-28
Jharkhand,Pakur,Acute Diarrhoeal Disease,2012,30,56.0,0.0,24.6379647,87.8558666,0.4878417512,299.4266666,8.0,2012-07-28
Jharkhand,Pakur,Acute Diarrhoeal Disease,2013,36,21.0,1.0,24.6379647,87.8558666,0.5739575719,302.39,17.0,2013-09-08
Jharkhand,Pakur,Acute Diarrhoeal Disease,2013,41,39.0,1.0,24.6379647,87.8558666,0.687358326,300.5,23.0,2013-10-09
Jharkhand,Pakur,Acute Diarrhoeal Disease,2016,10,40.0,1.0,24.6379647,87.8558666,0.03743638404,307.2233334,7.0,2016-03-09
Jharkhand,Pakur,Acute Diarrhoeal Disease,2016,26,34.0,0.0,24.6379647,87.8558666,0.7328551646,301.34000000000003,11.0,2016-06-28
Jharkhand,Pakur,Acute Diarrhoeal Disease,2016,32,20.0,0.0,24.6379647,87.8558666,0.4000106475,299.88,10.0,2016-08-08
Jharkhand,Pakur,Dengue,2012,40,29.0,0.0,24.6379647,87.8558666,0.2983947084,302.615,23.0,2012-10-03
Jharkhand,Pakur,Dengue,2015,42,91.0,0.0,24.6379647,87.8558666,0.1856940127,303.21,22.0,2015-10-14
Jharkhand,Pakur,Dengue,2016,38,33.0,0.0,24.6379647,87.8558666,0.6502303816,300.57,14.0,2016-09-23
Jharkhand,Pakur,Malaria,2016,46,2012.0,3.0,24.6379647,87.8558666,0.00107958122,302.36,,2016-11-15
Jharkhand,Palamu,Malaria,2009,30,21.0,3.0,23.916667,84.083333,0.5593367203,300.805,8.0,2009-07-25
Jharkhand,Ranchi,Acute Diarrhoeal Disease,2012,28,18.0,1.0,23.3700501,85.3250387,0.9699154423,303.53000000000003,9.0,2012-07-14
Jharkhand,Ranchi,Acute Diarrhoeal Disease,2013,34,15.0,0.0,23.3700501,85.3250387,1.226471407,298.0,11.0,2013-08-22
Jharkhand,Ranchi,Acute Diarrhoeal Disease,2013,38,35.0,0.0,23.3700501,85.3250387,0.5774816134,301.4066666,,2013-09-22
Jharkhand,Ranchi,Acute Diarrhoeal Disease,2013,41,20.0,0.0,23.3700501,85.3250387,0.9117285145,301.6,,2013-10-07
Jharkhand,Ranchi,Acute Diarrhoeal Disease,2014,33,24.0,0.0,23.3700501,85.3250387,0.7521532157,301.04,12.0,2014-08-17
Jharkhand,Ranchi,Acute Diarrhoeal Disease,2016,29,13.0,0.0,23.3700501,85.3250387,1.453732408,,7.0,2016-07-22
Jharkhand,Ranchi,Acute Diarrhoeal Disease,2019,34,13.0,0.0,23.3700501,85.3250387,1.417752193,,11.0,2019-08-25
Jharkhand,Ranchi,Acute Diarrhoeal Disease,2021,26,8.0,0.0,23.3700501,85.3250387,0.8343968076,302.925,14.0,2021-06-28
Jharkhand,Ranchi,Acute Diarrhoeal Disease,2022,20,21.0,0.0,23.3700501,85.3250387,0.06576300589,308.388,8.0,2022-05-20
Jharkhand,Ranchi,Dengue,2015,30,169.0,0.0,23.3700501,85.3250387,1.368249241,,11.0,2015-07-21
Jharkhand,Ranchi,Dengue & Chikungunya,2019,44,16.0,0.0,23.3700501,85.3250387,0.5888525573,299.335,,2019-10-31
Jharkhand,Sahebganj,Acute Diarrhoeal Disease,2014,34,14.0,0.0,25.244263,87.6348084,0.8494099634,298.0,,2014-08-21
Jharkhand,Sahebganj,Acute Diarrhoeal Disease,2016,33,51.0,0.0,25.244263,87.6348084,0.5411956907,300.96,,2016-08-19
Jharkhand,Sahebganj,Acute Diarrhoeal Disease,2019,21,30.0,0.0,25.244263,87.6348084,0.05639530422,305.18333340000004,12.0,2019-05-20
Jharkhand,Sahebganj,Dengue,2016,37,101.0,1.0,25.244263,87.6348084,0.7714430701,301.90000000000003,12.0,2016-09-14
Jharkhand,Sahebganj,Dengue,2017,44,20.0,0.0,25.244263,87.6348084,0.04942020582,300.985,9.0,2017-11-02
Jharkhand,Sahebganj,Malaria,2015,50,61.0,1.0,25.244263,87.6348084,0.011344233,298.695,,2015-12-10
Jharkhand,Saraikela Kharsawan,Acute Diarrhoeal Disease,2011,49,62.0,0.0,22.7464225,85.91689291,3.48e-05,299.672,,2011-12-11
Jharkhand,Saraikela Kharsawan,Acute Diarrhoeal Disease,2019,42,35.0,0.0,22.7464225,85.91689291,0.08149621154,301.2066666,22.0,2019-10-18
Jharkhand,Saraikela Kharsawan,Acute Diarrhoeal Disease,2019,45,12.0,0.0,22.7464225,85.91689291,0.01129754096,299.768,,2019-11-08
Jharkhand,Saraikela Kharsawan,Acute Diarrhoeal Disease,2019,47,94.0,0.0,22.7464225,85.91689291,2.7950000000000002e-05,299.255,14.0,2019-11-19
Jharkhand,Saraikela Kharsawan,Dengue,2017,25,8.0,0.0,22.7464225,85.91689291,1.191417932,309.2866666,16.0,2017-06-22
Jharkhand,Saraikela Kharsawan,Dengue,2019,43,7.0,0.0,22.7464225,85.91689291,0.3197377573,301.095,22.0,2019-10-22
Jharkhand,Seraikela- Kharsawan (West Singhbhum),Malaria,2011,49,38.0,0.0,22.8232012,85.91973202,6.02e-05,298.76,13.0,2011-12-05
Jharkhand,Simdega,Acute Diarrhoeal Disease,2011,35,18.0,0.0,22.6664325,84.55026791,1.267343351,298.68,10.0,2011-09-04
Jharkhand,Simdega,Acute Diarrhoeal Disease,2012,22,22.0,3.0,22.6664325,84.55026791,6.95e-05,314.19333340000003,5.0,2012-06-03
Jharkhand,Simdega,Acute Diarrhoeal Disease,2018,32,8.0,1.0,22.6664325,84.55026791,1.193618771,,6.0,2018-08-08
Jharkhand,Simdega,Acute Diarrhoeal Disease,2018,33,20.0,0.0,22.6664325,84.55026791,0.9224811358,298.43333340000004,10.0,2018-08-17
Jharkhand,West Singhbhum,Acute Diarrhoeal Disease,2011,38,13.0,0.0,22.7859232,86.1716093,0.9817768412,299.54,16.0,2011-09-25
Jharkhand,West Singhbhum,Acute Diarrhoeal Disease,2012,23,14.0,0.0,22.7859232,86.1716093,0.0378576321,313.6533334,5.0,2012-06-10
Jharkhand,West Singhbhum,Acute Diarrhoeal Disease,2012,32,20.0,0.0,22.7859232,86.1716093,0.8207767465,301.38,6.0,2012-08-06
Jharkhand,West Singhbhum,Acute Diarrhoeal Disease,2012,37,27.0,0.0,22.7859232,86.1716093,0.9664100428,300.40000000000003,,2012-09-12
Jharkhand,West Singhbhum,Acute Diarrhoeal Disease,2013,26,18.0,0.0,22.7859232,86.1716093,0.3209138409,,7.0,2013-06-30
Jharkhand,West Singhbhum,Acute Diarrhoeal Disease,2013,35,16.0,0.0,22.7859232,86.1716093,0.5869232529,298.98,9.0,2013-08-26
Jharkhand,West Singhbhum,Acute Diarrhoeal Disease,2013,39,15.0,0.0,22.7859232,86.1716093,0.8539730246,297.7066666,17.0,2013-09-23
Jharkhand,West Singhbhum,Acute Diarrhoeal Disease,2013,40,13.0,0.0,22.7859232,86.1716093,1.138495321,300.52,9.0,2013-10-05
Jharkhand,West Singhbhum,Acute Diarrhoeal Disease,2013,41,22.0,0.0,22.7859232,86.1716093,0.922072336,300.29,,2013-10-08
Jharkhand,West Singhbhum,Acute Diarrhoeal Disease,2013,44,24.0,1.0,22.7859232,86.1716093,1.561634337,299.62,16.0,2013-10-28
Jharkhand,West Singhbhum,Acute Diarrhoeal Disease,2014,42,20.0,0.0,22.7859232,86.1716093,0.6140622043,299.62,19.0,2014-10-17
Jharkhand,West Singhbhum,Acute Diarrhoeal Disease,2015,33,16.0,0.0,22.7859232,86.1716093,0.06427996443,301.59000000000003,10.0,2015-08-10
Jharkhand,West Singhbhum,Acute Diarrhoeal Disease,2016,25,11.0,0.0,22.7859232,86.1716093,0.7326548415,307.90000000000003,8.0,2016-06-21
Jharkhand,West Singhbhum,Acute Diarrhoeal Disease,2017,30,9.0,0.0,22.7859232,86.1716093,1.572192569,301.88,2.0,2017-07-24
Jharkhand,West Singhbhum,Acute Diarrhoeal Disease,2018,24,13.0,0.0,22.7859232,86.1716093,0.2447092993,306.6,,2018-06-17
Jharkhand,West Singhbhum,Acute Diarrhoeal Disease,2018,29,12.0,0.0,22.7859232,86.1716093,0.431932435,,,2018-07-19
Jharkhand,West Singhbhum,Acute Diarrhoeal Disease,2018,34,21.0,0.0,22.7859232,86.1716093,0.3339525484,301.71,6.0,2018-08-23
Jharkhand,West Singhbhum,Acute Diarrhoeal Disease,2018,38,12.0,0.0,22.7859232,86.1716093,0.430351649,301.64,21.0,2018-09-23
Jharkhand,West Singhbhum,Acute Diarrhoeal Disease,2019,37,11.0,0.0,22.7859232,86.1716093,0.8707892505,301.66,,2019-09-14
Jharkhand,West Singhbhum,Acute Diarrhoeal Disease,2019,43,22.0,0.0,22.7859232,86.1716093,0.4944598451,301.86,,2019-10-24
Jharkhand,West Singhbhum,Acute Diarrhoeal Disease,2021,29,9.0,1.0,22.7859232,86.1716093,0.2153289702,299.88,5.0,2021-07-21
Jharkhand,West Singhbhum,Acute Diarrhoeal Disease,2021,35,8.0,0.0,22.7859232,86.1716093,0.2042255025,300.19,,2021-09-05
Jharkhand,West Singhbhum,Acute Diarrhoeal Disease,2021,37,30.0,0.0,22.7859232,86.1716093,1.030720478,,8.0,2021-09-17
Jharkhand,West Singhbhum,Acute Diarrhoeal Disease,2021,38,66.0,0.0,22.7859232,86.1716093,0.9376073647,298.22,8.0,2021-09-20
Jharkhand,West Singhbhum,Acute Diarrhoeal Disease,2021,39,37.0,0.0,22.7859232,86.1716093,1.1676119743500002,300.8775,25.0,2021-09-29
Jharkhand,West Singhbhum,Acute Diarrhoeal Disease,2021,42,24.0,0.0,22.7859232,86.1716093,1.289271786,304.88,19.0,2021-10-19
Jharkhand,West Singhbhum,Acute Diarrhoeal Disease,2021,46,12.0,0.0,22.7859232,86.1716093,0.536352205,295.72,,2021-11-16
Jharkhand,West Singhbhum,Acute Diarrhoeal Disease,2022,23,4.0,0.0,22.7859232,86.1716093,0.1341750695,306.05333340000004,11.0,2022-06-06
Jharkhand,West Singhbhum,Chikungunya,2011,31,5831.0,0.0,22.7859232,86.1716093,0.5909441743666667,302.74666666666667,9.0,2011-08-01
Jharkhand,West Singhbhum,Malaria,2011,33,51.0,0.0,22.7859232,86.1716093,1.973404971,,8.0,2011-08-17
Jharkhand,West Singhbhum,Malaria,2011,42,9.0,0.0,22.7859232,86.1716093,0.0543284848,302.376,14.0,2011-10-19
Jharkhand,West Singhbhum,Malaria,2011,44,104.0,0.0,22.7859232,86.1716093,7.07e-05,301.7733334,10.0,2011-11-04
Jharkhand,West Singhbhum,Malaria,2011,46,438.0,0.0,22.7859232,86.1716093,0.0293563718,302.375,6.0,2011-11-18
Jharkhand,West Singhbhum,Malaria,2011,48,24.0,0.0,22.7859232,86.1716093,6.41e-05,299.99,7.0,2011-12-04
Jharkhand,West Singhbhum,Malaria,2011,49,99.0,0.0,22.7859232,86.1716093,3.48e-05,300.31,,2011-12-11
Jharkhand,West Singhbhum,Malaria,2012,45,73.0,0.0,22.7859232,86.1716093,0.5929240506,299.76,10.0,2012-11-09
Jharkhand,West Singhbhum,Malaria,2013,27,36.0,0.0,22.7859232,86.1716093,0.842585107,298.31,10.0,2013-07-05
Jharkhand,West Singhbhum,Malaria,2013,38,23.0,0.0,22.7859232,86.1716093,0.3386418972,302.68,17.0,2013-09-17
Jharkhand,West Singhbhum,Malaria,2013,46,50.0,0.0,22.7859232,86.1716093,0.0008095229639,300.01,10.0,2013-11-11
Jharkhand,West Singhbhum,Malaria,2015,40,21.0,0.0,22.7859232,86.1716093,0.02185326164,303.36,19.0,2015-10-02
Jharkhand,West Singhbhum,Malaria,2016,37,70.0,0.0,22.7859232,86.1716093,0.638386779,301.94,15.0,2016-09-14
Jharkhand,West Singhbhum,Malaria,2016,45,32.0,0.0,22.7859232,86.1716093,0.05251916939,301.895,,2016-11-08
Jharkhand,West Singhbhum,Malaria,2017,49,28.0,0.0,22.7859232,86.1716093,0.0005118347548,297.232,8.0,2017-12-09
Jharkhand,West Singhbhum,Malaria,2019,26,49.0,0.0,22.7859232,86.1716093,0.4037023958,306.28000000000003,,2019-06-25
Jharkhand,West Singhbhum,Malaria,2019,36,74.0,0.0,22.7859232,86.1716093,0.4756253691,303.77,11.0,2019-09-03
Jharkhand,West Singhbhum,Malaria,2019,39,63.0,0.0,22.7859232,86.1716093,0.1235482671,302.16,12.0,2019-09-23
Jharkhand,West Singhbhum,Malaria,2019,40,42.0,0.0,22.7859232,86.1716093,0.6017265421,300.64,17.0,2019-10-04
Jharkhand,West Singhbhum,Malaria,2021,40,48.0,0.0,22.7859232,86.1716093,0.2629928325,301.016,,2021-10-08
Karnataka,Bagalkot,Acute Diarrhoeal Disease,2009,43,210.0,10.0,16.1853166,75.6967919,0.006981012193,309.90000000000003,,2009-10-23
Karnataka,Bagalkot,Acute Diarrhoeal Disease,2009,46,31.0,0.0,16.1853166,75.6967919,0.516517418,298.5,6.0,2009-11-13
Karnataka,Bagalkot,Acute Diarrhoeal Disease,2011,30,12.0,0.0,16.1853166,75.6967919,0.451196074,306.12,,2011-07-27
Karnataka,Bagalkot,Acute Diarrhoeal Disease,2013,32,19.0,0.0,16.1853166,75.6967919,0.2559595711,302.85,4.0,2013-08-09
Karnataka,Bagalkot,Acute Diarrhoeal Disease,2014,23,163.0,0.0,16.1853166,75.6967919,0.3390834177,312.5266666,5.0,2014-06-06
Karnataka,Bagalkot,Acute Diarrhoeal Disease,2018,38,38.0,0.0,16.1853166,75.6967919,0.2538451491,308.835,,2018-09-22
Karnataka,Bagalkot,Acute Diarrhoeal Disease,2021,36,10.0,0.0,16.1853166,75.6967919,0.4823008269,301.72,6.0,2021-09-11
Karnataka,Bagalkot,Chikungunya,2016,28,11.0,0.0,16.1853166,75.6967919,0.2048601581,305.63,3.0,2016-07-16
Karnataka,Bagalkot,Chikungunya,2018,12,32.0,0.0,16.1853166,75.6967919,0.0837246015,314.5,5.0,2018-03-20
Karnataka,Bagalkot,Chikungunya,2018,32,33.0,0.0,16.1853166,75.6967919,0.123990867,297.92,3.0,2018-08-06
Karnataka,Bagalkot,Chikungunya,2019,4,33.0,0.0,16.1853166,75.6967919,9.99e-05,308.1733334,,2019-01-24
Karnataka,Bagalkot,Chikungunya,2019,48,25.0,0.0,16.1853166,75.6967919,0.005961262581,305.0,11.0,2019-11-27
Karnataka,Bagalkot,Chikungunya,2021,2,18.0,0.0,16.1853166,75.6967919,5.22e-05,304.2133334,,2021-01-17
Karnataka,Bagalkot,Cholera,2015,38,66.0,0.0,16.1853166,75.6967919,0.7026356322,304.88,5.0,2015-09-20
Karnataka,Bagalkot,Dengue,2017,16,20.0,0.0,16.1853166,75.6967919,9.12e-05,320.128,4.0,2017-04-17
Karnataka,Bagalkot,Dengue,2019,47,27.0,0.0,16.1853166,75.6967919,0.04237069448,304.6,12.0,2019-11-20
Karnataka,Bagalkot,Malaria,2015,44,650.0,0.0,16.1853166,75.6967919,8.96e-05,312.856,9.0,2015-10-27
Karnataka,Bagalkot,Malaria,2016,26,24.0,0.0,16.1853166,75.6967919,0.5345282857,308.64,2.0,2016-06-27
Karnataka,Ballari,Acute Diarrhoeal Disease,2009,33,26.0,0.0,15.2485413,76.8323648,0.0353783345,306.61333340000004,4.0,2009-08-11
Karnataka,Ballari,Acute Diarrhoeal Disease,2009,46,33.0,0.0,15.2485413,76.8323648,0.4668879883,299.82,8.0,2009-11-12
Karnataka,Ballari,Acute Diarrhoeal Disease,2009,48,29.0,0.0,15.2485413,76.8323648,0.2420112393,301.92,,2009-11-25
Karnataka,Ballari,Acute Diarrhoeal Disease,2010,22,103.0,1.0,15.2485413,76.8323648,0.0228437897414,311.35066670000003,4.0,2010-05-31
Karnataka,Ballari,Acute Diarrhoeal Disease,2011,23,62.0,0.0,15.2485413,76.8323648,0.1718040284,310.62,4.0,2011-06-06
Karnataka,Ballari,Acute Diarrhoeal Disease,2011,27,28.0,3.0,15.2485413,76.8323648,0.2808323906,308.98,4.0,2011-07-10
Karnataka,Ballari,Acute Diarrhoeal Disease,2013,18,55.0,1.0,15.2485413,76.8323648,0.02311997569,315.932,4.0,2013-05-02
Karnataka,Ballari,Acute Diarrhoeal Disease,2013,23,33.0,0.0,15.2485413,76.8323648,0.2419374413,306.7,3.0,2013-06-03
Karnataka,Ballari,Acute Diarrhoeal Disease,2013,25,55.0,2.0,15.2485413,76.8323648,0.1597969955,309.36,,2013-06-18
Karnataka,Ballari,Acute Diarrhoeal Disease,2013,30,16.0,0.0,15.2485413,76.8323648,0.8808416879,,2.0,2013-07-26
Karnataka,Ballari,Acute Diarrhoeal Disease,2013,36,12.0,0.0,15.2485413,76.8323648,0.3130347164,305.44,,2013-09-06
Karnataka,Ballari,Acute Diarrhoeal Disease,2014,29,31.0,0.0,15.2485413,76.8323648,0.2920294908,,2.0,2014-07-15
Karnataka,Ballari,Acute Diarrhoeal Disease,2016,14,73.0,0.0,15.2485413,76.8323648,0.0004560763987,318.2,5.0,2016-04-07
Karnataka,Ballari,Acute Diarrhoeal Disease,2016,27,61.0,0.0,15.2485413,76.8323648,0.2858358297,,2.0,2016-07-05
Karnataka,Ballari,Acute Diarrhoeal Disease,2018,10,23.0,0.0,15.2485413,76.8323648,6.24e-05,312.64,,2018-03-06
Karnataka,Ballari,Acute Diarrhoeal Disease,2019,40,61.0,0.0,15.2485413,76.8323648,0.3169809523,305.8666666,11.0,2019-10-02
Karnataka,Ballari,Acute Diarrhoeal Disease,2021,3,47.0,1.0,15.2485413,76.8323648,2.27e-05,303.2133334,8.0,2021-01-20
Karnataka,Ballari,Acute Diarrhoeal Disease,2021,4,14.0,0.0,15.2485413,76.8323648,7.83e-06,306.288,7.0,2021-01-26
Karnataka,Ballari,Acute Diarrhoeal Disease,2021,41,11.0,0.0,15.2485413,76.8323648,0.1862644303,303.035,,2021-10-16
Karnataka,Ballari,Acute Diarrhoeal Disease,2022,20,22.0,0.0,15.2485413,76.8323648,0.2310053668,312.53000000000003,,2022-05-17
Karnataka,Ballari,Chikungunya,2011,27,76.0,0.0,15.2485413,76.8323648,0.3032863327,,4.0,2011-07-09
Karnataka,Ballari,Chikungunya,2013,24,36.0,0.0,15.2485413,76.8323648,0.2550693781,,3.0,2013-06-16
Karnataka,Ballari,Chikungunya,2014,38,111.0,0.0,15.2485413,76.8323648,0.056812457215,302.3333333,10.0,2014-09-15
Karnataka,Ballari,Chikungunya,2015,40,66.0,0.0,15.2485413,76.8323648,0.1483971941,305.77,14.0,2015-10-02
Karnataka,Ballari,Cholera,2013,39,20.0,0.0,15.2485413,76.8323648,0.05526977365,301.192,17.0,2013-09-28
Karnataka,Ballari,Cholera,2013,47,18.0,0.0,15.2485413,76.8323648,0.04969189118,303.8766666,10.0,2013-11-21
Karnataka,Ballari,Dengue,2012,18,52.0,0.0,15.2485413,76.8323648,0.0001694238721,312.59200000000004,5.0,2012-05-05
Karnataka,Ballari,Dengue,2012,23,14.0,0.0,15.2485413,76.8323648,0.001467437758,312.05,3.0,2012-06-04
Karnataka,Ballari,Dengue,2014,30,31.0,0.0,15.2485413,76.8323648,0.09444324046,305.67,4.0,2014-07-21
Karnataka,Ballari,Dengue,2017,13,58.0,0.0,15.2485413,76.8323648,5.98e-05,319.072,4.0,2017-04-02
Karnataka,Ballari,Dengue,2021,31,25.0,0.0,15.2485413,76.8323648,0.1445197081,302.88,,2021-08-04
Karnataka,Ballari,Malaria,2010,41,631.0,19.0,15.2485413,76.8323648,0.05694064759,301.744,12.0,2010-10-17
Karnataka,Ballari,Malaria,2011,2,48.0,0.0,15.2485413,76.8323648,7.28e-05,306.35200000000003,6.0,2011-01-14
Karnataka,Bangalore,Acute Diarrhoeal Disease,2010,15,79.0,1.0,12.9767936,77.590082,0.002262508157,314.1766666,6.0,2010-04-12
Karnataka,Bangalore,Acute Diarrhoeal Disease,2010,41,16.0,0.0,12.9767936,77.590082,0.1479009716,299.84000000000003,11.0,2010-10-17
Karnataka,Bangalore,Acute Diarrhoeal Disease,2015,41,30.0,0.0,12.9767936,77.590082,0.4045233608,301.40000000000003,10.0,2015-10-05
Karnataka,Bangalore,Acute Diarrhoeal Disease,2018,21,54.0,0.0,12.9767936,77.590082,0.9432298712,302.356,,2018-05-25
Karnataka,Bangalore,Chikungunya,2019,49,42.0,0.0,12.9767936,77.590082,0.4518235661,,,2019-12-03
Karnataka,Bangalore Rural,Acute Diarrhoeal Disease,2016,26,24.0,0.0,13.0010872,77.3361225,0.7653578634,,6.0,2016-06-28
Karnataka,Bangalore Rural,Chikungunya,2016,21,19.0,0.0,13.0010872,77.3361225,0.08964089824,308.035,9.0,2016-05-29
Karnataka,Bangalore Rural,Chikungunya,2017,28,13.0,0.0,13.0010872,77.3361225,0.2667103882,,,2017-07-12
Karnataka,Bangalore Rural,Dengue,2019,26,27.0,0.0,13.0010872,77.3361225,0.3778528099,306.38,,2019-06-26
Karnataka,Bangalore Rural,Dengue & Chikungunya,2019,27,28.0,0.0,13.0010872,77.3361225,0.08700888881,308.27,6.0,2019-07-02
Karnataka,Bangalore Urban,Acute Diarrhoeal Disease,2011,24,52.0,0.0,12.94514225,77.553645,0.1649797868,303.11,7.0,2011-06-15
Karnataka,Bangalore Urban,Acute Diarrhoeal Disease,2012,20,14.0,0.0,12.94514225,77.553645,0.2984734998,302.584,8.0,2012-05-20
Karnataka,Bangalore Urban,Acute Diarrhoeal Disease,2013,21,25.0,0.0,12.94514225,77.553645,0.7138440645,307.865,6.0,2013-05-21
Karnataka,Bangalore Urban,Acute Diarrhoeal Disease,2013,29,56.0,0.0,12.94514225,77.553645,0.3346791728,,2.0,2013-07-16
Karnataka,Bangalore Urban,Acute Diarrhoeal Disease,2013,52,64.0,0.0,12.94514225,77.553645,0.002383167021,300.42400000000004,,2013-12-27
Karnataka,Bangalore Urban,Acute Diarrhoeal Disease,2016,10,4.0,1.0,12.94514225,77.553645,0.0001452273142,309.5,,2016-03-12
Karnataka,Bangalore Urban,Chikungunya,2019,23,40.0,0.0,12.94514225,77.553645,0.7047662041,305.5733334,10.0,2019-06-05
Karnataka,Bangalore Urban,Cholera,2012,25,9.0,0.0,12.94514225,77.553645,0.3064362942,304.52,5.0,2012-06-23
Karnataka,Bangalore Urban,Cholera,2017,43,19.0,0.0,12.94514225,77.553645,0.03129464766,300.40500000000003,,2017-10-23
Karnataka,Bangalore Urban,Cholera,2017,52,19.0,2.0,12.94514225,77.553645,0.0001615998913,300.8766666,10.0,2017-12-28
Karnataka,Bangalore Urban,Dengue,2014,23,18.0,0.0,12.94514225,77.553645,0.6347980133,305.508,,2014-06-02
Karnataka,Bangalore Urban,Dengue,2014,37,20.0,0.0,12.94514225,77.553645,0.02224671712,305.0433334,,2014-09-14
Karnataka,Bangalore Urban,Dengue,2015,23,16.0,0.0,12.94514225,77.553645,0.8215504659,304.45,10.0,2015-06-04
Karnataka,Bangalore Urban,Dengue,2015,24,16.0,0.0,12.94514225,77.553645,0.3341637625,304.41,,2015-06-09
Karnataka,Bbmp,Cholera,2022,22,169.0,1.0,13.058135,77.50646228,0.04676073172,302.68333340000004,12.0,2022-05-31
Karnataka,Belagavi,Acute Diarrhoeal Disease,2018,23,32.0,0.0,15.8572666,74.5069343,0.7051409364,309.268,10.0,2018-06-04
Karnataka,Belagavi,Acute Diarrhoeal Disease,2018,46,10.0,0.0,15.8572666,74.5069343,9.41e-05,306.65000000000003,,2018-11-17
Karnataka,Belagavi,Acute Diarrhoeal Disease,2019,8,37.0,0.0,15.8572666,74.5069343,0.0003425621281,311.3166666,7.0,2019-02-22
Karnataka,Belagavi,Chikungunya,2019,16,13.0,0.0,15.8572666,74.5069343,0.1043416407,316.60400000000004,9.0,2019-04-16
Karnataka,Belagavi,Cholera,2016,18,8.0,0.0,15.8572666,74.5069343,0.1117671629,317.61333340000004,8.0,2016-05-04
Karnataka,Belagavi,Dengue,2019,22,7.0,2.0,15.8572666,74.5069343,0.11950825,314.2333334,8.0,2019-05-28
Karnataka,Belagavi,Dengue,2019,33,14.0,0.0,15.8572666,74.5069343,2.487819,294.96,,2019-08-12
Karnataka,Belagavi,Dengue,2019,37,14.0,1.0,15.8572666,74.5069343,1.391484457,299.18,8.0,2019-09-11
Karnataka,Belagavi,Dengue,2019,38,3.0,1.0,15.8572666,74.5069343,0.2742639458,297.32,11.0,2019-09-17
Karnataka,Belgaum,Acute Diarrhoeal Disease,2009,26,10.0,0.0,15.8572666,74.5069343,0.3929388113,305.90000000000003,3.0,2009-06-28
Karnataka,Belgaum,Acute Diarrhoeal Disease,2009,29,28.0,0.0,15.8572666,74.5069343,1.910460109,,4.0,2009-07-15
Karnataka,Belgaum,Acute Diarrhoeal Disease,2009,30,86.0,0.0,15.8572666,74.5069343,1.261049388,295.6866666,5.0,2009-07-22
Karnataka,Belgaum,Acute Diarrhoeal Disease,2009,32,53.0,0.0,15.8572666,74.5069343,0.2304774701,299.1,,2009-08-05
Karnataka,Belgaum,Acute Diarrhoeal Disease,2009,36,18.0,0.0,15.8572666,74.5069343,1.479555975,,,2009-09-06
Karnataka,Belgaum,Acute Diarrhoeal Disease,2009,41,32.0,0.0,15.8572666,74.5069343,1.0030976544499999,299.68,17.5,2009-10-06
Karnataka,Belgaum,Acute Diarrhoeal Disease,2010,15,52.0,0.0,15.8572666,74.5069343,0.07287030204,314.62333340000004,,2010-04-15
Karnataka,Belgaum,Acute Diarrhoeal Disease,2010,31,43.0,0.0,15.8572666,74.5069343,1.474761356,296.74,2.0,2010-08-02
Karnataka,Belgaum,Acute Diarrhoeal Disease,2010,34,10.0,0.0,15.8572666,74.5069343,0.9114885513,,5.0,2010-08-26
Karnataka,Belgaum,Acute Diarrhoeal Disease,2011,19,45.0,0.0,15.8572666,74.5069343,0.04118482376,313.5433334,9.0,2011-05-15
Karnataka,Belgaum,Acute Diarrhoeal Disease,2011,25,28.0,0.0,15.8572666,74.5069343,0.4702891641,299.12,7.0,2011-06-23
Karnataka,Belgaum,Acute Diarrhoeal Disease,2011,32,105.0,0.0,15.8572666,74.5069343,0.6471053298,294.88,9.0,2011-08-09
Karnataka,Belgaum,Acute Diarrhoeal Disease,2011,42,25.0,0.0,15.8572666,74.5069343,0.4107975024,302.372,21.0,2011-10-20
Karnataka,Belgaum,Acute Diarrhoeal Disease,2011,49,10.0,0.0,15.8572666,74.5069343,6.76e-05,305.28400000000005,18.0,2011-12-08
Karnataka,Belgaum,Acute Diarrhoeal Disease,2012,16,12.0,0.0,15.8572666,74.5069343,0.1755570859,311.4266666,,2012-04-22
Karnataka,Belgaum,Acute Diarrhoeal Disease,2012,21,50.0,0.0,15.8572666,74.5069343,0.01659407463,313.996,9.0,2012-05-26
Karnataka,Belgaum,Acute Diarrhoeal Disease,2013,27,13.0,0.0,15.8572666,74.5069343,0.6168928176,301.93,7.0,2013-07-02
Karnataka,Belgaum,Acute Diarrhoeal Disease,2013,50,29.0,0.0,15.8572666,74.5069343,5.7e-05,303.332,17.0,2013-12-13
Karnataka,Belgaum,Acute Diarrhoeal Disease,2014,6,32.0,0.0,15.8572666,74.5069343,6.84e-05,306.1466666,7.0,2014-02-06
Karnataka,Belgaum,Acute Diarrhoeal Disease,2014,18,11.0,0.0,15.8572666,74.5069343,0.2383477363,313.42,,2014-05-01
Karnataka,Belgaum,Chikungunya,2010,15,55.0,0.0,15.8572666,74.5069343,0.07287030204,314.62333340000004,,2010-04-15
Karnataka,Belgaum,Chikungunya,2010,35,25.0,0.0,15.8572666,74.5069343,0.6160425642,294.62,11.0,2010-08-30
Karnataka,Belgaum,Chikungunya,2011,22,27.0,0.0,15.8572666,74.5069343,0.6886999553,311.1733334,4.0,2011-06-05
Karnataka,Belgaum,Chikungunya,2011,41,20.0,0.0,15.8572666,74.5069343,0.2800980786,303.328,19.0,2011-10-10
Karnataka,Belgaum,Chikungunya,2013,22,70.0,0.0,15.8572666,74.5069343,0.2690983977,311.46,7.0,2013-05-30
Karnataka,Belgaum,Chikungunya,2014,5,25.0,0.0,15.8572666,74.5069343,8.33e-05,303.955,,2014-02-02
Karnataka,Belgaum,Cholera,2010,36,19.0,0.0,15.8572666,74.5069343,0.4920265469,298.08,,2010-09-06
Karnataka,Belgaum,Cholera,2011,21,35.0,0.0,15.8572666,74.5069343,0.04797721014,309.07,,2011-05-24
Karnataka,Belgaum,Cholera,2012,4,24.0,0.0,15.8572666,74.5069343,7.39e-05,305.2666666,6.0,2012-01-26
Karnataka,Belgaum,Cholera,2012,31,17.0,0.0,15.8572666,74.5069343,0.5907845249,297.4866666,,2012-08-03
Karnataka,Belgaum,Cholera,2012,42,151.0,2.0,15.8572666,74.5069343,0.0002997741897,304.0466666,20.0,2012-10-17
Karnataka,Belgaum,Cholera,2015,27,9.0,0.0,15.8572666,74.5069343,0.6720285708,299.32,10.0,2015-06-30
Karnataka,Belgaum,Dengue,2010,9,10.0,0.0,15.8572666,74.5069343,0.001086491657,312.99333340000004,7.0,2010-03-02
Karnataka,Belgaum,Dengue,2012,27,13.0,0.0,15.8572666,74.5069343,1.05088295,303.36,6.0,2012-07-06
Karnataka,Belgaum,Dengue,2016,5,5.0,0.0,15.8572666,74.5069343,5.65e-05,308.964,6.0,2016-02-03
Karnataka,Bengaluru,Chikungunya,2018,32,22.0,0.0,12.9767936,77.590082,0.06711051424,300.52,3.0,2018-08-06
Karnataka,Bengaluru,Dengue,2019,27,13.0,0.0,12.9767936,77.590082,0.07216526129,306.76,5.0,2019-07-02
Karnataka,Bengaluru Urban,Acute Diarrhoeal Disease,2021,42,171.0,0.0,12.94514225,77.553645,0.9697460078,300.48,9.0,2021-10-18
Karnataka,Bengaluru Urban,Chikungunya,2019,47,46.0,0.0,12.94514225,77.553645,0.08024081939,300.305,10.0,2019-11-18
Karnataka,Bidar,Acute Diarrhoeal Disease,2009,24,18.0,1.0,18.083333,77.333333,0.3957329304,313.48400000000004,2.0,2009-06-12
Karnataka,Bidar,Acute Diarrhoeal Disease,2009,30,28.0,0.0,18.083333,77.333333,0.5114891179,303.44,3.0,2009-07-23
Karnataka,Bidar,Acute Diarrhoeal Disease,2010,23,45.0,0.0,18.083333,77.333333,0.0241116297,318.66400000000004,,2010-06-09
Karnataka,Bidar,Acute Diarrhoeal Disease,2010,34,12.0,0.0,18.083333,77.333333,0.9286082083,301.46,,2010-08-28
Karnataka,Bidar,Acute Diarrhoeal Disease,2011,5,72.0,0.0,18.083333,77.333333,4.47e-05,310.09000000000003,4.0,2011-02-06
Karnataka,Bidar,Acute Diarrhoeal Disease,2011,23,43.0,0.0,18.083333,77.333333,0.5063219614500001,308.47450000000003,2.0,2011-06-08
Karnataka,Bidar,Acute Diarrhoeal Disease,2011,28,78.0,1.0,18.083333,77.333333,0.6174244665,303.93,,2011-07-12
Karnataka,Bidar,Acute Diarrhoeal Disease,2011,36,41.0,0.0,18.083333,77.333333,0.609214289,299.71,10.0,2011-09-08
Karnataka,Bidar,Acute Diarrhoeal Disease,2011,39,10.0,0.0,18.083333,77.333333,0.04803837238,307.325,11.0,2011-09-26
Karnataka,Bidar,Acute Diarrhoeal Disease,2011,41,15.0,0.0,18.083333,77.333333,0.2886805275,305.92,,2011-10-15
Karnataka,Bidar,Acute Diarrhoeal Disease,2011,43,69.0,0.0,18.083333,77.333333,0.0120044286,308.37,11.0,2011-10-25
Karnataka,Bidar,Acute Diarrhoeal Disease,2012,28,30.0,2.0,18.083333,77.333333,0.2204643485,309.92,,2012-07-11
Karnataka,Bidar,Acute Diarrhoeal Disease,2012,29,17.0,0.0,18.083333,77.333333,0.1992852796,306.73,2.0,2012-07-17
Karnataka,Bidar,Acute Diarrhoeal Disease,2013,26,17.0,0.0,18.083333,77.333333,0.6173556021,,,2013-06-26
Karnataka,Bidar,Acute Diarrhoeal Disease,2013,29,36.0,0.0,18.083333,77.333333,1.10616473315,304.32,2.0,2013-07-19
Karnataka,Bidar,Acute Diarrhoeal Disease,2013,42,20.0,0.0,18.083333,77.333333,0.07444477377,304.095,13.0,2013-10-19
Karnataka,Bidar,Acute Diarrhoeal Disease,2014,37,19.0,1.0,18.083333,77.333333,0.6419066108,301.61333340000004,10.0,2014-09-10
Karnataka,Bidar,Acute Diarrhoeal Disease,2015,11,12.0,0.0,18.083333,77.333333,0.1480944681,313.436,3.0,2015-03-12
Karnataka,Bidar,Acute Diarrhoeal Disease,2015,29,20.0,0.0,18.083333,77.333333,0.04009313086,309.165,3.0,2015-07-15
Karnataka,Bidar,Acute Diarrhoeal Disease,2015,44,12.0,0.0,18.083333,77.333333,0.004023363363,308.2966666,9.0,2015-10-30
Karnataka,Bidar,Acute Diarrhoeal Disease,2016,41,44.0,0.0,18.083333,77.333333,0.19607090755,303.11,14.0,2016-10-12
Karnataka,Bidar,Acute Diarrhoeal Disease,2017,35,66.0,0.0,18.083333,77.333333,1.3290253545,303.04,14.0,2017-08-30
Karnataka,Bidar,Acute Diarrhoeal Disease,2017,41,24.0,0.0,18.083333,77.333333,0.5694589281,306.32,11.0,2017-10-10
Karnataka,Bidar,Acute Diarrhoeal Disease,2017,42,22.0,0.0,18.083333,77.333333,0.6472564917,302.48,,2017-10-16
Karnataka,Bidar,Acute Diarrhoeal Disease,2018,4,23.0,0.0,18.083333,77.333333,4.64e-05,307.2933334,6.0,2018-01-23
Karnataka,Bidar,Acute Diarrhoeal Disease,2018,18,22.0,0.0,18.083333,77.333333,0.0003511772483,321.3166666,3.0,2018-05-03
Karnataka,Bidar,Chikungunya,2011,8,56.0,0.0,18.083333,77.333333,0.0670010289,307.48,4.0,2011-02-27
Karnataka,Bidar,Chikungunya,2011,14,5.0,0.0,18.083333,77.333333,6.16e-05,321.708,3.0,2011-04-05
Karnataka,Bidar,Chikungunya,2011,15,10.0,0.0,18.083333,77.333333,0.0363195253,317.8166666,3.0,2011-04-11
Karnataka,Bidar,Chikungunya,2011,33,26.0,0.0,18.083333,77.333333,0.4304283882,306.8,,2011-08-21
Karnataka,Bidar,Chikungunya,2015,53,15.0,0.0,18.083333,77.333333,0.0001210373101,308.072,4.0,2015-12-28
Karnataka,Bidar,Chikungunya,2019,37,44.0,0.0,18.083333,77.333333,0.1599483745,297.485,15.0,2019-09-15
Karnataka,Bidar,Chikungunya,2021,7,30.0,0.0,18.083333,77.333333,0.02307911892,308.84000000000003,4.0,2021-02-20
Karnataka,Bidar,Cholera,2011,34,6.0,0.0,18.083333,77.333333,0.6063773991,,3.0,2011-08-22
Karnataka,Bidar,Cholera,2012,26,23.0,0.0,18.083333,77.333333,0.08780226221,312.3666666,1.0,2012-06-27
Karnataka,Bidar,Cholera,2012,29,19.0,0.0,18.083333,77.333333,0.9841975524,,3.0,2012-07-21
Karnataka,Bidar,Cholera,2013,31,17.0,0.0,18.083333,77.333333,0.7910202335,,6.0,2013-07-29
Karnataka,Bidar,Cholera,2015,17,22.0,0.0,18.083333,77.333333,0.03635194456,319.99,3.0,2015-04-24
Karnataka,Bidar,Cholera,2015,27,24.0,0.0,18.083333,77.333333,0.02185066896,310.7466666,,2015-07-04
Karnataka,Bidar,Cholera,2015,31,15.0,0.0,18.083333,77.333333,0.1431191621,,,2015-07-27
Karnataka,Bidar,Cholera,2016,24,26.0,0.0,18.083333,77.333333,0.06141703074,314.2,2.0,2016-06-18
Karnataka,Bidar,Cholera,2016,28,22.0,0.0,18.083333,77.333333,1.193017326,302.96,4.0,2016-07-15
Karnataka,Bidar,Cholera,2016,31,13.0,0.0,18.083333,77.333333,1.083564583,300.28000000000003,5.0,2016-08-02
Karnataka,Bidar,Dengue,2011,24,34.0,0.0,18.083333,77.333333,0.3246234474,312.12,3.0,2011-06-13
Karnataka,Bijapur,Acute Diarrhoeal Disease,2009,24,343.0,0.0,16.8269911,75.7175387,0.6449550351,313.255,,2009-06-09
Karnataka,Bijapur,Acute Diarrhoeal Disease,2009,25,40.0,0.0,16.8269911,75.7175387,0.1748974074,306.436,4.0,2009-06-20
Karnataka,Bijapur,Acute Diarrhoeal Disease,2009,28,74.0,0.0,16.8269911,75.7175387,0.1513143212,311.6,2.0,2009-07-06
Karnataka,Bijapur,Acute Diarrhoeal Disease,2009,46,226.0,0.0,16.8269911,75.7175387,0.04680001434,305.72,,2009-11-09
Karnataka,Bijapur,Acute Diarrhoeal Disease,2009,47,77.0,0.0,16.8269911,75.7175387,0.5570485349,305.635,6.0,2009-11-20
Karnataka,Bijapur,Acute Diarrhoeal Disease,2010,9,26.0,0.0,16.8269911,75.7175387,0.003015112499,315.92,4.0,2010-03-01
Karnataka,Bijapur,Acute Diarrhoeal Disease,2010,18,10.0,0.0,16.8269911,75.7175387,0.1412039097,317.1466666,4.0,2010-05-04
Karnataka,Bijapur,Acute Diarrhoeal Disease,2011,25,71.0,0.0,16.8269911,75.7175387,0.1059465824,304.2,3.0,2011-06-24
Karnataka,Bijapur,Acute Diarrhoeal Disease,2011,43,29.0,0.0,16.8269911,75.7175387,0.04022930555,308.152,6.0,2011-10-28
Karnataka,Bijapur,Acute Diarrhoeal Disease,2012,31,21.0,0.0,16.8269911,75.7175387,0.1281195903,305.2333334,2.0,2012-08-02
Karnataka,Bijapur,Acute Diarrhoeal Disease,2013,25,13.0,0.0,16.8269911,75.7175387,0.4375792352,310.32,2.0,2013-06-22
Karnataka,Bijapur,Acute Diarrhoeal Disease,2013,29,10.0,0.0,16.8269911,75.7175387,0.5386506808,291.87,1.0,2013-07-18
Karnataka,Bijapur,Acute Diarrhoeal Disease,2015,22,55.0,0.0,16.8269911,75.7175387,0.002501309021,314.8233334,3.0,2015-05-27
Karnataka,Bijapur,Chikungunya,2011,27,27.0,0.0,16.8269911,75.7175387,0.5030010184,,3.0,2011-07-08
Karnataka,Bijapur,Chikungunya,2014,16,10.0,0.0,16.8269911,75.7175387,0.112154878,319.716,4.0,2014-04-19
Karnataka,Bijapur,Chikungunya,2017,30,18.0,0.0,16.8269911,75.7175387,0.06490278469,303.74,3.0,2017-07-26
Karnataka,Bijapur,Chikungunya,2018,15,26.0,0.0,16.8269911,75.7175387,0.07325325127,316.29200000000003,4.0,2018-04-13
Karnataka,Bijapur,Chikungunya,2018,17,49.0,0.0,16.8269911,75.7175387,0.0009461102516,318.2966666,4.0,2018-04-25
Karnataka,Bijapur,Chikungunya,2018,25,15.0,0.0,16.8269911,75.7175387,0.2205118565,308.94,2.0,2018-06-20
Karnataka,Bijapur,Chikungunya,2018,31,18.0,0.0,16.8269911,75.7175387,0.1090592869,305.81,,2018-08-05
Karnataka,Bijapur,Cholera,2012,27,32.0,0.0,16.8269911,75.7175387,0.2115485399,309.66,2.0,2012-07-08
Karnataka,Bijapur,Cholera,2012,34,85.0,0.0,16.8269911,75.7175387,0.1231085031,307.1,,2012-08-20
Karnataka,Bijapur,Cholera,2016,9,86.0,0.0,16.8269911,75.7175387,0.0849281048,311.212,4.0,2016-03-06
Karnataka,Bijapur,Dengue,2011,38,12.0,1.0,16.8269911,75.7175387,0.1358767485,305.54,7.0,2011-09-19
Karnataka,Bijapur,Dengue,2012,24,15.0,0.0,16.8269911,75.7175387,0.2985260395,311.12,3.0,2012-06-12
Karnataka,Bijapur,Dengue,2014,24,17.0,0.0,16.8269911,75.7175387,0.1320276313,309.096,3.0,2014-06-12
Karnataka,Bijapur,Dengue,2015,49,23.0,0.0,16.8269911,75.7175387,0.03819964696,305.94333340000003,9.0,2015-12-06
Karnataka,Bijapur,Malaria,2010,12,192.0,0.0,16.8269911,75.7175387,1.46e-05,318.4766666,4.0,2010-03-25
Karnataka,Bijapur,Malaria,2010,27,44.0,0.0,16.8269911,75.7175387,0.4555576312,303.13,3.0,2010-07-10
Karnataka,Chamarajnagar,Acute Diarrhoeal Disease,2010,22,35.0,1.0,14.3683154,76.6538415,0.09476088853,308.616,8.0,2010-06-04
Karnataka,Chamarajnagar,Acute Diarrhoeal Disease,2011,14,43.0,0.0,14.3683154,76.6538415,0.0001184704674,314.736,6.0,2011-04-05
Karnataka,Chamarajnagar,Acute Diarrhoeal Disease,2011,23,13.0,0.0,14.3683154,76.6538415,0.3223808711,303.94,,2011-06-09
Karnataka,Chamarajnagar,Acute Diarrhoeal Disease,2012,18,16.0,1.0,14.3683154,76.6538415,0.3638410629,307.276,6.0,2012-05-01
Karnataka,Chamarajnagar,Acute Diarrhoeal Disease,2012,19,12.0,0.0,14.3683154,76.6538415,0.0009910446206,311.612,6.0,2012-05-09
Karnataka,Chamarajnagar,Chikungunya,2010,20,18.0,0.0,14.3683154,76.6538415,0.1732381209,308.5333334,7.0,2010-05-20
Karnataka,Chamarajnagar,Cholera,2009,45,7.0,0.0,14.3683154,76.6538415,0.1268362457,303.075,8.0,2009-11-06
Karnataka,Chamarajnagar,Cholera,2012,4,72.0,0.0,14.3683154,76.6538415,5.88e-05,308.49,5.0,2012-01-28
Karnataka,Chamrajnagar,Acute Diarrhoeal Disease,2011,22,14.0,0.0,11.9346006,76.9328209,1.395057564,304.3933334,9.0,2011-06-04
Karnataka,Chamrajnagar,Acute Diarrhoeal Disease,2012,14,15.0,1.0,11.9346006,76.9328209,0.01786651145,312.4133334,7.0,2012-04-07
Karnataka,Chamrajnagar,Acute Diarrhoeal Disease,2012,34,24.0,0.0,11.9346006,76.9328209,0.2089304114,304.40000000000003,7.0,2012-08-23
Karnataka,Chamrajnagar,Acute Diarrhoeal Disease,2013,15,10.0,1.0,11.9346006,76.9328209,0.02890845285,311.116,7.0,2013-04-12
Karnataka,Chamrajnagar,Acute Diarrhoeal Disease,2013,16,11.0,0.0,11.9346006,76.9328209,0.1979780445,314.1966666,7.0,2013-04-20
Karnataka,Chamrajnagar,Acute Diarrhoeal Disease,2013,18,17.0,0.0,11.9346006,76.9328209,0.07296481553,308.665,6.0,2013-05-03
Karnataka,Chamrajnagar,Acute Diarrhoeal Disease,2013,20,17.0,0.0,11.9346006,76.9328209,0.2898699386,306.495,8.0,2013-05-15
Karnataka,Chamrajnagar,Acute Diarrhoeal Disease,2016,11,49.0,0.0,11.9346006,76.9328209,0.1149614227,310.66,8.0,2016-03-15
Karnataka,Chamrajnagar,Acute Diarrhoeal Disease,2020,7,10.0,0.0,11.9346006,76.9328209,0.0406840316,306.81333340000003,8.0,2020-02-11
Karnataka,Chamrajnagar,Chikungunya,2013,49,30.0,0.0,11.9269937,76.9424311,0.2165095117,303.74,,2013-12-03
Karnataka,Chamrajnagar,Chikungunya,2014,22,42.0,0.0,11.93079715,76.937626,0.31973328955,305.53950000000003,12.0,2014-05-30
Karnataka,Chamrajnagar,Chikungunya,2015,39,21.0,0.0,11.9346006,76.9328209,0.1675545916,307.63,,2015-09-21
Karnataka,Chamrajnagar,Chikungunya,2017,5,46.0,0.0,11.9346006,76.9328209,0.3232436796,306.6066666,17.0,2017-01-31
Karnataka,Chamrajnagar,Chikungunya,2019,24,32.0,0.0,11.9346006,76.9328209,0.2789780155,303.48400000000004,14.0,2019-06-15
Karnataka,Chamrajnagar,Chikungunya,2020,53,15.0,0.0,11.9346006,76.9328209,0.2146496303,302.82,16.0,2021-01-02
Karnataka,Chamrajnagar,Dengue,2013,12,23.0,0.0,11.9346006,76.9328209,0.06279117713,314.216,6.0,2013-03-18
Karnataka,Chamrajnagar,Dengue,2013,28,30.0,0.0,11.9346006,76.9328209,0.7409027245,299.02,,2013-07-12
Karnataka,Chamrajnagar,Dengue,2013,45,16.0,0.0,11.9346006,76.9328209,0.2746687737,302.5,22.0,2013-11-07
Karnataka,Chamrajnagar,Dengue,2018,39,24.0,0.0,11.9346006,76.9328209,0.06568375134,305.012,14.0,2018-09-24
Karnataka,Chamrajnagar,Malaria,2018,34,16.0,0.0,11.9346006,76.9328209,0.09080546768,300.01,8.0,2018-08-24
Karnataka,Chikballapur,Acute Diarrhoeal Disease,2009,33,29.0,0.0,13.6102243,77.5127721,0.0782734883,305.81,,2009-08-13
Karnataka,Chikballapur,Acute Diarrhoeal Disease,2010,15,18.0,0.0,13.6102243,77.5127721,0.03988783414,310.488,6.0,2010-04-18
Karnataka,Chikballapur,Acute Diarrhoeal Disease,2010,17,10.0,0.0,13.6102243,77.5127721,0.07828007667,307.86,,2010-05-01
Karnataka,Chikballapur,Acute Diarrhoeal Disease,2010,20,25.0,0.0,13.6102243,77.5127721,0.3470122497,306.165,8.0,2010-05-20
Karnataka,Chikballapur,Acute Diarrhoeal Disease,2010,45,11.0,2.0,13.6102243,77.5127721,0.6627270472,,,2010-11-09
Karnataka,Chikballapur,Acute Diarrhoeal Disease,2010,46,10.0,1.0,13.6102243,77.5127721,0.3414467708,297.9533334,11.0,2010-11-20
Karnataka,Chikballapur,Acute Diarrhoeal Disease,2011,20,13.0,0.0,13.6102243,77.5127721,0.4553198241,308.7233334,,2011-05-17
Karnataka,Chikballapur,Acute Diarrhoeal Disease,2012,8,29.0,0.0,13.6102243,77.5127721,4.88e-05,311.652,5.0,2012-02-21
Karnataka,Chikballapur,Acute Diarrhoeal Disease,2012,34,20.0,0.0,13.6102243,77.5127721,0.05339180257,305.5,8.0,2012-08-21
Karnataka,Chikballapur,Acute Diarrhoeal Disease,2013,49,24.0,0.0,13.6102243,77.5127721,0.04065148897,301.76,9.0,2013-12-06
Karnataka,Chikballapur,Acute Diarrhoeal Disease,2015,10,10.0,0.0,13.4358702,77.7312434,0.111061779,305.084,5.0,2015-03-07
Karnataka,Chikballapur,Acute Diarrhoeal Disease,2015,17,50.0,0.0,13.4358702,77.7312434,0.1200056675,310.16,6.0,2015-04-24
Karnataka,Chikballapur,Acute Diarrhoeal Disease,2015,21,30.0,0.0,13.4358702,77.7312434,0.39285168319999997,306.515,7.0,2015-05-18
Karnataka,Chikballapur,Acute Diarrhoeal Disease,2015,37,12.0,0.0,13.4274405,77.7321433,0.6730291946,305.43,9.0,2015-09-07
Karnataka,Chikballapur,Acute Diarrhoeal Disease,2015,45,25.0,0.0,13.4358702,77.7312434,0.5916726985,300.09000000000003,11.0,2015-11-07
Karnataka,Chikballapur,Acute Diarrhoeal Disease,2017,19,20.0,0.0,13.4358702,77.7312434,0.1709897815,310.82,6.0,2017-05-14
Karnataka,Chikballapur,Acute Diarrhoeal Disease,2018,51,17.0,0.0,13.4358702,77.7312434,0.001765755868,304.1566666,6.0,2018-12-23
Karnataka,Chikballapur,Acute Diarrhoeal Disease,2019,32,71.0,0.0,13.6102243,77.5127721,0.1636546059,305.54,4.0,2019-08-06
Karnataka,Chikballapur,Acute Diarrhoeal Disease,2019,35,8.0,0.0,13.6102243,77.5127721,0.2555509731,,7.0,2019-08-26
Karnataka,Chikballapur,Acute Diarrhoeal Disease,2021,3,61.0,0.0,13.6102243,77.5127721,0.0009201762932,303.09000000000003,,2021-01-24
Karnataka,Chikballapur,Chikungunya,2014,42,69.0,0.0,13.6102243,77.5127721,0.3633717724,304.12,,2014-10-15
Karnataka,Chikballapur,Chikungunya,2016,33,28.0,0.0,13.4358702,77.7312434,0.09883120074,302.13,8.0,2016-08-18
Karnataka,Chikballapur,Chikungunya,2016,35,12.0,0.0,13.6102243,77.5127721,0.2220396834,,4.0,2016-09-02
Karnataka,Chikballapur,Chikungunya,2017,30,62.0,0.0,13.4358702,77.7312434,0.0318631655,307.732,,2017-07-27
Karnataka,Chikballapur,Chikungunya,2017,41,36.0,0.0,13.4358702,77.7312434,0.6298140204,298.28000000000003,15.0,2017-10-09
Karnataka,Chikballapur,Chikungunya,2017,43,10.0,0.0,13.6102243,77.5127721,0.01043083872,302.16400000000004,14.0,2017-10-26
Karnataka,Chikballapur,Chikungunya,2018,33,15.0,0.0,13.4358702,77.7312434,0.3055434906,304.46,,2018-08-13
Karnataka,Chikballapur,Chikungunya,2019,25,45.0,0.0,13.4358702,77.7312434,0.09329984611,307.19,6.0,2019-06-20
Karnataka,Chikballapur,Chikungunya,2019,41,56.0,0.0,13.6102243,77.5127721,0.7843055832666668,301.426,15.0,2019-10-08
Karnataka,Chikballapur,Chikungunya,2019,42,15.0,0.0,13.6102243,77.5127721,0.3899630417,300.996,,2019-10-16
Karnataka,Chikballapur,Chikungunya,2020,46,15.0,0.0,13.4358702,77.7312434,0.07124832105,300.085,13.0,2020-11-12
Karnataka,Chikballapur,Cholera,2011,7,10.0,0.0,13.6102243,77.5127721,0.0001792670163,306.156,6.0,2011-02-20
Karnataka,Chikballapur,Cholera,2013,32,24.0,0.0,13.6102243,77.5127721,0.1635686968,303.81,6.0,2013-08-06
Karnataka,Chikballapur,Dengue,2013,33,15.0,0.0,13.6102243,77.5127721,0.6849752879,306.5,4.0,2013-08-17
Karnataka,Chikballapur,Dengue,2014,27,54.0,0.0,13.6102243,77.5127721,0.258432822,309.56,3.0,2014-07-06
Karnataka,Chikballapur,Dengue,2017,24,12.0,0.0,13.6102243,77.5127721,0.2772478729,307.2,,2017-06-17
Karnataka,Chikballapur,Dengue,2017,27,21.0,0.0,13.4358702,77.7312434,0.1297870661,304.36,6.0,2017-07-08
Karnataka,Chikballapur,Dengue,2017,31,95.0,0.0,13.6102243,77.5127721,0.09972418158,306.624,6.0,2017-07-31
Karnataka,Chikballapur,Dengue,2019,28,17.0,0.0,13.6102243,77.5127721,0.1238350468,304.82,5.0,2019-07-10
Karnataka,Chikballapur,Dengue,2019,30,36.0,0.0,13.6102243,77.5127721,0.8034288039499999,303.28000000000003,6.0,2019-07-24
Karnataka,Chikballapur,Dengue,2019,33,40.0,1.0,13.6102243,77.5127721,0.3247203936,302.56,7.0,2019-08-16
Karnataka,Chikballapur,Dengue,2019,41,24.0,0.0,13.6102243,77.5127721,0.8727942489,301.704,15.0,2019-10-09
Karnataka,Chikballapur,Dengue,2019,47,21.0,0.0,13.6102243,77.5127721,0.09835768659,301.46,,2019-11-24
Karnataka,Chikballapur,Dengue,2019,48,25.0,0.0,13.6102243,77.5127721,0.05255176931,302.2466666,10.0,2019-11-26
Karnataka,Chikballapur,Dengue,2022,23,28.0,1.0,13.6102243,77.5127721,0.3458920887,304.065,10.0,2022-06-08
Karnataka,Chikballapur,Dengue & Chikungunya,2015,18,1627.0,0.0,13.523047250000001,77.62200775,0.1991597667,308.2633334,6.0,2015-04-29
Karnataka,Chikballapur,Dengue & Chikungunya,2016,35,23.0,0.0,13.6102243,77.5127721,0.2158666851,,,2016-09-04
Karnataka,Chikmagalur,Acute Diarrhoeal Disease,2009,30,26.0,0.0,13.318014,75.7738743,1.194602971,,12.0,2009-07-23
Karnataka,Chikmagalur,Acute Diarrhoeal Disease,2009,35,22.0,0.0,13.318014,75.7738743,0.3617060745,296.27,16.0,2009-08-30
Karnataka,Chikmagalur,Acute Diarrhoeal Disease,2009,40,114.0,0.0,13.318014,75.7738743,1.40054651395,296.97,20.5,2009-09-28
Karnataka,Chikmagalur,Acute Diarrhoeal Disease,2009,46,73.0,0.0,13.318014,75.7738743,0.6280803267,297.36,15.0,2009-11-15
Karnataka,Chikmagalur,Acute Diarrhoeal Disease,2010,2,21.0,0.0,13.318014,75.7738743,0.2223733145,298.265,20.0,2010-01-14
Karnataka,Chikmagalur,Acute Diarrhoeal Disease,2010,8,10.0,0.0,13.318014,75.7738743,0.01700633473,301.732,21.0,2010-02-24
Karnataka,Chikmagalur,Acute Diarrhoeal Disease,2010,52,24.0,0.0,13.318014,75.7738743,0.006727641584,298.24,16.0,2011-01-02
Karnataka,Chikmagalur,Acute Diarrhoeal Disease,2011,36,10.0,0.0,13.318014,75.7738743,0.2878670428,300.26,7.0,2011-09-10
Karnataka,Chikmagalur,Acute Diarrhoeal Disease,2012,26,14.0,0.0,13.318014,75.7738743,0.2665153402,301.46,,2012-06-25
Karnataka,Chikmagalur,Acute Diarrhoeal Disease,2018,24,30.0,0.0,13.5,75.5,0.97715107,,13.0,2018-06-13
Karnataka,Chikmagalur,Acute Diarrhoeal Disease,2020,18,50.0,0.0,13.318014,75.7738743,0.2869848918,305.456,27.0,2020-04-28
Karnataka,Chikmagalur,Acute Diarrhoeal Disease,2022,23,37.0,0.0,13.5,75.5,0.1975323486,297.78000000000003,22.0,2022-06-11
Karnataka,Chikmagalur,Dengue,2018,25,21.0,0.0,13.5,75.5,0.2240430322,298.1666666,,2018-06-18
Karnataka,Chikmagalur,Dengue,2019,18,45.0,0.0,13.5,75.5,0.1701267589,304.42,26.0,2019-05-02
Karnataka,Chikmagalur,Dengue,2019,21,15.0,0.0,13.5,75.5,0.0525833257,304.49,32.0,2019-05-21
Karnataka,Chikmagalur,Malaria,2010,21,76.0,0.0,13.318014,75.7738743,0.06944070316,302.9533334,29.0,2010-05-26
Karnataka,Chitradurga,Acute Diarrhoeal Disease,2009,29,23.0,0.0,14.2266443,76.4005122,0.3332280303,300.04,2.0,2009-07-16
Karnataka,Chitradurga,Acute Diarrhoeal Disease,2010,18,20.0,0.0,14.2266443,76.4005122,0.03679994976,310.8966666,,2010-05-08
Karnataka,Chitradurga,Acute Diarrhoeal Disease,2010,35,18.0,0.0,14.2266443,76.4005122,0.2620837093,301.84000000000003,7.0,2010-09-01
Karnataka,Chitradurga,Acute Diarrhoeal Disease,2011,17,14.0,0.0,14.2266443,76.4005122,0.04366439091,310.67,,2011-05-01
Karnataka,Chitradurga,Acute Diarrhoeal Disease,2011,29,16.0,1.0,14.2266443,76.4005122,0.2982476916,,6.0,2011-07-23
Karnataka,Chitradurga,Acute Diarrhoeal Disease,2011,33,22.0,0.0,14.2266443,76.4005122,0.09168479754,305.12,5.0,2011-08-17
Karnataka,Chitradurga,Acute Diarrhoeal Disease,2012,37,13.0,0.0,14.2266443,76.4005122,0.1398023521,304.48,9.0,2012-09-14
Karnataka,Chitradurga,Acute Diarrhoeal Disease,2013,10,33.0,0.0,14.2266443,76.4005122,0.0188119514,312.208,5.0,2013-03-08
Karnataka,Chitradurga,Acute Diarrhoeal Disease,2013,13,10.0,1.0,14.2266443,76.4005122,0.0004273925521,315.12,5.0,2013-03-31
Karnataka,Chitradurga,Acute Diarrhoeal Disease,2013,15,22.0,0.0,14.2266443,76.4005122,0.001180026882,317.60400000000004,,2013-04-14
Karnataka,Chitradurga,Acute Diarrhoeal Disease,2013,17,56.0,0.0,14.2266443,76.4005122,0.0941425294,316.52,5.0,2013-04-28
Karnataka,Chitradurga,Acute Diarrhoeal Disease,2013,44,15.0,0.0,14.2266443,76.4005122,0.6359730471,301.68,10.0,2013-10-28
Karnataka,Chitradurga,Acute Diarrhoeal Disease,2014,32,14.0,0.0,14.2266443,76.4005122,0.2705121517,301.54,,2014-08-05
Karnataka,Chitradurga,Acute Diarrhoeal Disease,2015,26,55.0,0.0,14.2266443,76.4005122,0.1091319372,302.1733334,7.0,2015-06-28
Karnataka,Chitradurga,Acute Diarrhoeal Disease,2016,5,33.0,0.0,14.2266443,76.4005122,5.9e-05,308.93333340000004,,2016-02-01
Karnataka,Chitradurga,Acute Diarrhoeal Disease,2016,50,13.0,0.0,14.2266443,76.4005122,0.0005039284898,302.012,4.0,2016-12-12
Karnataka,Chitradurga,Chikungunya,2014,21,13.0,0.0,14.2266443,76.4005122,0.05775833983,312.60400000000004,6.0,2014-05-19
Karnataka,Chitradurga,Chikungunya,2015,21,23.0,0.0,14.2266443,76.4005122,0.3616282443,307.005,7.0,2015-05-20
Karnataka,Chitradurga,Cholera,2009,29,18.0,0.0,14.2266443,76.4005122,0.4802261151,300.04,2.0,2009-07-13
Karnataka,Chitradurga,Cholera,2009,35,8.0,0.0,14.2266443,76.4005122,0.5682094018,294.2266666,,2009-08-28
Karnataka,Chitradurga,Cholera,2009,48,36.0,0.0,14.2266443,76.4005122,0.2946294343,300.2133334,,2009-11-25
Karnataka,Chitradurga,Cholera,2010,21,12.0,0.0,14.2266443,76.4005122,0.05203921583,303.505,8.0,2010-05-27
Karnataka,Chitradurga,Cholera,2011,11,28.0,0.0,14.2266443,76.4005122,3.53e-05,314.844,6.0,2011-03-20
Karnataka,Chitradurga,Cholera,2012,25,18.0,0.0,14.2266443,76.4005122,0.2830008473,,4.0,2012-06-21
Karnataka,Chitradurga,Cholera,2013,17,40.0,2.0,14.2266443,76.4005122,0.001331521156,319.268,5.0,2013-04-25
Karnataka,Chitradurga,Cholera,2013,22,33.0,0.0,14.2266443,76.4005122,0.2656172438,311.52,,2013-06-01
Karnataka,Chitradurga,Cholera,2013,23,17.0,0.0,14.2266443,76.4005122,0.4445544077,,2.0,2013-06-05
Karnataka,Chitradurga,Cholera,2014,23,25.0,0.0,14.2266443,76.4005122,0.1300227558,304.51,8.0,2014-06-05
Karnataka,Chitradurga,Cholera,2014,34,38.0,0.0,14.2266443,76.4005122,0.6475434718,303.7266666,8.0,2014-08-22
Karnataka,Chitradurga,Cholera,2016,1,4.0,0.0,14.2266443,76.4005122,1.38e-05,305.2066666,7.0,2016-01-07
Karnataka,Chitradurga,Dengue,2010,27,212.0,0.0,14.2266443,76.4005122,0.5157051303,308.76,3.0,2010-07-09
Karnataka,Chitradurga,Dengue,2013,31,14.0,0.0,14.2266443,76.4005122,0.177782786,302.1,4.0,2013-08-03
Karnataka,Chitradurga,Dengue,2017,6,31.0,0.0,14.2266443,76.4005122,6.69e-05,311.9366666,4.0,2017-02-08
Karnataka,Chitradurga,Dengue,2017,21,17.0,0.0,14.2266443,76.4005122,0.0210387157,313.99,5.0,2017-05-23
Karnataka,Chitradurga,Dengue,2017,31,23.0,0.0,14.2266443,76.4005122,0.0765415076,308.88,5.0,2017-08-03
Karnataka,Chitradurga,Dengue,2019,11,18.0,0.0,14.2266443,76.4005122,0.0002862262239,313.62,5.0,2019-03-15
Karnataka,Chitradurga,Dengue,2019,45,17.0,1.0,14.2266443,76.4005122,0.136642746,301.79200000000003,13.0,2019-11-10
Karnataka,Chitradurga,Dengue & Chikungunya,2017,43,29.0,0.0,14.2266443,76.4005122,0.007614924707,302.028,14.0,2017-10-25
Karnataka,Chitradurga,Malaria,2010,23,16.0,0.0,14.2266443,76.4005122,0.06987823442,307.39,8.0,2010-06-07
Karnataka,Chitradurga,Malaria,2011,23,16.0,0.0,14.2266443,76.4005122,0.4885217986,306.26,5.0,2011-06-07
Karnataka,Chitradurga,Malaria,2011,25,20.0,0.0,14.2266443,76.4005122,0.3169468149,300.84000000000003,4.0,2011-06-20
Karnataka,Chitradurga,Malaria,2014,49,36.0,0.0,14.2266443,76.4005122,0.003343891535,301.41200000000003,8.0,2014-12-06
Karnataka,Dakshin Kannada,Acute Diarrhoeal Disease,2019,5,27.0,0.0,12.9324457,74.9813132,0.0007157749797,302.388,,2019-02-01
Karnataka,Dakshin Kannada,Acute Diarrhoeal Disease,2019,8,13.0,0.0,12.9324457,74.9813132,0.0003948141038,306.52,,2019-02-18
Karnataka,Dakshin Kannada,Acute Diarrhoeal Disease,2022,12,29.0,0.0,12.8827367,75.0309089,0.1548463487,303.66,23.0,2022-03-23
Karnataka,Dakshin Kannada,Acute Diarrhoeal Disease,2022,13,12.0,0.0,12.9324457,74.9813132,0.1516883933,303.228,19.0,2022-04-02
Karnataka,Dakshin Kannada,Acute Diarrhoeal Disease,2022,24,18.0,0.0,12.9324457,74.9813132,1.388208146,301.76,12.0,2022-06-13
Karnataka,Dakshin Kannada,Chikungunya,2019,46,30.0,0.0,12.9324457,74.9813132,0.2765966378,302.56,,2019-11-17
Karnataka,Dakshin Kannada,Dengue,2011,28,2.0,1.0,12.8827367,75.0309089,0.9799181476,298.93,2.0,2011-07-14
Karnataka,Dakshin Kannada,Dengue,2019,23,21.0,0.0,12.9324457,74.9813132,0.2751211743,304.36,16.0,2019-06-03
Karnataka,Davangere,Acute Diarrhoeal Disease,2009,25,31.0,0.0,14.4679807,75.9195682,0.6041849397,307.2266666,,2009-06-18
Karnataka,Davangere,Acute Diarrhoeal Disease,2009,27,19.0,0.0,14.4679807,75.9195682,0.3611560634,306.54,5.0,2009-07-01
Karnataka,Davangere,Acute Diarrhoeal Disease,2009,30,46.0,0.0,14.4679807,75.9195682,0.7415570427,296.02,7.0,2009-07-21
Karnataka,Davangere,Acute Diarrhoeal Disease,2009,40,44.0,0.0,14.4679807,75.9195682,2.450416403,297.38,12.0,2009-10-03
Karnataka,Davangere,Acute Diarrhoeal Disease,2009,46,34.0,0.0,14.4679807,75.9195682,0.5859287336,,10.0,2009-11-11
Karnataka,Davangere,Acute Diarrhoeal Disease,2009,48,198.0,0.0,14.4661266,75.9206361,0.05165890853,302.77500000000003,10.0,2009-11-28
Karnataka,Davangere,Acute Diarrhoeal Disease,2010,3,23.0,1.0,14.4679807,75.9195682,0.06785192587,303.71,8.0,2010-01-19
Karnataka,Davangere,Acute Diarrhoeal Disease,2010,16,12.0,0.0,14.4661266,75.9206361,0.03900964172,312.588,,2010-04-23
Karnataka,Davangere,Acute Diarrhoeal Disease,2012,5,50.0,0.0,14.4679807,75.9195682,6.34e-05,307.376,6.0,2012-01-30
Karnataka,Davangere,Acute Diarrhoeal Disease,2013,17,30.0,0.0,14.4679807,75.9195682,0.0002449380692,318.536,6.0,2013-04-24
Karnataka,Davangere,Acute Diarrhoeal Disease,2013,18,40.0,0.0,14.4679807,75.9195682,0.1114010369425,311.61400000000003,5.0,2013-05-01
Karnataka,Davangere,Acute Diarrhoeal Disease,2013,19,27.0,0.0,14.4679807,75.9195682,0.006423007834,310.54,,2013-05-08
Karnataka,Davangere,Acute Diarrhoeal Disease,2013,26,13.0,0.0,14.4661266,75.9206361,0.3118113575,297.76,5.0,2013-06-29
Karnataka,Davangere,Acute Diarrhoeal Disease,2013,31,22.0,0.0,14.4679807,75.9195682,0.3466214151,,6.0,2013-08-02
Karnataka,Davangere,Acute Diarrhoeal Disease,2014,16,17.0,0.0,14.4679807,75.9195682,0.02856250008,314.244,7.0,2014-04-18
Karnataka,Davangere,Acute Diarrhoeal Disease,2016,44,33.0,0.0,14.4679807,75.9195682,0.03643488352,306.4133334,9.0,2016-11-06
Karnataka,Davangere,Acute Diarrhoeal Disease,2018,12,149.0,0.0,14.4679807,75.9195682,0.1629462378,310.915,,2018-03-21
Karnataka,Davangere,Acute Diarrhoeal Disease,2021,26,31.0,0.0,14.4661266,75.9206361,0.2757729468,304.64,6.0,2021-06-29
Karnataka,Davangere,Acute Diarrhoeal Disease,2021,34,96.0,0.0,14.4661266,75.9206361,0.2605566259,302.54,16.0,2021-08-23
Karnataka,Davangere,Acute Diarrhoeal Disease,2021,50,41.0,0.0,14.4661266,75.9206361,0.003273129677,300.6,11.0,2021-12-17
Karnataka,Davangere,Acute Diarrhoeal Disease,2022,13,21.0,0.0,14.4661266,75.9206361,0.0152337369,307.625,,2022-03-29
Karnataka,Davangere,Chikungunya,2014,21,30.0,0.0,14.4679807,75.9195682,0.1826725433,309.345,,2014-05-24
Karnataka,Davangere,Chikungunya,2018,3,15.0,0.0,14.4679807,75.9195682,8.28e-05,307.28400000000005,7.0,2018-01-18
Karnataka,Davangere,Chikungunya,2018,11,48.0,0.0,14.4679807,75.9195682,7.39e-05,312.676,,2018-03-13
Karnataka,Davangere,Chikungunya,2018,51,32.0,0.0,14.4679807,75.9195682,0.0003752598041,302.25,7.0,2018-12-20
Karnataka,Davangere,Cholera,2009,24,25.0,0.0,14.4679807,75.9195682,0.6612698823,303.46,6.0,2009-06-11
Karnataka,Davangere,Cholera,2009,25,17.0,0.0,14.4679807,75.9195682,0.6478386264,307.9666666,5.0,2009-06-20
Karnataka,Davangere,Cholera,2011,26,29.0,0.0,14.4679807,75.9195682,0.2486476566,297.78000000000003,4.0,2011-06-27
Karnataka,Davangere,Cholera,2013,16,36.0,0.0,14.4679807,75.9195682,9.77e-05,316.68333340000004,6.0,2013-04-19
Karnataka,Davangere,Cholera,2013,20,32.0,0.0,14.4679807,75.9195682,0.05574029656,311.124,6.0,2013-05-14
Karnataka,Davangere,Cholera,2013,29,36.0,0.0,14.4679807,75.9195682,0.4211511122,300.12,,2013-07-19
Karnataka,Davangere,Cholera,2013,30,21.0,0.0,14.4679807,75.9195682,1.055395054,,,2013-07-27
Karnataka,Davangere,Cholera,2014,20,98.0,2.0,14.4679807,75.9195682,0.00226386295,309.808,8.0,2014-05-18
Karnataka,Davangere,Cholera,2016,35,51.0,0.0,14.4679807,75.9195682,0.3197981134,,10.0,2016-09-03
Karnataka,Davangere,Dengue,2017,16,26.0,0.0,14.4679807,75.9195682,0.001408977287,314.34000000000003,5.0,2017-04-17
Karnataka,Davangere,Dengue,2017,21,28.0,0.0,14.4661266,75.9206361,0.09575843529,314.295,,2017-05-25
Karnataka,Davangere,Dengue,2017,27,48.0,0.0,14.4679807,75.9195682,0.1599315507,305.58,5.0,2017-07-06
Karnataka,Davangere,Dengue,2019,29,32.0,0.0,14.4661266,75.9206361,0.4822923075,302.46,6.0,2019-07-16
Karnataka,Davangere,Dengue & Chikungunya,2016,45,50.0,0.0,14.4679807,75.9195682,0.007279225087,307.856,,2016-11-08
Karnataka,Davangere,Malaria,2011,19,13.0,1.0,14.4679807,75.9195682,0.03452846388,310.196,,2011-05-09
Karnataka,Dharwad,Acute Diarrhoeal Disease,2009,31,31.0,0.0,15.4540505,75.0066516,0.2891041037,301.74,4.0,2009-07-30
Karnataka,Dharwad,Acute Diarrhoeal Disease,2009,37,32.0,0.0,15.4540505,75.0066516,1.251536453,302.34000000000003,9.0,2009-09-07
Karnataka,Dharwad,Acute Diarrhoeal Disease,2009,40,22.0,0.0,15.4540505,75.0066516,2.240300593,,7.0,2009-10-04
Karnataka,Dharwad,Acute Diarrhoeal Disease,2010,34,26.0,0.0,15.4540505,75.0066516,0.7308538414,302.02,4.0,2010-08-25
Karnataka,Dharwad,Acute Diarrhoeal Disease,2010,39,15.0,0.0,15.4540505,75.0066516,0.7194116689,305.78000000000003,,2010-09-29
Karnataka,Dharwad,Acute Diarrhoeal Disease,2011,24,32.0,0.0,15.4540505,75.0066516,0.4532418621,308.56,3.0,2011-06-14
Karnataka,Dharwad,Acute Diarrhoeal Disease,2011,25,46.0,0.0,15.4540505,75.0066516,0.5387733877,,2.0,2011-06-21
Karnataka,Dharwad,Acute Diarrhoeal Disease,2011,44,12.0,0.0,15.4540505,75.0066516,0.05433591077,306.02,14.0,2011-11-02
Karnataka,Dharwad,Acute Diarrhoeal Disease,2012,28,19.0,0.0,15.4540505,75.0066516,0.2783195951,306.1,,2012-07-11
Karnataka,Dharwad,Acute Diarrhoeal Disease,2014,11,25.0,0.0,15.4540505,75.0066516,0.02563086009,311.09000000000003,5.0,2014-03-12
Karnataka,Dharwad,Acute Diarrhoeal Disease,2016,24,14.0,0.0,15.4540505,75.0066516,1.377494785,,2.0,2016-06-14
Karnataka,Dharwad,Acute Diarrhoeal Disease,2016,28,35.0,0.0,15.4540505,75.0066516,0.5382516958,304.04,3.0,2016-07-15
Karnataka,Dharwad,Acute Diarrhoeal Disease,2016,34,25.0,0.0,15.4540505,75.0066516,0.1622688087,307.74,4.0,2016-08-24
Karnataka,Dharwad,Acute Diarrhoeal Disease,2017,30,46.0,0.0,15.4540505,75.0066516,0.1981826217,304.375,4.0,2017-07-29
Karnataka,Dharwad,Acute Diarrhoeal Disease,2017,41,97.0,0.0,15.4540505,75.0066516,0.3895557395,307.33,4.0,2017-10-13
Karnataka,Dharwad,Acute Diarrhoeal Disease,2017,43,18.0,0.0,15.4540505,75.0066516,0.095737808,303.964,7.0,2017-10-27
Karnataka,Dharwad,Acute Diarrhoeal Disease,2019,21,96.0,0.0,15.4540505,75.0066516,0.08211990857,318.505,,2019-05-24
Karnataka,Dharwad,Chikungunya,2014,37,13.0,0.0,15.4540505,75.0066516,0.2682410499,304.212,9.0,2014-09-12
Karnataka,Dharwad,Chikungunya,2014,40,23.0,0.0,15.4540505,75.0066516,0.5149593121,306.145,,2014-09-29
Karnataka,Dharwad,Chikungunya,2014,47,39.0,0.0,15.4540505,75.0066516,0.8234594063,304.15999999999997,14.0,2014-11-17
Karnataka,Dharwad,Chikungunya,2015,1,36.0,0.0,15.4540505,75.0066516,0.04006455077,303.9366666,10.5,2015-01-02
Karnataka,Dharwad,Chikungunya,2015,35,41.0,0.0,15.4540505,75.0066516,0.2520707477,306.7666666,4.0,2015-08-26
Karnataka,Dharwad,Chikungunya,2016,17,16.0,0.0,15.4540505,75.0066516,0.005574403724,322.0,4.0,2016-04-25
Karnataka,Dharwad,Chikungunya,2018,3,12.0,0.0,15.4540505,75.0066516,0.0002835892085,308.904,,2018-01-17
Karnataka,Dharwad,Chikungunya,2018,23,45.0,0.0,15.4540505,75.0066516,0.6873879796,310.7066666,4.0,2018-06-06
Karnataka,Dharwad,Chikungunya,2018,25,43.0,0.0,15.4540505,75.0066516,0.2270826659,307.208,2.0,2018-06-19
Karnataka,Dharwad,Chikungunya,2019,14,20.0,0.0,15.4540505,75.0066516,0.06617019652,318.404,4.0,2019-04-01
Karnataka,Dharwad,Chikungunya,2019,28,12.0,0.0,15.4540505,75.0066516,0.8206304147,305.05,4.0,2019-07-14
Karnataka,Dharwad,Chikungunya,2019,30,15.0,0.0,15.4540505,75.0066516,0.6616024224,309.12,2.0,2019-07-22
Karnataka,Dharwad,Chikungunya,2019,42,7.0,0.0,15.4540505,75.0066516,0.520312312,300.94,5.0,2019-10-19
Karnataka,Dharwad,Cholera,2017,34,78.0,0.0,15.4540505,75.0066516,0.2489865175,309.22,3.0,2017-08-22
Karnataka,Dharwad,Dengue,2015,50,10.0,0.0,15.4540505,75.0066516,5e-05,305.628,,2015-12-10
Karnataka,Dharwad,Dengue,2016,17,15.0,0.0,15.4540505,75.0066516,0.007092390214,321.9066666,,2016-04-30
Karnataka,Dharwad,Dengue,2019,31,10.0,0.0,15.4540505,75.0066516,0.4887762571,,2.0,2019-07-30
Karnataka,Dharwad,Dengue,2019,37,6.0,0.0,15.4540505,75.0066516,0.9479681131,,6.0,2019-09-09
Karnataka,Dharwad,Dengue,2020,44,8.0,0.0,15.4540505,75.0066516,0.0714202973,306.372,,2020-10-30
Karnataka,Dharwad,Dengue,2021,6,3.0,0.0,15.4540505,75.0066516,8.81e-05,306.96,,2021-02-09
Karnataka,Dharwad,Dengue,2021,27,2.0,0.0,15.4540505,75.0066516,0.2825220683,309.1,5.0,2021-07-05
Karnataka,Gadag,Acute Diarrhoeal Disease,2011,17,33.0,1.0,15.4206667,75.6225644,0.1352444608,314.668,4.0,2011-04-27
Karnataka,Gadag,Acute Diarrhoeal Disease,2011,28,25.0,0.0,15.4206667,75.6225644,0.3450842097,303.82,,2011-07-11
Karnataka,Gadag,Acute Diarrhoeal Disease,2013,5,10.0,0.0,15.4206667,75.6225644,3.18e-05,311.552,5.0,2013-01-31
Karnataka,Gadag,Acute Diarrhoeal Disease,2013,24,27.0,0.0,15.4206667,75.6225644,0.6761306948,311.14,,2013-06-10
Karnataka,Gadag,Acute Diarrhoeal Disease,2013,33,29.0,0.0,15.4206667,75.6225644,0.3438536018,307.78000000000003,4.0,2013-08-17
Karnataka,Gadag,Acute Diarrhoeal Disease,2015,3,46.0,0.0,15.4206667,75.6225644,8.59e-05,307.34000000000003,6.0,2015-01-14
Karnataka,Gadag,Acute Diarrhoeal Disease,2016,39,21.0,0.0,15.4206667,75.6225644,0.1970885558,308.4533334,7.0,2016-10-02
Karnataka,Gadag,Acute Diarrhoeal Disease,2017,35,15.0,0.0,15.4206667,75.6225644,0.7469720715,303.68,,2017-08-29
Karnataka,Gadag,Acute Diarrhoeal Disease,2018,7,27.0,0.0,15.4206667,75.6225644,0.0354748733,309.896,5.0,2018-02-14
Karnataka,Gadag,Chikungunya,2013,13,17.0,0.0,15.4206667,75.6225644,4.54e-05,318.968,4.0,2013-03-25
Karnataka,Gadag,Chikungunya,2014,49,39.0,0.0,15.4206667,75.6225644,0.001510933783,305.94,,2014-12-02
Karnataka,Gadag,Chikungunya,2015,27,30.0,0.0,15.4206667,75.6225644,0.1558220431,306.01,,2015-07-03
Karnataka,Gadag,Chikungunya,2015,34,20.0,0.0,15.4206667,75.6225644,0.1755867361,308.9133334,,2015-08-20
Karnataka,Gadag,Chikungunya,2016,5,21.0,0.0,15.4206667,75.6225644,7.64e-05,314.00333340000003,4.0,2016-02-06
Karnataka,Gadag,Chikungunya,2016,25,20.0,0.0,15.4206667,75.6225644,0.4462376606,310.235,2.0,2016-06-20
Karnataka,Gadag,Chikungunya,2016,48,7.0,0.0,15.4206667,75.6225644,5e-05,311.3266666,5.0,2016-11-30
Karnataka,Gadag,Chikungunya,2018,22,26.0,0.0,15.4206667,75.6225644,0.2408099412,311.455,,2018-06-02
Karnataka,Gadag,Dengue,2013,44,37.0,0.0,15.4206667,75.6225644,1.070944934,,10.0,2013-10-28
Karnataka,Gadag,Dengue,2014,28,39.0,0.0,15.4206667,75.6225644,0.8684174826,312.48,3.0,2014-07-08
Karnataka,Gadag,Dengue,2016,25,12.0,0.0,15.4206667,75.6225644,0.6702992673,310.95,2.0,2016-06-22
Karnataka,Gadag,Dengue,2016,29,12.0,0.0,15.4206667,75.6225644,0.5586812993,,2.0,2016-07-22
Karnataka,Gadag,Malaria,2011,20,27.0,0.0,15.4206667,75.6225644,0.07771244308,314.42,4.0,2011-05-21
Karnataka,Gadag,Malaria,2011,33,10.0,0.0,15.4206667,75.6225644,0.112245109,306.07,4.0,2011-08-16
Karnataka,Gulbarga,Acute Diarrhoeal Disease,2010,6,39.0,0.0,17.166667,77.083333,5.57e-05,311.56,4.0,2010-02-12
Karnataka,Gulbarga,Acute Diarrhoeal Disease,2010,35,51.0,2.0,17.166667,77.083333,0.5970369366,301.54,5.0,2010-09-03
Karnataka,Gulbarga,Acute Diarrhoeal Disease,2010,49,19.0,0.0,17.166667,77.083333,0.02491382342,299.5,,2010-12-11
Karnataka,Gulbarga,Acute Diarrhoeal Disease,2011,16,34.0,0.0,17.166667,77.083333,0.05886559346,317.065,3.0,2011-04-21
Karnataka,Gulbarga,Acute Diarrhoeal Disease,2012,16,21.0,0.0,17.166667,77.083333,0.1051220981,318.428,3.0,2012-04-17
Karnataka,Gulbarga,Acute Diarrhoeal Disease,2012,31,29.0,0.0,17.166667,77.083333,0.3076447973,305.0,5.0,2012-07-31
Karnataka,Gulbarga,Acute Diarrhoeal Disease,2013,12,27.0,1.0,17.166667,77.083333,8.04e-05,318.704,,2013-03-22
Karnataka,Gulbarga,Acute Diarrhoeal Disease,2013,19,71.0,0.0,17.166667,77.083333,0.008550203708,323.1206667,3.0,2013-05-06
Karnataka,Gulbarga,Acute Diarrhoeal Disease,2013,20,29.0,0.0,17.166667,77.083333,0.0004706951763,319.46,,2013-05-16
Karnataka,Gulbarga,Acute Diarrhoeal Disease,2013,23,40.0,2.0,17.166667,77.083333,0.3336126023,312.9533334,2.0,2013-06-06
Karnataka,Gulbarga,Acute Diarrhoeal Disease,2013,25,15.0,0.0,17.166667,77.083333,0.5930806934,,,2013-06-18
Karnataka,Gulbarga,Acute Diarrhoeal Disease,2013,30,49.0,1.0,17.166667,77.083333,1.128519057,,1.0,2013-07-22
Karnataka,Gulbarga,Acute Diarrhoeal Disease,2013,31,22.0,0.0,17.166667,77.083333,0.2325508916,,5.0,2013-07-31
Karnataka,Gulbarga,Acute Diarrhoeal Disease,2013,32,21.0,0.0,17.166667,77.083333,1.061795428,309.44,,2013-08-05
Karnataka,Gulbarga,Acute Diarrhoeal Disease,2013,34,27.0,0.0,17.166667,77.083333,0.5706703221,,,2013-08-20
Karnataka,Gulbarga,Chikungunya,2013,16,15.0,0.0,17.166667,77.083333,0.02061508514,320.9033334,,2013-04-15
Karnataka,Gulbarga,Cholera,2011,10,14.0,0.0,17.166667,77.083333,9.87e-05,316.7133334,4.0,2011-03-08
Karnataka,Gulbarga,Cholera,2013,42,20.0,0.0,17.166667,77.083333,0.2125759374,304.5133334,,2013-10-15
Karnataka,Gulbarga,Dengue,2010,31,31.0,0.0,17.166667,77.083333,1.008117548,,2.0,2010-08-02
Karnataka,Gulbarga,Dengue,2012,40,83.0,0.0,17.166667,77.083333,0.3253765017,307.285,12.0,2012-10-01
Karnataka,Gulbarga,Dengue,2013,1,22.0,0.0,17.166667,77.083333,0.0132814686,308.172,5.0,2013-01-05
Karnataka,Hassan,Acute Diarrhoeal Disease,2009,34,54.0,0.0,13.0070817,76.0992703,0.4590881111,305.01,6.0,2009-08-19
Karnataka,Hassan,Acute Diarrhoeal Disease,2009,36,24.0,1.0,13.0070817,76.0992703,0.4600685693,303.18,8.0,2009-09-03
Karnataka,Hassan,Acute Diarrhoeal Disease,2009,39,40.0,0.0,13.0070817,76.0992703,0.714880118,298.57,11.0,2009-09-27
Karnataka,Hassan,Acute Diarrhoeal Disease,2009,49,50.0,0.0,13.0070817,76.0992703,0.1148265916,302.25,11.0,2009-12-04
Karnataka,Hassan,Acute Diarrhoeal Disease,2010,12,54.0,0.0,13.0070817,76.0992703,0.0001528460276,311.632,7.0,2010-03-25
Karnataka,Hassan,Acute Diarrhoeal Disease,2010,13,85.0,0.0,13.0070817,76.0992703,0.01862863913,311.37,7.0,2010-03-31
Karnataka,Hassan,Acute Diarrhoeal Disease,2010,18,170.0,0.0,13.0070817,76.0992703,0.3146846095,305.695,9.0,2010-05-04
Karnataka,Hassan,Acute Diarrhoeal Disease,2010,19,11.0,0.0,13.0070817,76.0992703,0.08114409447,306.536,,2010-05-16
Karnataka,Hassan,Acute Diarrhoeal Disease,2010,23,83.0,0.0,13.0070817,76.0992703,0.5399800777,303.66,4.0,2010-06-12
Karnataka,Hassan,Acute Diarrhoeal Disease,2010,28,15.0,0.0,13.0070817,76.0992703,0.2510458025,299.6,6.0,2010-07-15
Karnataka,Hassan,Acute Diarrhoeal Disease,2010,49,45.0,0.0,13.0070817,76.0992703,0.02929003929,296.376,12.0,2010-12-06
Karnataka,Hassan,Acute Diarrhoeal Disease,2010,52,32.0,0.0,13.0070817,76.0992703,0.000663936145,302.108,,2010-12-27
Karnataka,Hassan,Acute Diarrhoeal Disease,2011,6,14.0,0.0,13.0070817,76.0992703,8.02e-05,306.7033334,,2011-02-10
Karnataka,Hassan,Acute Diarrhoeal Disease,2011,12,40.0,0.0,13.0070817,76.0992703,0.0153692416,310.744,8.0,2011-03-26
Karnataka,Hassan,Acute Diarrhoeal Disease,2011,17,97.0,0.0,13.0070817,76.0992703,0.2785071823,304.88,9.0,2011-04-28
Karnataka,Hassan,Acute Diarrhoeal Disease,2011,23,285.0,0.0,13.0070817,76.0992703,0.1255512573,298.895,6.0,2011-06-12
Karnataka,Hassan,Acute Diarrhoeal Disease,2011,24,124.0,0.0,13.0070817,76.0992703,0.4507795058,299.87,,2011-06-18
Karnataka,Hassan,Acute Diarrhoeal Disease,2011,30,73.0,0.0,13.0070817,76.0992703,0.3536393273,,8.0,2011-07-25
Karnataka,Hassan,Acute Diarrhoeal Disease,2012,5,80.0,0.0,13.0070817,76.0992703,0.00011361924910000001,304.26800000000003,7.0,2012-01-31
Karnataka,Hassan,Acute Diarrhoeal Disease,2012,13,198.0,0.0,13.0070817,76.0992703,0.0001134994854,313.088,,2012-03-29
Karnataka,Hassan,Acute Diarrhoeal Disease,2012,18,33.0,0.0,13.0070817,76.0992703,0.48859493099999995,302.28,9.0,2012-05-02
Karnataka,Hassan,Acute Diarrhoeal Disease,2012,19,58.0,0.0,13.0070817,76.0992703,0.15331308641,306.73199999999997,9.0,2012-05-07
Karnataka,Hassan,Acute Diarrhoeal Disease,2012,20,42.0,0.0,13.0070817,76.0992703,0.353181544,307.10400000000004,9.0,2012-05-14
Karnataka,Hassan,Acute Diarrhoeal Disease,2012,52,12.0,0.0,13.0070817,76.0992703,0.0001266356137,301.564,,2012-12-26
Karnataka,Hassan,Acute Diarrhoeal Disease,2013,16,51.0,0.0,13.0070817,76.0992703,0.00079910906,315.86400000000003,6.0,2013-04-18
Karnataka,Hassan,Acute Diarrhoeal Disease,2013,22,126.0,0.0,13.0070817,76.0992703,0.5441373499,305.2466666,5.0,2013-05-30
Karnataka,Hassan,Acute Diarrhoeal Disease,2013,34,20.0,0.0,13.0070817,76.0992703,0.6656446021,,,2013-08-20
Karnataka,Hassan,Acute Diarrhoeal Disease,2014,20,39.0,0.0,13.0070817,76.0992703,0.01003681643,308.89,10.0,2014-05-18
Karnataka,Hassan,Acute Diarrhoeal Disease,2014,21,32.0,0.0,13.0070817,76.0992703,0.05486157982,308.768,10.0,2014-05-19
Karnataka,Hassan,Acute Diarrhoeal Disease,2015,30,87.0,0.0,13.0070817,76.0992703,0.4328176049,299.12,7.0,2015-07-26
Karnataka,Hassan,Acute Diarrhoeal Disease,2015,46,47.0,0.0,13.0070817,76.0992703,0.4320581174,298.36,7.0,2015-11-14
Karnataka,Hassan,Acute Diarrhoeal Disease,2016,15,38.0,0.0,13.0070817,76.0992703,0.007249262525,313.076,8.0,2016-04-17
Karnataka,Hassan,Acute Diarrhoeal Disease,2016,17,29.0,0.0,13.0070817,76.0992703,0.002284920779,316.808,,2016-04-30
Karnataka,Hassan,Acute Diarrhoeal Disease,2016,22,45.0,0.0,13.0070817,76.0992703,0.7723056961,297.49,7.0,2016-06-05
Karnataka,Hassan,Acute Diarrhoeal Disease,2017,27,20.0,0.0,13.0070817,76.0992703,0.1549374774,306.04,,2017-07-03
Karnataka,Hassan,Acute Diarrhoeal Disease,2017,31,26.0,0.0,13.0070817,76.0992703,0.1875091292,305.82,7.0,2017-08-02
Karnataka,Hassan,Acute Diarrhoeal Disease,2017,37,4.0,2.0,13.0070817,76.0992703,0.2711384885,301.5266666,12.0,2017-09-17
Karnataka,Hassan,Acute Diarrhoeal Disease,2019,4,28.0,0.0,13.0070817,76.0992703,8.92e-05,305.464,7.0,2019-01-22
Karnataka,Hassan,Acute Diarrhoeal Disease,2019,23,60.0,0.0,13.0070817,76.0992703,0.402262724,305.03000000000003,12.0,2019-06-04
Karnataka,Hassan,Acute Diarrhoeal Disease,2019,48,39.0,0.0,13.0070817,76.0992703,0.03567280058,301.056,13.0,2019-11-29
Karnataka,Hassan,Acute Diarrhoeal Disease,2021,5,14.0,0.0,13.0070817,76.0992703,0.0006280313912,304.448,,2021-02-01
Karnataka,Hassan,Acute Diarrhoeal Disease,2022,16,40.0,0.0,13.0070817,76.0992703,0.09880602699,303.87,10.0,2022-04-24
Karnataka,Hassan,Acute Diarrhoeal Disease,2022,17,40.0,0.0,13.0070817,76.0992703,0.004949535238,303.745,10.0,2022-04-26
Karnataka,Hassan,Acute Diarrhoeal Disease,2022,19,20.0,0.0,13.0070817,76.0992703,0.1548253362,302.324,,2022-05-09
Karnataka,Hassan,Chikungunya,2016,19,23.0,0.0,13.0070817,76.0992703,0.3003737214,311.572,7.0,2016-05-09
Karnataka,Hassan,Chikungunya,2017,15,25.0,0.0,13.0070817,76.0992703,0.003641963798,309.508,7.0,2017-04-13
Karnataka,Hassan,Chikungunya,2017,19,35.0,0.0,13.0070817,76.0992703,0.170913066,311.504,,2017-05-09
Karnataka,Hassan,Chikungunya,2017,29,15.0,0.0,13.0070817,76.0992703,0.4464811026,307.38,4.0,2017-07-17
Karnataka,Hassan,Chikungunya,2018,22,15.0,0.0,13.0070817,76.0992703,0.6991572395,301.57,11.0,2018-05-31
Karnataka,Hassan,Chikungunya,2019,11,15.0,0.0,13.0070817,76.0992703,0.003303466915,311.428,7.0,2019-03-16
Karnataka,Hassan,Chikungunya,2020,17,17.0,0.0,13.0070817,76.0992703,0.08969011065,310.248,8.0,2020-04-25
Karnataka,Hassan,Cholera,2011,14,64.0,1.0,13.0070817,76.0992703,0.00450556905,308.84000000000003,,2011-04-07
Karnataka,Hassan,Cholera,2011,43,19.0,0.0,13.0070817,76.0992703,0.3373461118,301.892,,2011-10-24
Karnataka,Hassan,Cholera,2016,17,40.0,0.0,13.0070817,76.0992703,0.00236661977,315.884,,2016-04-29
Karnataka,Hassan,Cholera,2020,45,37.0,0.0,13.0070817,76.0992703,0.01716113645,301.036,16.0,2020-11-02
Karnataka,Hassan,Dengue,2010,30,17.0,0.0,13.0070817,76.0992703,0.632952293,299.2,3.0,2010-08-01
Karnataka,Hassan,Dengue,2016,20,12.0,0.0,13.0070817,76.0992703,0.3973238203,308.9866666,7.0,2016-05-17
Karnataka,Hassan,Dengue,2017,26,16.0,0.0,13.0070817,76.0992703,0.2201276374,303.6866666,5.0,2017-06-29
Karnataka,Hassan,Dengue,2019,25,11.0,0.0,13.0070817,76.0992703,0.1456493863,301.615,,2019-06-17
Karnataka,Haveri,Acute Diarrhoeal Disease,2009,33,82.0,0.0,14.7874825,75.3996731,0.4083501786,295.0666666,,2009-08-12
Karnataka,Haveri,Acute Diarrhoeal Disease,2009,41,46.0,0.0,14.7874825,75.3996731,1.99491862555,295.77,13.0,2009-10-05
Karnataka,Haveri,Acute Diarrhoeal Disease,2011,19,12.0,0.0,14.7874825,75.3996731,0.09915531393,304.996,24.0,2011-05-13
Karnataka,Haveri,Acute Diarrhoeal Disease,2011,24,13.0,0.0,14.7874825,75.3996731,0.9349355541,,5.0,2011-06-13
Karnataka,Haveri,Acute Diarrhoeal Disease,2011,29,10.0,0.0,14.7874825,75.3996731,2.526187658,294.52,,2011-07-19
Karnataka,Haveri,Acute Diarrhoeal Disease,2011,44,54.0,0.0,14.7874825,75.3996731,0.06889091659,298.515,25.0,2011-11-03
Karnataka,Haveri,Acute Diarrhoeal Disease,2012,1,62.0,0.0,14.7874825,75.3996731,0.007740531519,300.60400000000004,13.0,2012-01-05
Karnataka,Haveri,Acute Diarrhoeal Disease,2012,9,30.0,0.0,14.7874825,75.3996731,8.75e-05,303.2266666,18.0,2012-02-28
Karnataka,Haveri,Acute Diarrhoeal Disease,2012,18,25.0,0.0,14.7874825,75.3996731,0.001840460915,301.6866666,17.0,2012-05-06
Karnataka,Haveri,Acute Diarrhoeal Disease,2012,20,12.0,0.0,14.7874825,75.3996731,0.1934701247,305.52,25.0,2012-05-19
Karnataka,Haveri,Acute Diarrhoeal Disease,2013,31,15.0,0.0,14.7874825,75.3996731,1.818451938,,3.0,2013-07-30
Karnataka,Haveri,Acute Diarrhoeal Disease,2013,35,24.0,0.0,14.7874825,75.3996731,0.1798263374,298.3466666,20.0,2013-09-01
Karnataka,Haveri,Acute Diarrhoeal Disease,2013,43,14.0,0.0,14.7874825,75.3996731,0.8517434263,298.40000000000003,27.0,2013-10-26
Karnataka,Haveri,Acute Diarrhoeal Disease,2013,48,50.0,0.0,14.7874825,75.3996731,0.009238923566,301.056,,2013-11-25
Karnataka,Haveri,Acute Diarrhoeal Disease,2014,12,63.0,0.0,14.7874825,75.3996731,0.0009976202588,309.7466666,,2014-03-22
Karnataka,Haveri,Acute Diarrhoeal Disease,2014,42,13.0,0.0,14.7874825,75.3996731,0.2847634625,298.705,,2014-10-16
Karnataka,Haveri,Acute Diarrhoeal Disease,2014,44,10.0,0.0,14.7874825,75.3996731,0.70165375,302.3,29.0,2014-10-27
Karnataka,Haveri,Acute Diarrhoeal Disease,2014,48,15.0,0.0,14.7874825,75.3996731,4.98e-05,298.088,19.0,2014-11-30
Karnataka,Haveri,Acute Diarrhoeal Disease,2015,4,10.0,0.0,14.7874825,75.3996731,4.16e-05,301.6266666,14.0,2015-01-20
Karnataka,Haveri,Acute Diarrhoeal Disease,2015,28,57.0,0.0,14.7874825,75.3996731,0.4946589217,297.94,,2015-07-12
Karnataka,Haveri,Acute Diarrhoeal Disease,2015,36,27.0,0.0,14.7874825,75.3996731,0.194807854,296.925,24.0,2015-08-31
Karnataka,Haveri,Acute Diarrhoeal Disease,2016,8,13.0,0.0,14.7874825,75.3996731,0.0003251037678,306.8266666,,2016-02-22
Karnataka,Haveri,Acute Diarrhoeal Disease,2016,10,24.0,0.0,14.7874825,75.3996731,0.006549313166,308.2933334,,2016-03-13
Karnataka,Haveri,Acute Diarrhoeal Disease,2016,32,16.0,0.0,14.7874825,75.3996731,1.237900123,,7.0,2016-08-08
Karnataka,Haveri,Acute Diarrhoeal Disease,2016,35,21.0,0.0,14.7874825,75.3996731,0.5420854062,,7.0,2016-09-02
Karnataka,Haveri,Acute Diarrhoeal Disease,2016,40,65.0,0.0,14.7874825,75.3996731,0.1668701217,298.96,26.0,2016-10-05
Karnataka,Haveri,Acute Diarrhoeal Disease,2017,15,14.0,0.0,14.7874825,75.3996731,0.03111928673,308.4966666,,2017-04-15
Karnataka,Haveri,Acute Diarrhoeal Disease,2017,19,28.0,0.0,14.7874825,75.3996731,0.1321517983,309.24333340000004,,2017-05-08
Karnataka,Haveri,Acute Diarrhoeal Disease,2017,35,31.0,0.0,14.7874825,75.3996731,0.957321625,,18.0,2017-08-30
Karnataka,Haveri,Acute Diarrhoeal Disease,2018,6,26.0,0.0,14.7874825,75.3996731,3.28e-05,304.404,13.0,2018-02-05
Karnataka,Haveri,Acute Diarrhoeal Disease,2018,22,17.0,0.0,14.7874825,75.3996731,0.2815893183,300.705,10.0,2018-05-28
Karnataka,Haveri,Acute Diarrhoeal Disease,2018,37,18.0,0.0,14.7874825,75.3996731,0.007379255122,300.68,26.0,2018-09-15
Karnataka,Haveri,Acute Diarrhoeal Disease,2019,1,38.0,0.0,14.7874825,75.3996731,0.0024839892758999997,300.91,12.5,2018-12-31
Karnataka,Haveri,Acute Diarrhoeal Disease,2019,29,54.0,0.0,14.7874825,75.3996731,1.070520527,,8.0,2019-07-15
Karnataka,Haveri,Acute Diarrhoeal Disease,2022,11,61.0,0.0,14.7874825,75.3996731,0.0011761856440000002,307.04200000000003,20.0,2022-03-17
Karnataka,Haveri,Chikungunya,2017,22,31.0,0.0,14.7874825,75.3996731,0.5294294941,305.5466666,9.0,2017-06-03
Karnataka,Haveri,Chikungunya,2018,23,13.0,0.0,14.7874825,75.3996731,0.3708185645,302.54,14.0,2018-06-05
Karnataka,Haveri,Chikungunya,2018,27,50.0,0.0,14.7874825,75.3996731,0.8247975791,,,2018-07-03
Karnataka,Haveri,Chikungunya,2018,28,15.0,0.0,14.7874825,75.3996731,0.7626852849,,3.0,2018-07-09
Karnataka,Haveri,Cholera,2013,12,72.0,1.0,14.7874825,75.3996731,0.05220078404,307.4966666,18.0,2013-03-18
Karnataka,Haveri,Dengue,2017,34,14.0,0.0,14.7874825,75.3996731,0.5315619671,298.13,11.0,2017-08-22
Karnataka,Haveri,Dengue,2019,13,65.0,0.0,14.7874825,75.3996731,0.04261680977,307.188,19.0,2019-03-31
Karnataka,Haveri,Dengue,2019,25,33.0,0.0,14.7874825,75.3996731,0.4827226115,298.48,,2019-06-18
Karnataka,Haveri,Dengue,2019,28,63.0,0.0,14.7874825,75.3996731,0.9761882572,299.41,4.0,2019-07-08
Karnataka,Kalaburgi (Gulbarga),Cholera,2016,30,18.0,0.0,17.31506295,76.83148612,0.6289542189,,3.0,2016-07-25
Karnataka,Kalburgi,Acute Diarrhoeal Disease,2015,29,23.0,0.0,17.166667,77.083333,0.02482665559,312.79,3.0,2015-07-17
Karnataka,Kalburgi,Acute Diarrhoeal Disease,2016,43,17.0,0.0,17.166667,77.083333,6.02e-05,307.152,13.0,2016-10-26
Karnataka,Kalburgi,Acute Diarrhoeal Disease,2017,25,66.0,0.0,17.166667,77.083333,0.51030889495,308.68,2.0,2017-06-22
Karnataka,Kalburgi,Acute Diarrhoeal Disease,2017,41,39.0,0.0,17.166667,77.083333,0.7891163487,302.26,,2017-10-15
Karnataka,Kalburgi,Acute Diarrhoeal Disease,2017,42,19.0,0.0,17.166667,77.083333,0.05522997476,304.288,19.0,2017-10-22
Karnataka,Kalburgi,Acute Diarrhoeal Disease,2017,43,25.0,0.0,17.166667,77.083333,0.1293920198,305.25,19.0,2017-10-28
Karnataka,Kalburgi,Acute Diarrhoeal Disease,2018,20,39.0,0.0,17.166667,77.083333,0.07397282498,317.03000000000003,,2018-05-16
Karnataka,Kalburgi,Acute Diarrhoeal Disease,2018,24,50.0,0.0,17.166667,77.083333,0.9179569282,314.90000000000003,3.0,2018-06-12
Karnataka,Kalburgi,Acute Diarrhoeal Disease,2019,23,21.0,0.0,17.166667,77.083333,0.09125306694,316.31333340000003,3.0,2019-06-08
Karnataka,Kalburgi,Acute Diarrhoeal Disease,2019,24,40.0,0.0,17.166667,77.083333,0.1294813883,315.0466666,2.0,2019-06-11
Karnataka,Kalburgi,Acute Diarrhoeal Disease,2019,43,33.0,0.0,17.31506295,76.83148612,0.4642879491,301.42,,2019-10-24
Karnataka,Kalburgi,Acute Diarrhoeal Disease,2019,47,21.0,0.0,17.166667,77.083333,0.0135518652,304.0,17.0,2019-11-18
Karnataka,Kalburgi,Acute Diarrhoeal Disease,2019,48,12.0,0.0,17.166667,77.083333,0.0009620254463,304.6033334,15.0,2019-11-27
Karnataka,Kalburgi,Acute Diarrhoeal Disease,2020,8,35.0,0.0,17.166667,77.083333,0.00297749847,312.9066666,,2020-02-18
Karnataka,Kalburgi,Acute Diarrhoeal Disease,2021,41,15.0,0.0,17.166667,77.083333,0.479176252,302.46,15.0,2021-10-11
Karnataka,Kalburgi,Acute Diarrhoeal Disease,2021,50,14.0,0.0,17.166667,77.083333,0.006512980139,303.34000000000003,9.0,2021-12-16
Karnataka,Kalburgi,Acute Diarrhoeal Disease,2022,22,16.0,0.0,17.166667,77.083333,0.009536169368,315.56,,2022-06-01
Karnataka,Kalburgi,Chikungunya,2018,1,55.0,0.0,17.166667,77.083333,4.34e-05,306.588,6.5,2018-01-02
Karnataka,Kalburgi,Chikungunya,2018,2,85.0,0.0,17.31506295,76.83148612,9.23e-05,305.13,5.0,2018-01-11
Karnataka,Kalburgi,Chikungunya,2018,17,22.0,0.0,17.166667,77.083333,0.001087584582,322.6533334,3.0,2018-04-28
Karnataka,Kalburgi,Chikungunya,2018,39,28.0,0.0,17.166667,77.083333,0.1273356553,306.0466666,16.0,2018-09-26
Karnataka,Kalburgi,Chikungunya,2018,46,33.0,0.0,17.166667,77.083333,5.29e-05,312.312,,2018-11-16
Karnataka,Kalburgi,Chikungunya,2018,49,37.0,0.0,17.166667,77.083333,0.007915876432,306.94,6.0,2018-12-06
Karnataka,Kalburgi,Chikungunya,2019,37,23.0,0.0,17.166667,77.083333,0.4112960739,,8.0,2019-09-11
Karnataka,Kalburgi,Chikungunya,2019,38,12.0,0.0,17.31506295,76.83148612,0.1665694378,305.1533334,11.0,2019-09-17
Karnataka,Kalburgi,Chikungunya,2019,42,60.0,0.0,17.166667,77.083333,0.3452807156,303.69,,2019-10-16
Karnataka,Kalburgi,Chikungunya,2019,43,87.0,0.0,17.240864975,76.95740956,0.4642879491,301.42,,2019-10-24
Karnataka,Kalburgi,Chikungunya,2021,33,46.0,0.0,17.166667,77.083333,0.5430774122,,7.0,2021-08-22
Karnataka,Kalburgi,Cholera,2015,15,22.0,1.0,17.166667,77.083333,0.001001715921,320.9633334,,2015-04-07
Karnataka,Kalburgi,Cholera,2015,17,82.0,0.0,17.166667,77.083333,0.01748067822,317.4633334,,2015-04-22
Karnataka,Kalburgi,Cholera,2015,19,53.0,0.0,17.166667,77.083333,0.01454208003,319.1433334,4.0,2015-05-05
Karnataka,Kalburgi,Cholera,2015,22,17.0,0.0,17.166667,77.083333,0.0002248964518,317.47,,2015-05-25
Karnataka,Kalburgi,Cholera,2015,25,156.0,0.0,17.166667,77.083333,0.687426363,318.38,2.0,2015-06-16
Karnataka,Kalburgi,Cholera,2021,41,5.0,0.0,17.166667,77.083333,0.479176252,302.46,15.0,2021-10-11
Karnataka,Kalburgi,Cholera,2022,18,144.0,0.0,17.166667,77.083333,0.006687553635,318.132,3.0,2022-05-07
Karnataka,Kalburgi,Dengue,2017,24,23.0,0.0,17.166667,77.083333,1.934014285,,,2017-06-17
Karnataka,Kalburgi,Dengue,2017,29,24.0,0.0,17.166667,77.083333,1.271991719,302.2,,2017-07-19
Karnataka,Kalburgi,Dengue & Chikungunya,2017,24,35.0,0.0,17.166667,77.083333,1.934014285,,,2017-06-17
Karnataka,Kalburgi,Malaria,2019,36,25.0,0.0,17.166667,77.083333,1.46062352,,,2019-09-06
Karnataka,Kodagu,Acute Diarrhoeal Disease,2011,5,204.0,1.0,12.38217745,75.66531992,5.1e-05,301.73,,2011-02-01
Karnataka,Kodagu,Acute Diarrhoeal Disease,2011,15,16.0,0.0,12.38217745,75.66531992,0.5232196598,306.51,28.0,2011-04-13
Karnataka,Kodagu,Chikungunya,2010,33,22.0,0.0,12.38217745,75.66531992,2.301587439,296.40000000000003,7.0,2010-08-19
Karnataka,Kodagu,Cholera,2009,37,9.0,2.0,12.38217745,75.66531992,0.8888429839,298.66,24.0,2009-09-12
Karnataka,Kodagu,Cholera,2010,49,5.0,2.0,12.38217745,75.66531992,0.03366392864,297.245,,2010-12-11
Karnataka,Kodagu,Cholera,2012,29,12.0,0.0,12.38217745,75.66531992,1.315590081,303.44,12.0,2012-07-16
Karnataka,Kolar,Acute Diarrhoeal Disease,2010,22,28.0,0.0,13.1367201,78.1337246,0.4200000067,304.34000000000003,10.0,2010-06-06
Karnataka,Kolar,Acute Diarrhoeal Disease,2010,43,50.0,3.0,13.1367201,78.1337246,0.2063165732,303.39,,2010-10-31
Karnataka,Kolar,Acute Diarrhoeal Disease,2010,46,13.0,0.0,13.1367201,78.1337246,0.5835292488,297.55333340000004,8.0,2010-11-20
Karnataka,Kolar,Acute Diarrhoeal Disease,2011,9,21.0,1.0,13.1367201,78.1337246,0.005400195014,309.376,,2011-03-05
Karnataka,Kolar,Acute Diarrhoeal Disease,2011,18,12.0,0.0,13.1367201,78.1337246,0.04706139085,305.9633334,10.0,2011-05-03
Karnataka,Kolar,Acute Diarrhoeal Disease,2013,17,23.0,0.0,13.1367201,78.1337246,0.006552201117,310.9533334,,2013-04-22
Karnataka,Kolar,Acute Diarrhoeal Disease,2013,21,14.0,0.0,13.1367201,78.1337246,0.5523884308,309.4133334,7.0,2013-05-23
Karnataka,Kolar,Acute Diarrhoeal Disease,2013,37,14.0,0.0,13.1367201,78.1337246,0.9116152832,,,2013-09-13
Karnataka,Kolar,Acute Diarrhoeal Disease,2013,39,13.0,0.0,13.1367201,78.1337246,0.05737488507,302.644,13.0,2013-09-26
Karnataka,Kolar,Acute Diarrhoeal Disease,2016,23,5.0,0.0,13.1367201,78.1337246,0.7027168798,306.68,7.0,2016-06-07
Karnataka,Kolar,Acute Diarrhoeal Disease,2017,25,70.0,0.0,13.1367201,78.1337246,0.1600123614,305.7066666,9.0,2017-06-19
Karnataka,Kolar,Acute Diarrhoeal Disease,2021,8,43.0,0.0,13.1367201,78.1337246,0.1233345256,303.528,8.0,2021-02-23
Karnataka,Kolar,Acute Diarrhoeal Disease,2022,24,13.0,0.0,13.1367201,78.1337246,0.1031526961,305.2066666,13.0,2022-06-14
Karnataka,Kolar,Chikungunya,2013,43,23.0,0.0,13.1367201,78.1337246,0.4646247216,302.02,12.0,2013-10-25
Karnataka,Kolar,Chikungunya,2014,39,36.0,0.0,13.1367201,78.1337246,0.3073141933,307.76,8.0,2014-09-25
Karnataka,Kolar,Chikungunya,2015,34,43.0,0.0,13.1367201,78.1337246,0.3524937651,307.15000000000003,8.0,2015-08-18
Karnataka,Kolar,Chikungunya,2015,44,38.0,0.0,13.1367201,78.1337246,0.0003733410855,306.632,12.0,2015-10-26
Karnataka,Kolar,Chikungunya,2019,23,23.0,0.0,13.1367201,78.1337246,0.6459420959,306.7266666,10.0,2019-06-07
Karnataka,Kolar,Cholera,2016,31,28.0,0.0,13.1367201,78.1337246,0.4500734702,299.82,,2016-08-03
Karnataka,Kolar,Dengue,2010,17,12.0,0.0,13.1367201,78.1337246,0.01115520086,309.0866666,,2010-04-30
Karnataka,Kolar,Dengue,2012,21,20.0,0.0,13.1367201,78.1337246,0.02268053704,306.616,,2012-05-24
Karnataka,Kolar,Dengue,2012,47,144.0,0.0,13.1367201,78.1337246,0.0002290093862,303.464,11.0,2012-11-22
Karnataka,Kolar,Dengue,2013,19,37.0,0.0,13.1367201,78.1337246,0.024414853555,309.0808333,6.0,2013-05-11
Karnataka,Kolar,Dengue,2013,21,14.0,0.0,13.1367201,78.1337246,0.1838561557,314.06,7.0,2013-05-20
Karnataka,Kolar,Dengue,2013,26,42.0,0.0,13.1367201,78.1337246,0.1006295903,306.16,7.0,2013-06-28
Karnataka,Kolar,Dengue,2013,32,44.0,0.0,13.1367201,78.1337246,0.1059743327,307.01,6.0,2013-08-06
Karnataka,Kolar,Dengue,2013,36,22.0,0.0,13.1367201,78.1337246,0.4844550815,306.605,10.0,2013-09-03
Karnataka,Kolar,Dengue,2014,22,15.0,0.0,13.1367201,78.1337246,0.247025253,309.26,7.0,2014-05-29
Karnataka,Kolar,Dengue,2014,36,22.0,1.0,13.1367201,78.1337246,0.1895015586,,4.0,2014-09-04
Karnataka,Kolar,Dengue,2014,42,20.0,0.0,13.1367201,78.1337246,0.6437505132,303.575,10.0,2014-10-13
Karnataka,Kolar,Dengue,2014,50,23.0,0.0,13.1367201,78.1337246,0.09701726259,302.2066666,,2014-12-11
Karnataka,Kolar,Dengue,2015,21,66.0,0.0,13.1367201,78.1337246,0.533721342,304.5866666,9.0,2015-05-22
Karnataka,Kolar,Dengue,2015,24,80.0,0.0,13.1367201,78.1337246,0.3998907465,307.71,11.0,2015-06-08
Karnataka,Kolar,Dengue,2015,29,49.0,0.0,13.1367201,78.1337246,0.05295033987,307.62,7.0,2015-07-13
Karnataka,Kolar,Dengue,2016,36,23.0,0.0,13.1367201,78.1337246,0.09665757873,306.66,9.0,2016-09-07
Karnataka,Kolar,Dengue,2017,6,48.0,0.0,13.1367201,78.1337246,0.0001148005372,308.384,,2017-02-09
Karnataka,Kolar,Dengue & Chikungunya,2014,34,48.0,1.0,13.1367201,78.1337246,0.4409721508,309.82,,2014-08-20
Karnataka,Koppal,Acute Diarrhoeal Disease,2009,28,77.0,0.0,15.3484144,76.1547421,0.1677695141,,4.0,2009-07-06
Karnataka,Koppal,Acute Diarrhoeal Disease,2009,32,26.0,0.0,15.3484144,76.1547421,0.05754802396,306.6266666,4.0,2009-08-09
Karnataka,Koppal,Acute Diarrhoeal Disease,2009,37,36.0,0.0,15.3484144,76.1547421,0.2901426965,297.16,8.0,2009-09-10
Karnataka,Koppal,Acute Diarrhoeal Disease,2010,14,23.0,0.0,15.3484144,76.1547421,0.000883984936,314.3166666,7.0,2010-04-05
Karnataka,Koppal,Acute Diarrhoeal Disease,2010,29,11.0,0.0,15.3484144,76.1547421,0.6510764482,,3.0,2010-07-23
Karnataka,Koppal,Acute Diarrhoeal Disease,2010,37,10.0,0.0,15.3484144,76.1547421,0.106953595,301.43,6.0,2010-09-15
Karnataka,Koppal,Acute Diarrhoeal Disease,2011,5,112.0,0.0,15.3484144,76.1547421,2.84e-05,307.22,5.0,2011-02-03
Karnataka,Koppal,Acute Diarrhoeal Disease,2011,27,61.0,0.0,15.3484144,76.1547421,0.256857266,302.38,4.0,2011-07-09
Karnataka,Koppal,Acute Diarrhoeal Disease,2012,17,104.0,0.0,15.3484144,76.1547421,0.06150317098,312.99,4.0,2012-04-24
Karnataka,Koppal,Acute Diarrhoeal Disease,2013,25,32.0,0.0,15.3484144,76.1547421,0.1384388139,305.885,3.0,2013-06-23
Karnataka,Koppal,Acute Diarrhoeal Disease,2013,32,63.0,0.0,15.3484144,76.1547421,0.1910580657,305.56,3.0,2013-08-05
Karnataka,Koppal,Acute Diarrhoeal Disease,2013,38,19.0,0.0,15.3484144,76.1547421,0.5733719863,304.5133334,12.0,2013-09-17
Karnataka,Koppal,Acute Diarrhoeal Disease,2014,37,18.0,0.0,15.3484144,76.1547421,0.2291705405,304.36,9.0,2014-09-08
Karnataka,Koppal,Acute Diarrhoeal Disease,2015,28,24.0,1.0,15.3484144,76.1547421,0.05781604817,307.315,4.0,2015-07-06
Karnataka,Koppal,Acute Diarrhoeal Disease,2016,22,11.0,0.0,15.3484144,76.1547421,0.05715568964,314.17,3.0,2016-06-02
Karnataka,Koppal,Acute Diarrhoeal Disease,2016,24,30.0,0.0,15.3484144,76.1547421,0.26250503015,311.15,3.5,2016-06-13
Karnataka,Koppal,Acute Diarrhoeal Disease,2016,27,56.0,0.0,15.3484144,76.1547421,0.1997034943,,3.0,2016-07-06
Karnataka,Koppal,Acute Diarrhoeal Disease,2019,20,49.0,0.0,15.3484144,76.1547421,0.004287511142,316.74,3.0,2019-05-13
Karnataka,Koppal,Chikungunya,2014,28,24.0,0.0,15.3484144,76.1547421,0.7893956956,302.16,3.0,2014-07-09
Karnataka,Koppal,Cholera,2012,38,16.0,0.0,15.3484144,76.1547421,0.0651922313,301.868,8.0,2012-09-19
Karnataka,Koppal,Cholera,2013,32,106.0,0.0,15.3484144,76.1547421,0.21710774645,301.27,3.0,2013-08-06
Karnataka,Koppal,Cholera,2013,38,19.0,0.0,15.3484144,76.1547421,0.5505169912,303.445,12.0,2013-09-16
Karnataka,Koppal,Cholera,2016,39,21.0,0.0,15.3484144,76.1547421,0.8230239189,,4.0,2016-09-26
Karnataka,Koppal,Dengue,2010,17,10.0,0.0,15.3484144,76.1547421,0.0272466878,316.136,4.0,2010-04-29
Karnataka,Koppal,Malaria,2011,15,14.0,0.0,15.3484144,76.1547421,0.02226015918,314.05,7.0,2011-04-12
Karnataka,Mandya,Acute Diarrhoeal Disease,2010,18,24.0,0.0,12.5238888,76.8961961,0.1862156877,305.05333340000004,11.0,2010-05-07
Karnataka,Mandya,Acute Diarrhoeal Disease,2010,45,35.0,1.0,12.5238888,76.8961961,0.6768394778,297.99333340000004,14.0,2010-11-12
Karnataka,Mandya,Acute Diarrhoeal Disease,2011,34,20.0,0.0,12.5238888,76.8961961,0.9384154181,,2.0,2011-08-24
Karnataka,Mandya,Acute Diarrhoeal Disease,2011,35,16.0,0.0,12.5238888,76.8961961,0.4598080057,,,2011-08-29
Karnataka,Mandya,Acute Diarrhoeal Disease,2012,15,17.0,0.0,12.5238888,76.8961961,0.01155938421,309.416,8.0,2012-04-11
Karnataka,Mandya,Acute Diarrhoeal Disease,2012,17,29.0,0.0,12.5238888,76.8961961,0.02676358511,307.5566666,8.0,2012-04-25
Karnataka,Mandya,Acute Diarrhoeal Disease,2012,18,14.0,0.0,12.5238888,76.8961961,0.6329278779,308.42,,2012-04-30
Karnataka,Mandya,Acute Diarrhoeal Disease,2012,26,12.0,0.0,12.5238888,76.8961961,0.1937099528,304.96,8.0,2012-06-27
Karnataka,Mandya,Acute Diarrhoeal Disease,2012,45,12.0,0.0,12.5238888,76.8961961,0.05954296318,300.416,,2012-11-08
Karnataka,Mandya,Acute Diarrhoeal Disease,2013,18,52.0,0.0,12.5238888,76.8961961,0.2012237413,309.975,,2013-05-01
Karnataka,Mandya,Acute Diarrhoeal Disease,2013,26,118.0,0.0,12.5238888,76.8961961,0.53323923225,303.19,5.0,2013-06-26
Karnataka,Mandya,Acute Diarrhoeal Disease,2013,30,15.0,0.0,12.5238888,76.8961961,0.2619368899,297.86,,2013-07-28
Karnataka,Mandya,Acute Diarrhoeal Disease,2013,45,39.0,0.0,12.5238888,76.8961961,0.1767140603,300.396,15.0,2013-11-05
Karnataka,Mandya,Acute Diarrhoeal Disease,2014,15,28.0,0.0,12.5238888,76.8961961,0.0001786908948,311.9466666,,2014-04-07
Karnataka,Mandya,Acute Diarrhoeal Disease,2016,4,19.0,0.0,12.5238888,76.8961961,0.02558807215,302.66,8.0,2016-01-27
Karnataka,Mandya,Acute Diarrhoeal Disease,2017,41,11.0,0.0,12.5238888,76.8961961,0.2048545801,296.536,9.0,2017-10-10
Karnataka,Mandya,Acute Diarrhoeal Disease,2021,5,26.0,0.0,12.5238888,76.8961961,0.0001563311037,303.812,8.0,2021-02-04
Karnataka,Mandya,Acute Diarrhoeal Disease,2022,23,14.0,0.0,12.5238888,76.8961961,0.0585492164,303.26,9.0,2022-06-12
Karnataka,Mandya,Chikungunya,2016,23,31.0,0.0,12.5238888,76.8961961,0.6239831535,305.12,6.0,2016-06-06
Karnataka,Mandya,Chikungunya,2017,2,20.0,0.0,12.5238888,76.8961961,4.41e-05,304.5066666,6.0,2017-01-13
Karnataka,Mandya,Cholera,2009,46,51.0,1.0,12.5238888,76.8961961,1.31990027,297.62,7.0,2009-11-12
Karnataka,Mandya,Cholera,2011,18,42.0,0.0,12.5238888,76.8961961,0.1299463155,304.67,,2011-05-08
Karnataka,Mandya,Cholera,2012,20,25.0,0.0,12.5238888,76.8961961,0.1829032262,304.35,11.0,2012-05-19
Karnataka,Mandya,Cholera,2012,23,41.0,0.0,12.5238888,76.8961961,0.1841376123,306.88,8.0,2012-06-10
Karnataka,Mandya,Cholera,2013,42,226.0,0.0,12.5238888,76.8961961,0.3210568671,301.15500000000003,10.0,2013-10-19
Karnataka,Mandya,Dengue,2016,33,28.0,0.0,12.5238888,76.8961961,0.1056179559,304.76,7.0,2016-08-15
Karnataka,Mandya,Dengue,2017,2,65.0,0.0,12.5238888,76.8961961,6.32e-05,305.85,,2017-01-09
Karnataka,Mandya,Dengue,2017,18,60.0,0.0,12.5238888,76.8961961,0.07972766786,311.21,,2017-05-01
Karnataka,Mandya,Dengue,2017,24,28.0,0.0,12.5238888,76.8961961,0.4289524388,300.18,6.0,2017-06-13
Karnataka,Mandya,Dengue,2019,30,19.0,0.0,12.5238888,76.8961961,0.5058077133,307.32,4.0,2019-07-22
Karnataka,Mandya,Dengue & Chikungunya,2017,17,15.0,0.0,12.5238888,76.8961961,0.1119295581,306.04400000000004,8.0,2017-04-25
Karnataka,Mandya,Dengue & Chikungunya,2017,37,111.0,0.0,12.5238888,76.8961961,0.5440129053,302.18,11.0,2017-09-12
Karnataka,Mandya,Malaria,2016,25,50.0,0.0,12.5238888,76.8961961,0.4420582566,304.3,5.0,2016-06-22
Karnataka,Mangalore,Dengue,2011,12,28.0,1.0,12.8698101,74.8430082,0.007782872932,306.356,22.0,2011-03-26
Karnataka,Mysore,Acute Diarrhoeal Disease,2011,15,28.0,0.0,12.3051828,76.6553609,0.0072312098985,312.20550000000003,8.0,2011-04-12
Karnataka,Mysore,Acute Diarrhoeal Disease,2011,16,26.0,0.0,12.3051828,76.6553609,0.6917186806,305.39,8.0,2011-04-24
Karnataka,Mysore,Acute Diarrhoeal Disease,2014,15,33.0,0.0,12.3051828,76.6553609,0.04065912015,314.085,7.0,2014-04-10
Karnataka,Mysore,Chikungunya,2014,26,15.0,0.0,12.3051828,76.6553609,0.1786120892,,7.0,2014-06-23
Karnataka,Mysore,Chikungunya,2014,28,66.0,0.0,12.3051828,76.6553609,1.221592079,,,2014-07-12
Karnataka,Mysore,Cholera,2010,16,5.0,0.0,12.3051828,76.6553609,0.3193126372,308.40500000000003,,2010-04-23
Karnataka,Mysore,Cholera,2010,22,17.0,0.0,12.3051828,76.6553609,0.5189039267,303.3766666,11.0,2010-06-06
Karnataka,Mysore,Cholera,2011,16,21.0,0.0,12.3051828,76.6553609,0.250811064,308.204,9.0,2011-04-20
Karnataka,Mysore,Cholera,2011,22,33.0,0.0,12.3051828,76.6553609,0.5259297403,302.81,,2011-06-02
Karnataka,Mysore,Cholera,2011,23,17.0,0.0,12.3051828,76.6553609,0.9013574214,299.64,9.0,2011-06-06
Karnataka,Mysore,Cholera,2012,11,12.0,0.0,12.3051828,76.6553609,0.0001503895409,308.184,,2012-03-13
Karnataka,Mysore,Cholera,2012,14,181.0,0.0,12.3051828,76.6553609,0.006427930948,312.02,7.0,2012-04-04
Karnataka,Mysore,Cholera,2012,18,36.0,0.0,12.3051828,76.6553609,0.08615679217,305.3333334,8.0,2012-05-06
Karnataka,Mysore,Cholera,2012,19,44.0,0.0,12.3051828,76.6553609,0.05781178797,306.692,,2012-05-08
Karnataka,Mysore,Cholera,2013,15,129.0,0.0,12.3051828,76.6553609,0.0279683846,313.4266666,6.0,2013-04-13
Karnataka,Mysore,Cholera,2014,20,32.0,0.0,12.3051828,76.6553609,0.04793818271,307.315,10.0,2014-05-15
Karnataka,Mysore,Cholera,2016,5,33.0,0.0,12.3051828,76.6553609,5.89e-05,306.79200000000003,10.0,2016-02-03
Karnataka,Mysore,Dengue,2013,19,24.0,0.0,12.3051828,76.6553609,0.2300368075,307.35,7.0,2013-05-10
Karnataka,Mysore,Dengue,2013,20,46.0,0.0,12.3051828,76.6553609,0.1319089554,307.952,7.0,2013-05-13
Karnataka,Mysore,Dengue,2013,22,91.0,0.0,12.3051828,76.6553609,0.356530155725,305.88166665,6.0,2013-05-27
Karnataka,Mysore,Dengue,2013,23,10.0,0.0,12.3051828,76.6553609,1.64077515,,6.0,2013-06-04
Karnataka,Mysore,Dengue,2013,25,11.0,0.0,12.3051828,76.6553609,0.4435422578,,,2013-06-17
Karnataka,Mysore,Dengue,2013,34,30.0,0.0,12.3051828,76.6553609,0.392584956,300.18,5.5,2013-08-19
Karnataka,Mysuru,Acute Diarrhoeal Disease,2015,48,65.0,0.0,12.3051828,76.6553609,0.5333292006,297.86,,2015-11-24
Karnataka,Mysuru,Acute Diarrhoeal Disease,2016,1,40.0,0.0,12.3051828,76.6553609,3.35e-05,302.54400000000004,13.0,2016-01-10
Karnataka,Mysuru,Acute Diarrhoeal Disease,2017,17,40.0,0.0,12.3051828,76.6553609,0.1757524902,307.705,8.0,2017-04-26
Karnataka,Mysuru,Acute Diarrhoeal Disease,2019,13,61.0,0.0,12.3051828,76.6553609,0.004683109691,313.856,7.0,2019-03-31
Karnataka,Mysuru,Acute Diarrhoeal Disease,2019,45,68.0,0.0,12.3051828,76.6553609,0.3720231507,300.5866666,27.0,2019-11-04
Karnataka,Mysuru,Acute Diarrhoeal Disease,2020,3,37.0,0.0,12.3051828,76.6553609,0.0003671647281,303.016,15.0,2020-01-13
Karnataka,Mysuru,Acute Diarrhoeal Disease,2022,22,41.0,0.0,12.3051828,76.6553609,0.1448342286,301.868,12.0,2022-05-30
Karnataka,Mysuru,Cholera,2015,47,65.0,0.0,12.3051828,76.6553609,0.7978852678,,16.0,2015-11-20
Karnataka,Mysuru,Cholera,2016,9,40.0,0.0,12.3051828,76.6553609,8.34e-05,312.47,,2016-03-04
Karnataka,Mysuru,Cholera,2016,15,30.0,0.0,12.3051828,76.6553609,0.008269637815,315.748,7.0,2016-04-17
Karnataka,Mysuru,Cholera,2016,16,22.0,0.0,12.3051828,76.6553609,0.005603849499,315.1633334,7.0,2016-04-19
Karnataka,Mysuru,Dengue,2021,38,13.0,0.0,12.3051828,76.6553609,0.07497948777,304.67,10.0,2021-09-20
Karnataka,Raichur,Acute Diarrhoeal Disease,2010,6,46.0,0.0,16.083333,77.166667,5.4e-05,307.896,,2010-02-10
Karnataka,Raichur,Acute Diarrhoeal Disease,2011,15,24.0,0.0,16.083333,77.166667,0.08251434248,316.796,6.0,2011-04-16
Karnataka,Raichur,Acute Diarrhoeal Disease,2011,27,18.0,0.0,16.083333,77.166667,0.4313192293,,3.0,2011-07-08
Karnataka,Raichur,Acute Diarrhoeal Disease,2011,28,17.0,0.0,16.083333,77.166667,0.5177588944,310.92,3.0,2011-07-17
Karnataka,Raichur,Acute Diarrhoeal Disease,2013,10,54.0,0.0,16.083333,77.166667,3.05e-05,314.736,6.0,2013-03-04
Karnataka,Raichur,Acute Diarrhoeal Disease,2013,16,95.0,0.0,16.083333,77.166667,3.08e-05,320.72,4.0,2013-04-19
Karnataka,Raichur,Acute Diarrhoeal Disease,2014,42,22.0,0.0,16.083333,77.166667,0.004321315359,304.548,17.0,2014-10-18
Karnataka,Raichur,Acute Diarrhoeal Disease,2015,27,59.0,0.0,16.083333,77.166667,0.04270598511,309.4866666,3.0,2015-07-01
Karnataka,Raichur,Acute Diarrhoeal Disease,2015,28,26.0,0.0,16.083333,77.166667,0.01073798196,309.21,3.0,2015-07-08
Karnataka,Raichur,Acute Diarrhoeal Disease,2016,25,19.0,0.0,16.083333,77.166667,0.6693297443,296.22,,2016-06-25
Karnataka,Raichur,Acute Diarrhoeal Disease,2019,45,15.0,0.0,16.083333,77.166667,0.1166670188,305.168,,2019-11-09
Karnataka,Raichur,Acute Diarrhoeal Disease,2020,15,42.0,0.0,16.083333,77.166667,0.05949866626,316.736,6.0,2020-04-11
Karnataka,Raichur,Acute Diarrhoeal Disease,2021,3,13.0,0.0,16.083333,77.166667,2.27e-05,304.4033334,8.0,2021-01-20
Karnataka,Raichur,Acute Diarrhoeal Disease,2021,4,11.0,0.0,16.083333,77.166667,8.27e-06,307.192,,2021-01-25
Karnataka,Raichur,Acute Diarrhoeal Disease,2021,5,18.0,0.0,16.083333,77.166667,7.82e-05,306.61333340000004,7.0,2021-02-05
Karnataka,Raichur,Acute Diarrhoeal Disease,2022,21,321.0,3.0,16.083333,77.166667,0.0016348589,310.876,4.0,2022-05-29
Karnataka,Raichur,Chikungunya,2013,42,16.0,0.0,16.083333,77.166667,0.07061104702,305.3466666,18.0,2013-10-20
Karnataka,Raichur,Chikungunya,2013,43,15.0,0.0,16.083333,77.166667,0.04305316069,305.3766666,18.0,2013-10-22
Karnataka,Raichur,Chikungunya,2014,13,20.0,0.0,16.083333,77.166667,5.08e-05,315.58,8.0,2014-03-26
Karnataka,Raichur,Chikungunya,2015,16,15.0,0.0,16.083333,77.166667,0.3718947415,307.86,5.0,2015-04-16
Karnataka,Raichur,Chikungunya,2017,37,11.0,0.0,16.083333,77.166667,0.34379597,303.42,,2017-09-13
Karnataka,Raichur,Chikungunya,2020,9,6.0,0.0,16.083333,77.166667,5.82e-05,310.66400000000004,7.0,2020-02-24
Karnataka,Raichur,Cholera,2013,10,30.0,0.0,16.083333,77.166667,3.05e-05,314.736,6.0,2013-03-04
Karnataka,Raichur,Dengue,2012,12,19.0,1.0,16.083333,77.166667,0.0002889213578,317.112,,2012-03-20
Karnataka,Raichur,Dengue,2012,17,31.0,0.0,16.083333,77.166667,0.02457086849,314.42,4.0,2012-04-28
Karnataka,Raichur,Dengue,2013,32,40.0,0.0,16.083333,77.166667,0.1382589224,,3.0,2013-08-11
Karnataka,Raichur,Dengue,2013,34,41.0,0.0,16.083333,77.166667,0.7578100643000001,299.3,,2013-08-20
Karnataka,Raichur,Dengue,2014,10,62.0,0.0,16.083333,77.166667,0.018260300398499997,306.736,8.0,2014-03-03
Karnataka,Raichur,Dengue,2014,23,506.0,0.0,16.083333,77.166667,0.0756798985,311.936,,2014-06-02
Karnataka,Raichur,Dengue,2014,34,104.0,1.0,16.083333,77.166667,0.0882070196,312.04,6.0,2014-08-18
Karnataka,Raichur,Dengue,2014,44,42.0,0.0,16.083333,77.166667,0.4558779309,305.14,16.0,2014-10-30
Karnataka,Raichur,Dengue,2014,46,72.0,0.0,16.083333,77.166667,0.0100554877,302.04,12.0,2014-11-11
Karnataka,Raichur,Dengue,2015,19,9.0,0.0,16.083333,77.166667,0.03347972318,317.86,4.0,2015-05-07
Karnataka,Raichur,Dengue,2016,34,36.0,0.0,16.083333,77.166667,0.03971997321,306.53000000000003,7.0,2016-08-26
Karnataka,Raichur,Dengue,2017,13,14.0,0.0,16.083333,77.166667,7.11e-05,319.64,5.0,2017-04-01
Karnataka,Raichur,Dengue,2018,46,12.0,0.0,16.083333,77.166667,5.29e-05,311.576,,2018-11-16
Karnataka,Raichur,Dengue,2019,17,7.0,0.0,16.083333,77.166667,0.001452589777,322.428,3.0,2019-04-24
Karnataka,Raichur,Dengue,2019,30,4.0,0.0,16.083333,77.166667,0.2706563897,310.54,3.0,2019-07-22
Karnataka,Raichur,Dengue,2019,49,7.0,0.0,16.083333,77.166667,0.1333712912,304.072,,2019-12-02
Karnataka,Raichur,Dengue,2020,12,15.0,0.0,16.083333,77.166667,0.001050071649,312.60400000000004,7.0,2020-03-16
Karnataka,Raichur,Dengue,2020,51,29.0,0.0,16.083333,77.166667,0.0004314396273,304.98400000000004,10.0,2020-12-16
Karnataka,Raichur,Malaria,2017,22,4.0,0.0,16.083333,77.166667,0.03419328942,314.46,,2017-06-01
Karnataka,Ramanagar,Chikungunya,2014,22,19.0,0.0,16.811241,75.7114214,0.09214621759,311.64,,2014-06-01
Karnataka,Ramanagara,Acute Diarrhoeal Disease,2011,26,16.0,0.0,12.7252766,77.2804797,0.2616385256,304.94,6.0,2011-07-01
Karnataka,Ramanagara,Acute Diarrhoeal Disease,2011,34,19.0,0.0,12.7252766,77.2804797,1.051534091,,4.0,2011-08-26
Karnataka,Ramanagara,Acute Diarrhoeal Disease,2012,20,41.0,0.0,12.7252766,77.2804797,0.4853331735,304.33,9.0,2012-05-17
Karnataka,Ramanagara,Acute Diarrhoeal Disease,2015,21,8.0,0.0,12.7252766,77.2804797,0.542609589,302.7133334,10.0,2015-05-22
Karnataka,Ramanagara,Acute Diarrhoeal Disease,2016,5,27.0,0.0,12.7252766,77.2804797,6.89e-05,305.896,,2016-02-02
Karnataka,Ramanagara,Acute Diarrhoeal Disease,2016,34,41.0,0.0,12.7252766,77.2804797,0.1002180013,299.8333334,6.0,2016-08-22
Karnataka,Ramanagara,Acute Diarrhoeal Disease,2017,10,23.0,0.0,12.7252766,77.2804797,0.04138586992,307.856,6.0,2017-03-09
Karnataka,Ramanagara,Acute Diarrhoeal Disease,2018,3,33.0,0.0,12.7252766,77.2804797,0.0003598093465,304.788,,2018-01-17
Karnataka,Ramanagara,Acute Diarrhoeal Disease,2019,35,87.0,0.0,12.7252766,77.2804797,0.2647096714,,8.0,2019-08-26
Karnataka,Ramanagara,Acute Diarrhoeal Disease,2020,14,62.0,0.0,12.7252766,77.2804797,0.0001834974605,311.1433334,7.0,2020-03-31
Karnataka,Ramanagara,Chikungunya,2015,39,18.0,0.0,12.7252766,77.2804797,0.02718189489,302.085,15.0,2015-09-24
Karnataka,Ramanagara,Chikungunya,2016,33,43.0,0.0,12.7252766,77.2804797,0.1357866091,297.94,,2016-08-19
Karnataka,Ramanagara,Chikungunya,2017,27,19.0,0.0,12.7252766,77.2804797,0.1435092355,304.58,,2017-07-03
Karnataka,Ramanagara,Chikungunya,2017,29,34.0,0.0,12.7252766,77.2804797,0.4955581068,303.8266666,,2017-07-20
Karnataka,Ramanagara,Chikungunya,2018,23,52.0,0.0,12.7252766,77.2804797,0.5952799922,300.47,9.0,2018-06-05
Karnataka,Ramanagara,Cholera,2016,28,84.0,0.0,12.7252766,77.2804797,0.08884931667,297.1,6.0,2016-07-14
Karnataka,Ramanagara,Dengue,2015,10,36.0,0.0,12.7252766,77.2804797,0.01896294392,308.435,7.0,2015-03-04
Karnataka,Shimoga,Acute Diarrhoeal Disease,2013,19,19.0,0.0,13.9326093,75.574978,0.05530552913,308.24,9.0,2013-05-12
Karnataka,Shimoga,Acute Diarrhoeal Disease,2013,20,32.0,0.0,13.9326093,75.574978,0.07018496021,308.56,9.0,2013-05-14
Karnataka,Shimoga,Acute Diarrhoeal Disease,2013,30,16.0,0.0,13.9326093,75.574978,1.218428846,,2.0,2013-07-24
Karnataka,Shimoga,Acute Diarrhoeal Disease,2014,20,31.0,0.0,13.9326093,75.574978,0.0008555537395,306.7233334,14.0,2014-05-18
Karnataka,Shimoga,Acute Diarrhoeal Disease,2015,14,18.0,0.0,13.9326093,75.574978,0.03361004728,308.48,12.0,2015-04-05
Karnataka,Shimoga,Acute Diarrhoeal Disease,2015,45,93.0,0.0,13.9326093,75.574978,0.4269258731,300.11,14.0,2015-11-07
Karnataka,Shimoga,Acute Diarrhoeal Disease,2016,23,64.0,0.0,13.9326093,75.574978,0.4690572276,308.37,6.0,2016-06-06
Karnataka,Shimoga,Acute Diarrhoeal Disease,2018,7,12.0,0.0,13.9326093,75.574978,0.03182117321,305.49,7.0,2018-02-15
Karnataka,Shimoga,Chikungunya,2013,21,22.0,0.0,13.9326093,75.574978,0.13438809,306.696,10.0,2013-05-21
Karnataka,Shimoga,Chikungunya,2015,14,38.0,0.0,13.9326093,75.574978,0.03375958537,309.42,12.0,2015-04-03
Karnataka,Shimoga,Chikungunya,2015,25,16.0,0.0,13.9326093,75.574978,0.7811891202,,4.0,2015-06-20
Karnataka,Shimoga,Chikungunya,2016,52,26.0,0.0,13.9326093,75.574978,0.0001870727494,306.25333340000003,6.0,2016-12-31
Karnataka,Shimoga,Chikungunya,2018,35,19.0,0.0,13.9326093,75.574978,0.2462196016,295.76,15.0,2018-08-30
Karnataka,Shimoga,Chikungunya,2019,23,32.0,0.0,13.9326093,75.574978,0.142101161,307.99333340000004,11.0,2019-06-06
Karnataka,Shimoga,Cholera,2013,25,42.0,0.0,13.9326093,75.574978,0.4859653322,,,2013-06-17
Karnataka,Shimoga,Cholera,2018,6,54.0,3.0,13.9326093,75.574978,0.001735805551,305.91,,2018-02-09
Karnataka,Shimoga,Dengue,2011,1,28.0,0.0,13.9326093,75.574978,0.0003410643847,301.44,8.0,2011-01-03
Karnataka,Shimoga,Dengue,2013,21,22.0,0.0,13.9326093,75.574978,0.1449980029,305.56,10.0,2013-05-22
Karnataka,Shimoga,Dengue,2015,21,45.0,0.0,13.9326093,75.574978,0.3822371089,301.395,13.0,2015-05-20
Karnataka,Shimoga,Dengue,2016,23,14.0,0.0,13.9326093,75.574978,0.6677678855,310.22,,2016-06-09
Karnataka,Shimoga,Dengue & Chikungunya,2017,37,18.0,0.0,13.9326093,75.574978,0.8462083696,299.5666666,17.0,2017-09-11
Karnataka,Shivamogga,Acute Diarrhoeal Disease,2016,1,12.0,0.0,13.9326093,75.574978,7.73e-06,304.8,7.0,2016-01-04
Karnataka,Shivamogga,Acute Diarrhoeal Disease,2018,52,170.0,0.0,13.9326093,75.574978,0.0006016571436,303.684,7.0,2018-12-25
Karnataka,Shivamogga,Acute Diarrhoeal Disease,2022,18,85.0,0.0,13.9326093,75.574978,0.01528495932,302.1966666,16.0,2022-05-07
Karnataka,Shivamogga,Acute Diarrhoeal Disease,2022,24,45.0,0.0,13.9326093,75.574978,0.1825781613,301.66,12.0,2022-06-13
Karnataka,Shivamogga,Chikungunya,2018,25,11.0,0.0,13.9326093,75.574978,0.4231431664,302.26,10.0,2018-06-22
Karnataka,Tumkur,Acute Diarrhoeal Disease,2009,26,10.0,3.0,13.3400771,77.1006208,0.2868031124,305.7066666,,2009-06-25
Karnataka,Tumkur,Acute Diarrhoeal Disease,2009,40,25.0,0.0,13.3400771,77.1006208,0.3599459233,301.3533334,,2009-09-30
Karnataka,Tumkur,Acute Diarrhoeal Disease,2010,1,26.0,0.0,13.3400771,77.1006208,0.1174521109,302.696,6.0,2010-01-04
Karnataka,Tumkur,Acute Diarrhoeal Disease,2010,28,147.0,0.0,13.3400771,77.1006208,0.2839371757,301.37,5.0,2010-07-12
Karnataka,Tumkur,Acute Diarrhoeal Disease,2010,40,50.0,0.0,13.3400771,77.1006208,0.5690810838,301.41,,2010-10-08
Karnataka,Tumkur,Acute Diarrhoeal Disease,2010,46,14.0,0.0,13.3400771,77.1006208,0.2840473305,299.885,10.0,2010-11-18
Karnataka,Tumkur,Acute Diarrhoeal Disease,2011,19,20.0,0.0,13.3400771,77.1006208,0.0328835695,309.59000000000003,8.0,2011-05-13
Karnataka,Tumkur,Acute Diarrhoeal Disease,2011,48,337.0,0.0,13.3400771,77.1006208,0.2684606019,301.12,8.0,2011-11-28
Karnataka,Tumkur,Acute Diarrhoeal Disease,2012,17,16.0,0.0,13.3400771,77.1006208,0.8093954074,308.88,6.0,2012-04-28
Karnataka,Tumkur,Acute Diarrhoeal Disease,2012,19,12.0,0.0,13.3400771,77.1006208,0.000506278275,309.40000000000003,,2012-05-08
Karnataka,Tumkur,Acute Diarrhoeal Disease,2012,21,23.0,0.0,13.3400771,77.1006208,0.008942441786,307.69800000000004,8.0,2012-05-25
Karnataka,Tumkur,Acute Diarrhoeal Disease,2013,23,25.0,0.0,13.3400771,77.1006208,0.4488662932,,3.0,2013-06-06
Karnataka,Tumkur,Acute Diarrhoeal Disease,2013,25,45.0,0.0,13.3400771,77.1006208,0.6061077223,305.75,4.0,2013-06-23
Karnataka,Tumkur,Acute Diarrhoeal Disease,2013,46,11.0,0.0,13.3400771,77.1006208,0.001289629646,304.372,10.0,2013-11-11
Karnataka,Tumkur,Acute Diarrhoeal Disease,2014,19,26.0,0.0,13.3400771,77.1006208,0.06233829394,312.088,7.0,2014-05-05
Karnataka,Tumkur,Acute Diarrhoeal Disease,2014,25,31.0,0.0,13.3400771,77.1006208,0.182194408,303.75333340000003,7.0,2014-06-16
Karnataka,Tumkur,Acute Diarrhoeal Disease,2017,16,13.0,0.0,13.3400771,77.1006208,0.0002019596305,313.636,6.0,2017-04-18
Karnataka,Tumkur,Acute Diarrhoeal Disease,2018,12,13.0,0.0,13.3400771,77.1006208,0.4398618066,308.205,,2018-03-21
Karnataka,Tumkur,Acute Diarrhoeal Disease,2018,15,92.0,0.0,13.3400771,77.1006208,0.003319928221,310.088,8.0,2018-04-12
Karnataka,Tumkur,Acute Diarrhoeal Disease,2022,9,27.0,0.0,13.3400771,77.1006208,6.49e-05,308.4633334,7.0,2022-03-03
Karnataka,Tumkur,Acute Diarrhoeal Disease,2022,19,26.0,0.0,13.3400771,77.1006208,0.30168627319999997,304.07,9.0,2022-05-11
Karnataka,Tumkur,Chikungunya,2010,17,63.0,0.0,13.3400771,77.1006208,0.1481715215,309.884,8.0,2010-04-26
Karnataka,Tumkur,Chikungunya,2011,30,15.0,0.0,13.3400771,77.1006208,0.3013353432,305.86,,2011-07-27
Karnataka,Tumkur,Chikungunya,2012,17,57.0,0.0,13.3400771,77.1006208,0.1048395919,308.14,6.0,2012-04-24
Karnataka,Tumkur,Chikungunya,2013,2,26.0,0.0,13.3400771,77.1006208,7.81e-05,307.616,,2013-01-08
Karnataka,Tumkur,Chikungunya,2013,4,76.0,0.0,13.3400771,77.1006208,4.38e-05,306.8,,2013-01-24
Karnataka,Tumkur,Chikungunya,2013,9,27.0,0.0,13.3400771,77.1006208,3.82e-05,312.892,6.0,2013-03-02
Karnataka,Tumkur,Chikungunya,2013,16,25.0,0.0,13.3400771,77.1006208,0.001975415907,315.47200000000004,,2013-04-15
Karnataka,Tumkur,Chikungunya,2013,17,25.0,0.0,13.3400771,77.1006208,0.102663533,315.59000000000003,6.0,2013-04-27
Karnataka,Tumkur,Chikungunya,2013,24,31.0,0.0,13.3400771,77.1006208,0.4023775696,,,2013-06-10
Karnataka,Tumkur,Chikungunya,2013,29,15.0,0.0,13.3400771,77.1006208,0.4911328847,305.16,3.0,2013-07-15
Karnataka,Tumkur,Chikungunya,2014,20,22.0,0.0,13.3400771,77.1006208,0.6173676191,309.8,8.0,2014-05-13
Karnataka,Tumkur,Chikungunya,2014,25,45.0,0.0,13.3400771,77.1006208,0.15058412399999999,303.66333340000006,6.5,2014-06-16
Karnataka,Tumkur,Chikungunya,2014,28,40.0,0.0,13.3400771,77.1006208,0.6937978379,307.78000000000003,4.0,2014-07-09
Karnataka,Tumkur,Chikungunya,2015,18,121.0,0.0,13.3400771,77.1006208,0.1861886107,308.64,8.0,2015-04-29
Karnataka,Tumkur,Chikungunya,2015,23,32.0,0.0,13.3400771,77.1006208,0.5717243387,301.31,10.0,2015-06-07
Karnataka,Tumkur,Chikungunya,2015,26,40.0,0.0,13.3400771,77.1006208,0.4437743554,,6.0,2015-06-22
Karnataka,Tumkur,Chikungunya,2015,28,21.0,0.0,13.3400771,77.1006208,0.1264339372,304.28000000000003,8.0,2015-07-06
Karnataka,Tumkur,Chikungunya,2015,33,18.0,0.0,13.3400771,77.1006208,0.3810709887,304.77,9.0,2015-08-14
Karnataka,Tumkur,Chikungunya,2015,37,16.0,0.0,13.3400771,77.1006208,0.8993444418,304.15500000000003,8.0,2015-09-10
Karnataka,Tumkur,Chikungunya,2015,39,15.0,0.0,13.3400771,77.1006208,0.04622862118,302.695,14.0,2015-09-24
Karnataka,Tumkur,Chikungunya,2016,17,71.0,0.0,13.3400771,77.1006208,7.24e-05,316.904,7.0,2016-05-01
Karnataka,Tumkur,Chikungunya,2016,23,19.0,0.0,13.3400771,77.1006208,0.7385043557,305.86,6.0,2016-06-06
Karnataka,Tumkur,Chikungunya,2016,29,17.0,0.0,13.3400771,77.1006208,0.6348600313,,6.0,2016-07-22
Karnataka,Tumkur,Chikungunya,2016,33,30.0,0.0,13.3400771,77.1006208,0.1366665503,301.295,7.0,2016-08-17
Karnataka,Tumkur,Chikungunya,2016,38,14.0,0.0,13.3400771,77.1006208,0.1411812851,305.63,3.0,2016-09-23
Karnataka,Tumkur,Chikungunya,2017,4,25.0,0.0,13.3400771,77.1006208,0.1186286328,306.5,5.0,2017-01-27
Karnataka,Tumkur,Chikungunya,2017,6,35.0,0.0,13.3400771,77.1006208,3.36e-05,309.216,6.0,2017-02-11
Karnataka,Tumkur,Chikungunya,2017,21,39.0,0.0,13.3400771,77.1006208,0.2094716422,305.86,8.0,2017-05-27
Karnataka,Tumkur,Chikungunya,2017,22,73.0,0.0,13.3400771,77.1006208,0.1433637805,304.2933334,,2017-06-01
Karnataka,Tumkur,Chikungunya,2017,23,13.0,0.0,13.3400771,77.1006208,0.3428974063,309.3533334,7.0,2017-06-06
Karnataka,Tumkur,Chikungunya,2017,30,34.0,0.0,13.3400771,77.1006208,0.1679182584,304.12,5.0,2017-07-24
Karnataka,Tumkur,Chikungunya,2017,33,48.0,0.0,13.3400771,77.1006208,0.2142071876,,4.0,2017-08-18
Karnataka,Tumkur,Chikungunya,2017,34,25.0,0.0,13.3400771,77.1006208,0.3104545478,301.90000000000003,4.0,2017-08-23
Karnataka,Tumkur,Chikungunya,2017,36,32.0,0.0,13.3400771,77.1006208,0.4570319039,304.915,8.0,2017-09-05
Karnataka,Tumkur,Chikungunya,2019,4,137.0,0.0,13.3400771,77.1006208,8.61e-05,305.3433334,,2019-01-24
Karnataka,Tumkur,Chikungunya,2019,11,49.0,0.0,13.3400771,77.1006208,0.0002054410762,312.9366666,6.0,2019-03-11
Karnataka,Tumkur,Chikungunya,2019,39,22.0,0.0,13.3400771,77.1006208,0.5626303661,300.0666666,13.0,2019-09-26
Karnataka,Tumkur,Chikungunya,2019,40,31.0,0.0,13.3400771,77.1006208,0.4599379718,301.8,,2019-09-30
Karnataka,Tumkur,Chikungunya,2019,41,20.0,0.0,13.3400771,77.1006208,0.9561099346,301.572,13.0,2019-10-09
Karnataka,Tumkur,Chikungunya,2019,46,30.0,0.0,13.3400771,77.1006208,0.10469315505,300.132,14.0,2019-11-11
Karnataka,Tumkur,Chikungunya,2019,48,14.0,0.0,13.3400771,77.1006208,0.0366088415,300.0866666,12.0,2019-11-30
Karnataka,Tumkur,Chikungunya,2020,33,31.0,0.0,13.3400771,77.1006208,0.8928106134,,3.0,2020-08-10
Karnataka,Tumkur,Chikungunya,2020,47,30.0,0.0,13.3400771,77.1006208,0.1394223998,300.065,12.0,2020-11-22
Karnataka,Tumkur,Chikungunya,2021,33,63.0,0.0,13.3400771,77.1006208,0.4009891219,,6.0,2021-08-18
Karnataka,Tumkur,Cholera,2010,22,6.0,1.0,13.3400771,77.1006208,0.1902162296,305.388,10.0,2010-06-04
Karnataka,Tumkur,Cholera,2012,14,27.0,1.0,13.3400771,77.1006208,0.01838685622,313.504,,2012-04-06
Karnataka,Tumkur,Cholera,2012,18,45.0,0.0,13.3400771,77.1006208,0.1301647017,305.34000000000003,8.0,2012-05-04
Karnataka,Tumkur,Cholera,2012,21,59.0,0.0,13.3400771,77.1006208,0.008959952326,307.732,8.0,2012-05-25
Karnataka,Tumkur,Cholera,2013,16,44.0,0.0,13.3400771,77.1006208,0.0002027513947,315.98400000000004,6.0,2013-04-19
Karnataka,Tumkur,Cholera,2013,31,34.0,0.0,13.3400771,77.1006208,0.2492381804,,5.0,2013-07-30
Karnataka,Tumkur,Dengue,2012,15,26.0,0.0,13.3400771,77.1006208,0.007471837833,313.336,6.0,2012-04-11
Karnataka,Tumkur,Dengue,2012,23,70.0,0.0,13.3400771,77.1006208,0.1015759834,307.02,7.0,2012-06-07
Karnataka,Tumkur,Dengue,2012,28,30.0,0.0,13.3400771,77.1006208,0.2349863903,306.29,,2012-07-11
Karnataka,Tumkur,Dengue,2014,24,20.0,0.0,13.3400771,77.1006208,0.2219515635,304.06,7.0,2014-06-12
Karnataka,Tumkur,Dengue,2014,27,51.0,0.0,13.3400771,77.1006208,0.09693048255,303.316,4.0,2014-07-04
Karnataka,Tumkur,Dengue,2014,29,22.0,0.0,13.3400771,77.1006208,0.5000258194,,5.0,2014-07-16
Karnataka,Tumkur,Dengue,2014,31,18.0,0.0,13.3400771,77.1006208,0.1819049202,305.52,5.0,2014-07-31
Karnataka,Tumkur,Dengue,2014,32,18.0,0.0,13.3400771,77.1006208,0.1473087852,304.52,3.0,2014-08-08
Karnataka,Tumkur,Dengue,2014,36,51.0,0.0,13.3400771,77.1006208,0.5507075275,,6.0,2014-09-01
Karnataka,Tumkur,Dengue,2015,5,11.0,0.0,13.3400771,77.1006208,0.0006444705188,304.288,6.0,2015-01-31
Karnataka,Tumkur,Dengue,2015,21,38.0,0.0,13.3400771,77.1006208,0.6905168906,304.485,9.0,2015-05-21
Karnataka,Tumkur,Dengue,2015,22,116.0,0.0,13.3400771,77.1006208,0.08244139534,308.0,9.0,2015-05-25
Karnataka,Tumkur,Dengue,2015,42,21.0,0.0,13.3400771,77.1006208,0.4118845203,301.7266666,16.0,2015-10-13
Karnataka,Tumkur,Dengue,2016,24,49.0,1.0,13.3400771,77.1006208,0.2065817434,300.785,,2016-06-16
Karnataka,Tumkur,Dengue,2016,42,25.0,0.0,13.3400771,77.1006208,0.1751609768,307.995,11.0,2016-10-17
Karnataka,Tumkur,Dengue,2017,17,13.0,0.0,13.3400771,77.1006208,0.01111297589,313.744,6.0,2017-04-27
Karnataka,Tumkur,Dengue,2017,24,23.0,0.0,13.3400771,77.1006208,0.3393581958,,5.0,2017-06-14
Karnataka,Tumkur,Dengue,2017,33,56.0,0.0,13.3400771,77.1006208,0.4341899025,,4.0,2017-08-17
Karnataka,Tumkur,Dengue,2017,36,30.0,0.0,13.3400771,77.1006208,0.3467982571,307.41,6.0,2017-09-04
Karnataka,Tumkur,Dengue,2019,32,14.0,0.0,13.3400771,77.1006208,0.2077299896,306.34000000000003,3.0,2019-08-06
Karnataka,Tumkur,Dengue,2019,33,21.0,1.0,13.3400771,77.1006208,0.4290358555,,8.0,2019-08-17
Karnataka,Tumkur,Dengue,2019,45,82.0,1.0,13.3400771,77.1006208,0.3242812757333334,300.10066666666665,16.0,2019-11-04
Karnataka,Tumkur,Dengue,2020,1,15.0,0.0,13.3400771,77.1006208,0.02698392215,301.34000000000003,8.0,2020-01-05
Karnataka,Tumkur,Dengue & Chikungunya,2015,37,23.0,0.0,13.3400771,77.1006208,0.8993444418,304.15500000000003,8.0,2015-09-10
Karnataka,Tumkur,Dengue & Chikungunya,2016,28,23.0,0.0,13.3400771,77.1006208,0.1453084658,,6.0,2016-07-13
Karnataka,Tumkur,Dengue & Chikungunya,2016,37,21.0,0.0,13.3400771,77.1006208,0.04835687004,305.53000000000003,8.0,2016-09-14
Karnataka,Tumkur,Dengue & Chikungunya,2017,25,30.0,0.0,13.3400771,77.1006208,0.2539992495,300.90000000000003,5.0,2017-06-23
Karnataka,Tumkur,Dengue & Chikungunya,2017,33,32.0,0.0,13.3400771,77.1006208,0.4341899025,,4.0,2017-08-17
Karnataka,Tumkur,Dengue & Chikungunya,2017,34,15.0,0.0,13.3400771,77.1006208,0.3104545478,301.90000000000003,4.0,2017-08-23
Karnataka,Tumkur,Dengue & Chikungunya,2017,40,31.0,0.0,13.3400771,77.1006208,1.146909927,,8.0,2017-10-02
Karnataka,Tumkur,Dengue & Chikungunya,2019,43,33.0,0.0,13.3400771,77.1006208,0.7204339127,300.42,9.0,2019-10-22
Karnataka,Tumkur,Dengue & Chikungunya,2019,47,19.0,0.0,13.3400771,77.1006208,0.1112847105,300.108,13.0,2019-11-18
Karnataka,Tumkur,Malaria,2011,16,25.0,0.0,13.3400771,77.1006208,0.1759958813,308.656,8.0,2011-04-21
Karnataka,Tumkur,Malaria,2015,22,16.0,0.0,13.3400771,77.1006208,0.02869890738,309.85,9.0,2015-05-29
Karnataka,Tumkur,Malaria,2017,43,81.0,0.0,13.3400771,77.1006208,0.0040933405,300.748,15.0,2017-10-25
Karnataka,Tumkur,Malaria,2018,45,21.0,0.0,13.3400771,77.1006208,0.09549042497,302.425,11.0,2018-11-07
Karnataka,Udupi,Acute Diarrhoeal Disease,2010,14,75.0,0.0,13.3419169,74.7473232,0.01009190441,306.384,17.0,2010-04-10
Karnataka,Udupi,Acute Diarrhoeal Disease,2014,29,15.0,0.0,13.3419169,74.7473232,4.06237796,299.1,,2014-07-19
Karnataka,Udupi,Cholera,2015,34,7.0,2.0,13.3419169,74.7473232,0.4823376214,300.61,14.0,2015-08-22
Karnataka,Udupi,Dengue,2014,25,10.0,0.0,13.3419169,74.7473232,1.943347978,301.92,13.0,2014-06-19
Karnataka,Udupi,Dengue,2015,23,176.0,0.0,13.3419169,74.7473232,0.3156843163,305.0,,2015-06-02
Karnataka,Udupi,Dengue,2016,10,7.0,0.0,13.3419169,74.7473232,0.0203458745,304.88,,2016-03-12
Karnataka,Udupi,Dengue,2016,21,13.0,0.0,13.3419169,74.7473232,0.4378357045,303.24,18.0,2016-05-28
Karnataka,Udupi,Dengue,2016,22,20.0,0.0,13.3419169,74.7473232,1.153979421,303.37333340000004,10.0,2016-06-05
Karnataka,Udupi,Dengue,2016,32,13.0,0.0,13.3419169,74.7473232,1.722122339,300.6,,2016-08-12
Karnataka,Udupi,Dengue,2016,48,16.0,0.0,13.3419169,74.7473232,0.0001395841599,302.624,25.0,2016-12-03
Karnataka,Udupi,Dengue,2017,22,63.0,0.0,13.3419169,74.7473232,1.017164019,302.71500000000003,,2017-06-02
Karnataka,Udupi,Dengue,2019,7,8.0,0.0,13.3419169,74.7473232,0.004265874878,305.06,16.0,2019-02-11
Karnataka,Udupi,Dengue,2022,20,92.0,0.0,13.3419169,74.7473232,0.8331679728,302.55,,2022-05-17
Karnataka,Udupi,Malaria,2010,16,50.0,0.0,13.3419169,74.7473232,0.1042272265,306.12,17.0,2010-04-20
Karnataka,Udupi,Malaria,2011,3,15.0,0.0,13.3419169,74.7473232,0.0001119022877,304.612,22.0,2011-01-21
Karnataka,Udupi,Malaria,2011,16,13.0,0.0,13.3419169,74.7473232,0.2143703741,305.44,16.0,2011-04-18
Karnataka,Udupi,Malaria,2011,30,130.0,0.0,13.3419169,74.7473232,3.118854669,,4.0,2011-07-25
Karnataka,Udupi,Malaria,2011,36,10.0,0.0,13.3419169,74.7473232,5.564746436,294.1,,2011-09-05
Karnataka,Udupi,Malaria,2012,11,38.0,0.0,13.3419169,74.7473232,0.002505923217,303.37,14.0,2012-03-15
Karnataka,Udupi,Malaria,2013,25,11.0,0.0,13.3419169,74.7473232,4.426548237,,2.0,2013-06-22
Karnataka,Udupi,Malaria,2018,24,57.0,0.0,13.3419169,74.7473232,3.235902898,,7.0,2018-06-14
Karnataka,Udupi,Malaria,2019,28,13.0,0.0,13.3419169,74.7473232,3.089131455,300.46,8.0,2019-07-10
Karnataka,Uttara Kannada,Acute Diarrhoeal Disease,2010,34,10.0,0.0,14.72447415,74.64223734,1.211412844,298.06,9.0,2010-08-24
Karnataka,Uttara Kannada,Acute Diarrhoeal Disease,2013,27,14.0,1.0,14.72447415,74.64223734,1.796459431,,2.0,2013-07-06
Karnataka,Uttara Kannada,Acute Diarrhoeal Disease,2016,20,33.0,0.0,14.72447415,74.64223734,0.3132713235,302.8,23.0,2016-05-18
Karnataka,Uttara Kannada,Acute Diarrhoeal Disease,2016,32,21.0,0.0,14.72447415,74.64223734,2.200098313,299.16,5.0,2016-08-09
Karnataka,Uttara Kannada,Acute Diarrhoeal Disease,2019,29,20.0,0.0,14.72447415,74.64223734,1.685498884,,8.0,2019-07-16
Karnataka,Uttara Kannada,Acute Diarrhoeal Disease,2019,31,43.0,0.0,14.72447415,74.64223734,1.296575106,300.64,3.0,2019-08-02
Karnataka,Uttara Kannada,Chikungunya,2020,1,14.0,0.0,14.72447415,74.64223734,0.03427887668,301.376,37.0,2019-12-30
Karnataka,Uttara Kannada,Cholera,2011,37,15.0,1.0,14.72447415,74.64223734,1.037688386,299.2,15.0,2011-09-12
Karnataka,Uttara Kannada,Cholera,2012,32,20.0,0.0,14.72447415,74.64223734,1.794866666,299.86,2.0,2012-08-07
Karnataka,Uttara Kannada,Cholera,2012,37,66.0,0.0,14.72447415,74.64223734,1.124768659,300.33,,2012-09-12
Karnataka,Uttara Kannada,Cholera,2019,45,20.0,0.0,14.72447415,74.64223734,0.2178832856,300.75,42.0,2019-11-05
Karnataka,Uttara Kannada,Dengue,2010,21,40.0,0.0,14.72447415,74.64223734,0.1287411941,303.92,,2010-05-24
Karnataka,Uttara Kannada,Dengue,2016,19,10.0,0.0,14.72447415,74.64223734,0.06062051788,306.872,36.0,2016-05-13
Karnataka,Uttara Kannada,Malaria,2011,13,83.0,0.0,14.72447415,74.64223734,0.04801188945,303.4766666,34.0,2011-04-02
Karnataka,Vijapura,Acute Diarrhoeal Disease,2015,4,13.0,0.0,16.8269911,75.7175387,0.0001286302995,305.512,5.0,2015-01-22
Karnataka,Vijapura,Acute Diarrhoeal Disease,2015,14,28.0,0.0,16.8054103,75.7179353,0.001964979018,317.38,4.0,2015-04-05
Karnataka,Vijapura,Acute Diarrhoeal Disease,2019,22,21.0,0.0,16.8054103,75.7179353,0.03798668708,315.448,3.0,2019-05-27
Karnataka,Vijapura,Acute Diarrhoeal Disease,2021,42,17.0,0.0,16.666667,75.916667,5.31e-05,306.076,13.0,2021-10-21
Karnataka,Vijapura,Chikungunya,2016,11,111.0,0.0,16.8054103,75.7179353,0.000362070282,319.608,3.0,2016-03-19
Karnataka,Vijapura,Chikungunya,2016,12,28.0,0.0,16.8054103,75.7179353,8.03e-05,321.0933334,3.0,2016-03-25
Karnataka,Vijapura,Chikungunya,2016,44,10.0,0.0,16.8054103,75.7179353,0.0123252014,307.96,10.0,2016-11-06
Karnataka,Vijapura,Chikungunya,2017,33,20.0,0.0,16.666667,75.916667,0.3364169723,309.05,3.0,2017-08-14
Karnataka,Vijapura,Chikungunya,2022,22,13.0,0.0,16.666667,75.916667,0.00807218942,312.47200000000004,,2022-06-01
Karnataka,Vijapura,Chikungunya,2022,23,16.0,0.0,16.666667,75.916667,0.1594723727,306.66400000000004,4.0,2022-06-12
Karnataka,Vijapura,Dengue,2020,1,48.0,0.0,16.8054103,75.7179353,0.06088962777,302.42,7.0,2020-01-03
Karnataka,Vijapura,Malaria,2015,17,33.0,0.0,16.8054103,75.7179353,0.003489632262,319.572,,2015-04-23
Karnataka,Yadgir,Acute Diarrhoeal Disease,2011,5,66.0,0.0,16.7469536,77.1327594,4.12e-05,307.18,,2011-02-02
Karnataka,Yadgir,Acute Diarrhoeal Disease,2013,5,21.0,0.0,16.7670964,77.1403984,5.12e-05,305.93,6.0,2013-01-28
Karnataka,Yadgir,Acute Diarrhoeal Disease,2013,9,101.0,0.0,16.7469536,77.1327594,9.33e-05,311.69333340000003,6.0,2013-02-28
Karnataka,Yadgir,Acute Diarrhoeal Disease,2013,10,38.0,0.0,16.7469536,77.1327594,4.6e-05,314.644,,2013-03-05
Karnataka,Yadgir,Acute Diarrhoeal Disease,2013,13,16.0,0.0,16.7670964,77.1403984,3.21e-05,316.74333340000004,6.0,2013-03-26
Karnataka,Yadgir,Acute Diarrhoeal Disease,2013,15,109.0,0.0,16.7670964,77.1403984,0.0002385867716,320.228,5.0,2013-04-09
Karnataka,Yadgir,Acute Diarrhoeal Disease,2013,20,18.0,0.0,16.7670964,77.1403984,0.0003869269016,314.856,,2013-05-16
Karnataka,Yadgir,Acute Diarrhoeal Disease,2013,27,15.0,0.0,16.7469536,77.1327594,0.1337317801,307.1,,2013-07-03
Karnataka,Yadgir,Acute Diarrhoeal Disease,2013,28,16.0,0.0,16.7670964,77.1403984,0.3852634854,307.40000000000003,3.0,2013-07-10
Karnataka,Yadgir,Acute Diarrhoeal Disease,2013,29,30.0,0.0,16.7670964,77.1403984,0.7242744539,303.94,,2013-07-19
Karnataka,Yadgir,Acute Diarrhoeal Disease,2013,30,39.0,0.0,16.7670964,77.1403984,1.4222193655000002,,2.0,2013-07-23
Karnataka,Yadgir,Acute Diarrhoeal Disease,2015,19,40.0,0.0,16.7469536,77.1327594,0.01680371033,314.75,5.0,2015-05-06
Karnataka,Yadgir,Acute Diarrhoeal Disease,2017,47,25.0,0.0,16.7469536,77.1327594,0.02984346,305.59000000000003,,2017-11-24
Karnataka,Yadgir,Acute Diarrhoeal Disease,2018,10,23.0,0.0,16.7469536,77.1327594,6.24e-05,312.64,,2018-03-06
Karnataka,Yadgir,Acute Diarrhoeal Disease,2020,8,13.0,0.0,16.7469536,77.1327594,0.001953100681,308.4233334,,2020-02-18
Karnataka,Yadgir,Chikungunya,2017,7,10.0,0.0,16.7469536,77.1327594,4.43e-05,308.056,7.0,2017-02-16
Karnataka,Yadgir,Chikungunya,2019,11,20.0,0.0,16.7469536,77.1327594,0.0001087863941,316.9133334,,2019-03-14
Karnataka,Yadgir,Chikungunya,2019,38,9.0,0.0,16.7469536,77.1327594,0.4594371424,300.7733334,,2019-09-22
Karnataka,Yadgir,Chikungunya,2019,42,48.0,0.0,16.7469536,77.1327594,0.3777391155,302.385,,2019-10-16
Kerala,Alappuzha,Acute Diarrhoeal Disease,2012,6,23.0,0.0,9.5006651,76.41241429,0.01407752493,302.78000000000003,,2012-02-09
Kerala,Alappuzha,Acute Diarrhoeal Disease,2012,17,12.0,0.0,9.5006651,76.41241429,0.4179458287,302.476,15.0,2012-04-24
Kerala,Alappuzha,Acute Diarrhoeal Disease,2013,19,10.0,0.0,9.5006651,76.41241429,0.4616282498,301.16,10.0,2013-05-10
Kerala,Alappuzha,Acute Diarrhoeal Disease,2019,27,94.0,0.0,9.5006651,76.41241429,0.5964717478,298.86,21.0,2019-07-05
Kerala,Alappuzha,Acute Diarrhoeal Disease,2022,21,9.0,0.0,9.5006651,76.41241429,0.8318191286,299.235,24.0,2022-05-27
Kerala,Alappuzha,Dengue,2013,14,16.0,0.0,9.5006651,76.41241429,0.0834816022,303.8466666,21.0,2013-04-04
Kerala,Alappuzha,Dengue,2016,15,10.0,0.0,9.5006651,76.41241429,0.1614527834,302.692,25.0,2016-04-16
Kerala,Alappuzha,Dengue,2016,49,12.0,0.0,9.5006651,76.41241429,0.3212249717,302.2,34.0,2016-12-07
Kerala,Alappuzha,Dengue,2017,22,8.0,0.0,9.5006651,76.41241429,1.965705483,304.16,,2017-06-02
Kerala,Alappuzha,Dengue,2022,20,7.0,0.0,9.5006651,76.41241429,1.823726827,,,2022-05-17
Kerala,Cannanore (Kannur),Dengue,2018,13,41.0,1.0,11.8763836,75.3737973,,303.932,23.0,2018-04-01
Kerala,Ernakulam,Acute Diarrhoeal Disease,2014,17,15.0,0.0,9.98408,76.2741457,0.2809742984,303.188,,2014-04-22
Kerala,Ernakulam,Acute Diarrhoeal Disease,2015,17,156.0,0.0,9.98408,76.2741457,0.6876976766,303.5666666,,2015-04-23
Kerala,Ernakulam,Acute Diarrhoeal Disease,2015,25,156.0,0.0,9.98408,76.2741457,1.07748408,299.0866666,29.0,2015-06-15
Kerala,Ernakulam,Acute Diarrhoeal Disease,2015,45,260.0,0.0,9.98408,76.2741457,1.486673325,304.1666666,21.0,2015-11-02
Kerala,Ernakulam,Acute Diarrhoeal Disease,2015,50,86.0,0.0,9.98408,76.2741457,0.7278130862,298.44,,2015-12-10
Kerala,Ernakulam,Acute Diarrhoeal Disease,2015,53,15.0,0.0,9.98408,76.2741457,0.01676550549,302.86,35.0,2015-12-28
Kerala,Ernakulam,Acute Diarrhoeal Disease,2016,41,17.0,0.0,9.98408,76.2741457,0.169403714,301.752,24.0,2016-10-13
Kerala,Ernakulam,Acute Diarrhoeal Disease,2016,49,17.0,0.0,9.98408,76.2741457,0.3212249717,302.2,34.0,2016-12-07
Kerala,Ernakulam,Acute Diarrhoeal Disease,2017,13,35.0,0.0,9.98408,76.2741457,0.08204447611,305.69,31.0,2017-03-27
Kerala,Ernakulam,Acute Diarrhoeal Disease,2018,20,37.0,0.0,9.98408,76.2741457,1.084642045,302.29,30.0,2018-05-15
Kerala,Ernakulam,Acute Diarrhoeal Disease,2020,53,92.0,0.0,9.98408,76.2741457,0.1837852273,302.30400000000003,34.0,2021-01-01
Kerala,Ernakulam,Acute Diarrhoeal Disease,2021,4,23.0,0.0,9.98408,76.2741457,0.2918351825,301.948,,2021-01-25
Kerala,Ernakulam,Acute Diarrhoeal Disease,2021,8,26.0,0.0,9.98408,76.2741457,0.077130138,303.536,37.0,2021-02-24
Kerala,Ernakulam,Acute Diarrhoeal Disease,2021,10,37.0,0.0,9.98408,76.2741457,0.02291590332,306.5766666,35.0,2021-03-09
Kerala,Ernakulam,Acute Diarrhoeal Disease,2021,12,19.0,0.0,9.98408,76.2741457,0.1058280007,305.15000000000003,25.0,2021-03-28
Kerala,Ernakulam,Acute Diarrhoeal Disease,2021,14,50.0,0.0,9.98408,76.2741457,0.3541519613,303.65000000000003,27.0,2021-04-05
Kerala,Ernakulam,Acute Diarrhoeal Disease,2021,43,61.0,0.0,9.98408,76.2741457,1.379797856,301.78000000000003,32.0,2021-10-29
Kerala,Ernakulam,Acute Diarrhoeal Disease,2021,49,15.0,0.0,9.98408,76.2741457,0.2237515044,302.7733334,33.0,2021-12-09
Kerala,Ernakulam,Acute Diarrhoeal Disease,2021,50,24.0,0.0,9.98408,76.2741457,0.1160072524,303.1666666,34.0,2021-12-15
Kerala,Ernakulam,Acute Diarrhoeal Disease,2021,51,14.0,0.0,9.98408,76.2741457,0.04125608103,303.028,33.0,2021-12-24
Kerala,Ernakulam,Acute Diarrhoeal Disease,2022,8,21.0,0.0,9.98408,76.2741457,0.05127556617,302.8933334,40.0,2022-02-24
Kerala,Ernakulam,Acute Diarrhoeal Disease,2022,10,16.0,0.0,9.98408,76.2741457,0.04311431044,303.712,38.0,2022-03-11
Kerala,Ernakulam,Acute Diarrhoeal Disease,2022,12,21.0,0.0,9.98408,76.2741457,0.2802161895,302.56,,2022-03-21
Kerala,Ernakulam,Acute Diarrhoeal Disease,2022,19,65.0,0.0,9.98408,76.2741457,0.5794966868,300.8066666,,2022-05-09
Kerala,Ernakulam,Chikungunya,2014,33,32.0,0.0,9.98408,76.2741457,1.421237601,,22.0,2014-08-14
Kerala,Ernakulam,Dengue,2010,10,9.0,0.0,9.98408,76.2741457,0.06360179315,304.98,,2010-03-14
Kerala,Ernakulam,Dengue,2011,26,3.0,0.0,9.98408,76.2741457,0.8872893945,298.85,20.0,2011-06-28
Kerala,Ernakulam,Dengue,2015,13,18.0,0.0,9.98408,76.2741457,0.02981573457,304.24,34.0,2015-03-26
Kerala,Ernakulam,Dengue,2015,20,14.0,0.0,9.98408,76.2741457,1.663088349,,10.0,2015-05-15
Kerala,Ernakulam,Dengue,2015,25,18.0,0.0,9.98408,76.2741457,1.160995496,301.65000000000003,29.0,2015-06-16
Kerala,Ernakulam,Dengue,2015,27,25.0,0.0,9.98408,76.2741457,1.156979423,297.825,28.0,2015-06-29
Kerala,Ernakulam,Dengue,2016,8,16.0,0.0,9.98408,76.2741457,0.01937690434,305.16,,2016-02-23
Kerala,Ernakulam,Dengue,2016,10,22.0,0.0,9.98408,76.2741457,0.02103839556,305.42400000000004,35.0,2016-03-09
Kerala,Ernakulam,Dengue,2016,15,9.0,0.0,9.98408,76.2741457,0.1579748023,302.46,25.0,2016-04-15
Kerala,Ernakulam,Dengue,2016,16,16.0,0.0,9.98408,76.2741457,0.2366578877,302.41,,2016-04-22
Kerala,Ernakulam,Dengue,2016,20,12.0,0.0,9.98408,76.2741457,1.335778127,,19.0,2016-05-20
Kerala,Ernakulam,Dengue,2016,21,9.0,0.0,9.98408,76.2741457,1.151594675,304.90000000000003,,2016-05-23
Kerala,Ernakulam,Dengue,2016,26,12.0,0.0,9.98408,76.2741457,1.340526498,296.1,10.0,2016-06-29
Kerala,Ernakulam,Dengue,2016,28,13.0,0.0,9.98408,76.2741457,1.277379741,299.74,,2016-07-11
Kerala,Ernakulam,Dengue,2016,35,16.0,0.0,9.98408,76.2741457,0.8247312321,299.28000000000003,11.0,2016-09-01
Kerala,Ernakulam,Dengue,2016,39,23.0,0.0,9.98408,76.2741457,0.390584311,301.40000000000003,22.0,2016-09-26
Kerala,Ernakulam,Dengue,2016,49,16.0,0.0,9.98408,76.2741457,0.3212249717,302.2,34.0,2016-12-07
Kerala,Ernakulam,Dengue,2017,13,56.0,0.0,9.98408,76.2741457,0.07724237517,304.17,,2017-03-30
Kerala,Ernakulam,Dengue,2017,21,14.0,0.0,9.98408,76.2741457,0.9568227508,303.44,15.0,2017-05-22
Kerala,Ernakulam,Dengue,2018,15,37.0,0.0,9.98408,76.2741457,0.2008377022,303.78400000000005,24.0,2018-04-10
Kerala,Ernakulam,Dengue,2018,21,39.0,0.0,9.98408,76.2741457,0.8807866026,,10.0,2018-05-23
Kerala,Ernakulam,Dengue,2019,18,30.0,0.0,9.98408,76.2741457,0.3952323391,303.46,,2019-05-01
Kerala,Ernakulam,Dengue,2019,21,36.0,0.0,9.98408,76.2741457,0.4539858576,303.21,20.0,2019-05-21
Kerala,Ernakulam,Dengue,2019,25,24.0,0.0,9.98408,76.2741457,1.353752104,302.1,13.0,2019-06-23
Kerala,Ernakulam,Dengue,2019,34,15.0,0.0,9.98408,76.2741457,1.541419047,298.74,6.0,2019-08-19
Kerala,Ernakulam,Dengue,2019,42,18.0,0.0,9.98408,76.2741457,0.6994130118,302.855,31.0,2019-10-14
Kerala,Ernakulam,Dengue,2019,44,17.0,0.0,9.98408,76.2741457,0.8733692722,303.4133334,36.0,2019-11-03
Kerala,Ernakulam,Dengue,2020,14,17.0,0.0,9.98408,76.2741457,0.03963364102,305.22,29.0,2020-04-03
Kerala,Ernakulam,Dengue,2020,16,43.0,0.0,9.98408,76.2741457,0.2505937443,304.884,,2020-04-13
Kerala,Ernakulam,Dengue,2020,22,20.0,0.0,9.98408,76.2741457,0.5217521455,301.58,25.0,2020-05-27
Kerala,Ernakulam,Dengue,2021,18,24.0,1.0,9.98408,76.2741457,0.6079043601,304.5,28.0,2021-05-05
Kerala,Ernakulam,Dengue,2022,13,16.0,0.0,9.98408,76.2741457,0.2976702684,303.396,30.0,2022-03-28
Kerala,Ernakulam,Dengue,2022,16,69.0,0.0,9.98408,76.2741457,0.3389977729,302.5733334,26.0,2022-04-24
Kerala,Idukki,Acute Diarrhoeal Disease,2010,12,20.0,0.0,9.8497872,76.9797914,0.2618764544,303.7966666,44.0,2010-03-28
Kerala,Idukki,Acute Diarrhoeal Disease,2018,17,25.0,1.0,9.8497872,76.9797914,0.3526171693,302.2333334,,2018-04-23
Kerala,Idukki,Chikungunya,2019,27,10.0,0.0,9.8497872,76.9797914,0.7307986165,299.31,20.0,2019-07-05
Kerala,Idukki,Cholera,2012,4,4.0,0.0,9.8497872,76.9797914,0.02851955237,300.80400000000003,,2012-01-24
Kerala,Idukki,Dengue,2010,19,10.0,0.0,9.8497872,76.9797914,0.7124163658,300.36,36.0,2010-05-14
Kerala,Idukki,Dengue,2013,8,27.0,0.0,9.8497872,76.9797914,0.4091474477,302.504,48.0,2013-02-22
Kerala,Idukki,Dengue,2013,9,11.0,0.0,9.8497872,76.9797914,0.00692104047,306.37,46.0,2013-03-03
Kerala,Idukki,Dengue,2013,11,22.0,0.0,9.8497872,76.9797914,0.3592791142,303.584,49.0,2013-03-16
Kerala,Idukki,Dengue,2013,14,15.0,0.0,9.8497872,76.9797914,0.1608826753,302.49333340000004,,2013-04-06
Kerala,Idukki,Dengue,2015,14,16.0,0.0,9.8497872,76.9797914,0.3146914144,303.79,42.0,2015-04-02
Kerala,Idukki,Dengue,2015,20,11.0,0.0,9.8497872,76.9797914,1.219305999,,,2015-05-16
Kerala,Idukki,Dengue,2016,6,14.0,0.0,9.8497872,76.9797914,0.1501876818,301.36,50.0,2016-02-12
Kerala,Idukki,Dengue,2016,20,29.0,0.0,9.8497872,76.9797914,0.9974525153,300.26,34.0,2016-05-19
Kerala,Idukki,Dengue,2019,20,15.0,0.0,9.8497872,76.9797914,1.130569641,300.43,38.0,2019-05-18
Kerala,Kannur,Acute Diarrhoeal Disease,2020,50,16.0,0.0,11.8763836,75.3737973,,303.365,,2020-12-09
Kerala,Kannur,Chikungunya,2009,24,14.0,0.0,11.8763836,75.3737973,,301.2466666,,2009-06-10
Kerala,Kannur,Chikungunya,2010,21,103.0,0.0,11.8763836,75.3737973,,301.3933334,,2010-05-25
Kerala,Kannur,Dengue,2015,13,41.0,0.0,11.8763836,75.3737973,,305.26,28.0,2015-03-28
Kerala,Kannur,Dengue,2017,15,53.0,0.0,11.8763836,75.3737973,,303.92,22.0,2017-04-10
Kerala,Kannur,Dengue,2018,18,32.0,0.0,11.8763836,75.3737973,,302.63,,2018-04-30
Kerala,Kannur,Dengue,2019,18,20.0,0.0,11.8763836,75.3737973,,306.6,,2019-04-30
Kerala,Kannur,Dengue,2020,23,174.0,2.0,11.8763836,75.3737973,,301.96,8.0,2020-06-03
Kerala,Kannur,Dengue,2020,24,94.0,2.0,11.8763836,75.3737973,,301.16,,2020-06-08
Kerala,Kannur,Dengue,2020,27,35.0,0.0,11.8763836,75.3737973,,299.12,,2020-07-03
Kerala,Kannur,Dengue,2021,17,32.0,0.0,11.8763836,75.3737973,,301.71500000000003,26.0,2021-05-02
Kerala,Kannur,Malaria,2019,24,3.0,0.0,11.8763836,75.3737973,,304.0666666,,2019-06-10
Kerala,Kasaragod,Acute Diarrhoeal Disease,2016,30,75.0,0.0,12.5035577,74.9907022,1.698260094,304.7,,2016-07-27
Kerala,Kasaragod,Acute Diarrhoeal Disease,2018,12,53.0,0.0,12.5035577,74.9907022,0.08893042082,303.68333340000004,48.0,2018-03-25
Kerala,Kasaragod,Acute Diarrhoeal Disease,2018,52,49.0,0.0,12.5035577,74.9907022,0.06508428612,301.172,,2018-12-26
Kerala,Kasaragod,Dengue,2015,23,33.0,1.0,12.5035577,74.9907022,0.5665897706,298.02,,2015-06-01
Kerala,Kasaragod,Dengue,2018,19,11.0,1.0,12.5035577,74.9907022,0.6504201472,301.4733334,32.0,2018-05-12
Kerala,Kasaragod,Dengue,2018,22,17.0,0.0,12.5035577,74.9907022,3.28036651,300.3,,2018-06-01
Kerala,Kasaragod,Dengue,2019,25,19.0,0.0,12.5035577,74.9907022,1.897344269,301.5,,2019-06-17
Kerala,Kasaragod,Dengue,2020,19,44.0,0.0,12.5035577,74.9907022,0.1237147272,298.84000000000003,,2020-05-07
Kerala,Kasaragod,Dengue,2021,19,51.0,0.0,12.5035577,74.9907022,0.5826390959,301.27,14.0,2021-05-12
Kerala,Kasaragod,Malaria,2019,26,5.0,0.0,12.5035577,74.9907022,2.082263409,297.90000000000003,19.0,2019-06-28
Kerala,Kasaragod,Malaria,2020,5,5.0,0.0,12.5035577,74.9907022,0.01159277929,302.0833334,34.0,2020-01-29
Kerala,Kollam,Acute Diarrhoeal Disease,2013,18,15.0,0.0,8.8879509,76.5955013,0.3476455499,304.73,7.0,2013-05-02
Kerala,Kollam,Acute Diarrhoeal Disease,2015,52,12.0,0.0,8.8879509,76.5955013,0.2681846765,302.47,21.0,2015-12-24
Kerala,Kollam,Acute Diarrhoeal Disease,2015,53,66.0,0.0,8.8879509,76.5955013,0.003199777065,302.452,28.0,2015-12-31
Kerala,Kollam,Acute Diarrhoeal Disease,2022,16,61.0,0.0,8.8879509,76.5955013,0.3409555758,302.42,13.0,2022-04-24
Kerala,Kollam,Acute Diarrhoeal Disease,2022,17,63.0,0.0,8.8879509,76.5955013,0.3002021842,301.72,13.0,2022-04-29
Kerala,Kollam,Dengue,2012,24,26.0,2.0,8.8879509,76.5955013,0.4308742201,300.92,13.0,2012-06-13
Kerala,Kollam,Dengue,2013,9,20.0,0.0,8.8879509,76.5955013,0.01439876941,304.73,33.0,2013-03-03
Kerala,Kollam,Dengue,2013,24,15.0,0.0,8.8879509,76.5955013,1.473708033,,8.0,2013-06-11
Kerala,Kollam,Dengue,2016,18,24.0,0.0,8.8879509,76.5955013,0.1499878501,303.94500000000005,20.0,2016-05-02
Kerala,Kollam,Dengue,2016,23,119.0,0.0,8.8879509,76.5955013,1.492939397,302.36,,2016-06-09
Kerala,Kollam,Dengue,2017,14,30.0,0.0,8.8879509,76.5955013,0.2980428675,302.704,,2017-04-06
Kerala,Kollam,Dengue,2017,18,72.0,0.0,8.8879509,76.5955013,0.24545872045,304.174,23.0,2017-05-01
Kerala,Kollam,Dengue,2020,19,13.0,1.0,8.8879509,76.5955013,0.511848352,303.7,18.0,2020-05-09
Kerala,Kollam,Dengue,2021,23,22.0,0.0,8.8879509,76.5955013,1.052681601,299.96,21.0,2021-06-07
Kerala,Kollam,Malaria,2016,4,5.0,0.0,8.8879509,76.5955013,0.0213646781,301.92400000000004,46.0,2016-01-30
Kerala,Kottayam,Acute Diarrhoeal Disease,2009,37,18.0,0.0,9.6287383,76.64553257,1.30666739,300.61,23.0,2009-09-11
Kerala,Kottayam,Acute Diarrhoeal Disease,2010,16,25.0,0.0,9.6287383,76.64553257,0.4757241263,302.648,31.0,2010-04-20
Kerala,Kottayam,Acute Diarrhoeal Disease,2018,44,24.0,0.0,9.6287383,76.64553257,0.1175007872,303.068,,2018-11-01
Kerala,Kottayam,Dengue,2010,14,197.0,6.0,9.6287383,76.64553257,0.6537017864,304.4866666,32.0,2010-04-09
Kerala,Kottayam,Dengue,2010,17,26.0,0.0,9.6287383,76.64553257,0.5871746265,303.7,34.0,2010-04-26
Kerala,Kottayam,Dengue,2010,18,8.0,0.0,9.6287383,76.64553257,0.5751514704,306.156,32.0,2010-05-03
Kerala,Kottayam,Dengue,2011,18,3.0,0.0,9.6287383,76.64553257,0.8308098035,300.3666666,15.0,2011-05-06
Kerala,Kottayam,Dengue,2011,25,3.0,0.0,9.6287383,76.64553257,0.4907402117,299.57,,2011-06-25
Kerala,Kottayam,Dengue,2014,12,13.0,0.0,9.6287383,76.64553257,0.004219194732,308.156,30.0,2014-03-17
Kerala,Kottayam,Dengue,2015,13,47.0,0.0,9.6287383,76.64553257,0.02981573457,304.24,34.0,2015-03-26
Kerala,Kottayam,Dengue,2021,10,19.0,0.0,9.6287383,76.64553257,0.04293383034,306.34000000000003,35.0,2021-03-10
Kerala,Kozhikode,Acute Diarrhoeal Disease,2010,6,13.0,0.0,11.2450558,75.7754716,0.0001400088107,,,2010-02-12
Kerala,Kozhikode,Acute Diarrhoeal Disease,2012,7,17.0,0.0,11.2450558,75.7754716,0.06874044258,,,2012-02-14
Kerala,Kozhikode,Acute Diarrhoeal Disease,2022,18,100.0,0.0,11.2450558,75.7754716,0.595196898,,,2022-05-08
Kerala,Kozhikode,Acute Diarrhoeal Disease,2022,21,42.0,0.0,11.2450558,75.7754716,2.568560169,,,2022-05-24
Kerala,Kozhikode,Chikungunya,2009,31,41.0,0.0,11.2450558,75.7754716,0.4191226556,,,2009-07-29
Kerala,Kozhikode,Cholera,2017,31,6.0,0.0,11.2450558,75.7754716,0.2666190138,,,2017-08-01
Kerala,Kozhikode,Cholera,2021,49,1.0,0.0,11.2450558,75.7754716,0.06338663021,,33.0,2021-12-08
Kerala,Kozhikode,Dengue,2015,17,11.0,0.0,11.2450558,75.7754716,0.3052894557,,,2015-04-21
Kerala,Kozhikode,Dengue,2015,19,48.0,1.0,11.2450558,75.7754716,0.2353115639,,,2015-05-04
Kerala,Kozhikode,Dengue,2016,16,22.0,0.0,11.2450558,75.7754716,0.05814592071,,,2016-04-20
Kerala,Kozhikode,Dengue,2016,20,16.0,0.0,11.2450558,75.7754716,0.8611298316,,,2016-05-19
Kerala,Kozhikode,Dengue,2017,9,40.0,0.0,11.2450558,75.7754716,0.009330689824,,,2017-03-02
Kerala,Kozhikode,Dengue,2017,12,65.0,0.0,11.2450558,75.7754716,0.176400478,,,2017-03-20
Kerala,Kozhikode,Dengue,2017,14,32.0,0.0,11.2450558,75.7754716,0.1561128919,,,2017-04-06
Kerala,Kozhikode,Dengue,2017,21,65.0,0.0,11.2450558,75.7754716,0.4024733048,,,2017-05-24
Kerala,Kozhikode,Dengue,2018,24,37.0,0.0,11.2450558,75.7754716,2.122187999,,,2018-06-15
Kerala,Kozhikode,Dengue,2019,15,23.0,0.0,11.2450558,75.7754716,0.1308184066,,,2019-04-12
Kerala,Kozhikode,Dengue,2019,16,20.0,0.0,11.2450558,75.7754716,0.2989464323,,,2019-04-20
Kerala,Kozhikode,Dengue,2019,49,25.0,0.0,11.2450558,75.7754716,0.7639986811,,34.0,2019-12-05
Kerala,Kozhikode,Dengue,2020,4,30.0,0.0,11.2450558,75.7754716,0.002652047895,,31.0,2020-01-20
Kerala,Kozhikode,Dengue,2020,22,33.0,0.0,11.2450558,75.7754716,0.4320908522,,,2020-05-30
Kerala,Kozhikode,Dengue,2021,14,43.0,0.0,11.2450558,75.7754716,0.1248424286,,,2021-04-10
Kerala,Kozhikode,Dengue,2021,18,64.0,0.0,11.2450558,75.7754716,0.5271077054,,,2021-05-05
Kerala,Kozhikode,Dengue,2021,19,64.0,0.0,11.2450558,75.7754716,0.3779355478,,,2021-05-11
Kerala,Kozhikode,Dengue,2021,20,24.0,0.0,11.2450558,75.7754716,3.641437897,,,2021-05-20
Kerala,Kozhikode,Malaria,2015,46,12.0,0.0,11.2450558,75.7754716,0.3749719226,,13.0,2015-11-11
Kerala,Malappuram,Acute Diarrhoeal Disease,2010,19,28.0,0.0,10.82220375,76.46703714,0.9784548929,302.90000000000003,20.0,2010-05-13
Kerala,Malappuram,Chikungunya,2009,32,349.0,0.0,10.96452425,76.28849611999999,0.4440940566,298.97,16.0,2009-08-03
Kerala,Malappuram,Cholera,2016,27,14.0,2.0,11.10684475,76.1099551,1.190482969,,,2016-07-10
Kerala,Malappuram,Dengue,2015,9,20.0,0.0,11.10684475,76.1099551,0.003702936163,306.01,21.0,2015-02-27
Kerala,Malappuram,Dengue,2015,18,17.0,0.0,11.10684475,76.1099551,1.008540852,303.27500000000003,29.0,2015-04-28
Kerala,Malappuram,Dengue,2015,21,15.0,1.0,11.10684475,76.1099551,2.92197665,300.92,18.0,2015-05-19
Kerala,Malappuram,Dengue,2015,50,13.0,0.0,11.10684475,76.1099551,0.2690884813,297.81333340000003,,2015-12-10
Kerala,Malappuram,Dengue,2016,8,14.0,0.0,11.10684475,76.1099551,0.006801565888,306.08,,2016-02-22
Kerala,Malappuram,Dengue,2016,20,16.0,0.0,11.10684475,76.1099551,0.8427010245,301.42,21.0,2016-05-19
Kerala,Malappuram,Dengue,2016,22,50.0,0.0,11.10684475,76.1099551,1.18092678,304.255,,2016-06-01
Kerala,Malappuram,Dengue,2017,11,111.0,0.0,11.10684475,76.1099551,0.3129664297,304.43,,2017-03-14
Kerala,Malappuram,Dengue,2017,17,64.0,0.0,11.10684475,76.1099551,0.8016727413,306.2966666,22.0,2017-04-24
Kerala,Malappuram,Dengue,2017,18,79.0,1.0,11.10684475,76.1099551,0.6657383103,307.25,25.0,2017-05-04
Kerala,Malappuram,Dengue,2018,17,39.0,0.0,11.10684475,76.1099551,1.045423093,305.12,25.0,2018-04-26
Kerala,Malappuram,Dengue,2018,40,50.0,0.0,11.10684475,76.1099551,1.514968198,300.62,20.0,2018-10-04
Kerala,Malappuram,Dengue,2021,9,37.0,0.0,11.10684475,76.1099551,0.2116405502,305.488,25.0,2021-03-03
Kerala,Malappuram,Dengue,2021,20,20.0,0.0,11.10684475,76.1099551,2.625326529,,,2021-05-17
Kerala,Malappuram,Malaria,2010,31,9.0,0.0,11.10684475,76.1099551,0.969344964,300.2,,2010-08-04
Kerala,Palakkad,Acute Diarrhoeal Disease,2011,48,10.0,0.0,10.78789845,76.47408711,0.7693924512,300.11,10.0,2011-11-30
Kerala,Palakkad,Acute Diarrhoeal Disease,2022,21,29.0,0.0,10.78789845,76.47408711,1.851591895,296.47,10.0,2022-05-23
Kerala,Palakkad,Cholera,2011,27,2.0,0.0,10.78789845,76.47408711,0.5278793096,299.384,18.0,2011-07-05
Kerala,Palakkad,Cholera,2014,45,2.0,0.0,10.78789845,76.47408711,0.8608148946,298.4533334,18.0,2014-11-05
Kerala,Palakkad,Cholera,2016,26,58.0,3.0,10.78789845,76.47408711,0.9950994206,295.21,,2016-07-03
Kerala,Palakkad,Cholera,2016,27,102.0,0.0,10.78789845,76.47408711,0.6394952945,295.21,4.0,2016-07-05
Kerala,Palakkad,Dengue,2013,12,64.0,0.0,10.78789845,76.47408711,0.3955894326,307.5466666,21.0,2013-03-23
Kerala,Palakkad,Dengue,2013,26,34.0,0.0,10.78789845,76.47408711,2.065251683,,4.0,2013-06-24
Kerala,Palakkad,Dengue,2014,10,15.0,0.0,10.78789845,76.47408711,0.1837255224,302.62,22.0,2014-03-09
Kerala,Palakkad,Dengue,2015,25,42.0,0.0,10.78789845,76.47408711,0.5920309337,297.3,6.0,2015-06-19
Kerala,Palakkad,Dengue,2015,27,34.0,0.0,10.78789845,76.47408711,0.9045933617,295.84000000000003,18.0,2015-06-30
Kerala,Palakkad,Dengue,2015,40,10.0,0.0,10.78789845,76.47408711,1.222213381,300.445,20.0,2015-10-04
Kerala,Palakkad,Dengue,2016,1,25.0,1.0,10.78789845,76.47408711,5.66e-05,301.824,31.0,2016-01-04
Kerala,Palakkad,Dengue,2017,13,99.0,4.0,10.78789845,76.47408711,0.08788491187,308.372,24.0,2017-04-01
Kerala,Palakkad,Dengue,2017,22,993.0,7.0,10.78789845,76.47408711,0.6551171401,304.315,14.0,2017-05-30
Kerala,Palakkad,Dengue,2020,15,12.0,0.0,10.78789845,76.47408711,0.4110630692,305.49,23.0,2020-04-10
Kerala,Palakkad,Dengue,2021,13,7.0,0.0,10.78789845,76.47408711,0.6474464086,305.312,22.0,2021-04-01
Kerala,Palakkad,Dengue,2021,20,8.0,0.0,10.78789845,76.47408711,2.608608357,300.12,24.0,2021-05-19
Kerala,Palakkad,Dengue,2021,21,16.0,0.0,10.78789845,76.47408711,1.051908116,301.21500000000003,,2021-05-24
Kerala,Palakkad,Dengue,2021,23,28.0,0.0,10.78789845,76.47408711,0.5658371089,302.62466670000003,8.0,2021-06-10
Kerala,Palakkad,Dengue,2022,12,18.0,0.0,10.78789845,76.47408711,0.2079999161,305.46,23.0,2022-03-26
Kerala,Palakkad,Dengue,2022,18,18.0,0.0,10.78789845,76.47408711,0.7507618224,302.5066666,11.0,2022-05-03
Kerala,Pathanamthitta,Acute Diarrhoeal Disease,2019,7,6.0,0.0,9.2780841,76.9737443,0.2312094282,302.02500000000003,32.0,2019-02-13
Kerala,Pathanamthitta,Acute Diarrhoeal Disease,2019,49,10.0,0.0,9.2780841,76.9737443,0.6304841581,299.11,36.0,2019-12-05
Kerala,Pathanamthitta,Acute Diarrhoeal Disease,2020,7,12.0,0.0,9.2780841,76.9737443,0.04280886152,302.305,33.0,2020-02-11
Kerala,Pathanamthitta,Cholera,2017,29,4.0,1.0,9.2780841,76.9737443,0.4166274169,298.85,,2017-07-20
Kerala,Pathanamthitta,Dengue,2010,22,7.0,0.0,9.2780841,76.9737443,0.5190299173,305.88,26.0,2010-06-05
Kerala,Pathanamthitta,Dengue,2012,19,10.0,1.0,9.2780841,76.9737443,0.7194546851,302.672,35.0,2012-05-11
Kerala,Pathanamthitta,Dengue,2012,23,10.0,1.0,9.2780841,76.9737443,0.5750328376,305.34000000000003,26.0,2012-06-06
Kerala,Pathanamthitta,Dengue,2015,17,10.0,0.0,9.2780841,76.9737443,0.4929908649,302.505,33.0,2015-04-21
Kerala,Pathanamthitta,Dengue,2016,14,15.0,0.0,9.2780841,76.9737443,1.006062247,304.696,34.0,2016-04-08
Kerala,Pathanamthitta,Dengue,2016,17,13.0,0.0,9.2780841,76.9737443,0.2600934508,303.54400000000004,37.0,2016-04-26
Kerala,Pathanamthitta,Dengue,2016,22,15.0,1.0,9.2780841,76.9737443,0.6815547546,306.2066666,,2016-05-31
Kerala,Pathanamthitta,Dengue,2018,19,38.0,0.0,9.2780841,76.9737443,0.9166189303,300.22,26.0,2018-05-07
Kerala,Pathanamthitta,Dengue,2020,14,18.0,0.0,9.2780841,76.9737443,0.05433800572,306.66400000000004,37.0,2020-04-03
Kerala,Pathanamthitta,Malaria,2019,11,3.0,0.0,9.2780841,76.9737443,0.1896526638,302.53200000000004,,2019-03-14
Kerala,Thiruvananthapuram,Acute Diarrhoeal Disease,2017,40,86.0,0.0,8.4882267,76.947551,0.5510816935,303.585,28.0,2017-10-04
Kerala,Thiruvananthapuram,Acute Diarrhoeal Disease,2017,41,86.0,0.0,8.4882267,76.947551,0.4336926811,300.64,35.0,2017-10-09
Kerala,Thiruvananthapuram,Acute Diarrhoeal Disease,2022,18,10.0,0.0,8.4882267,76.947551,0.2774664184,301.6866666,45.0,2022-05-04
Kerala,Thiruvananthapuram,Acute Diarrhoeal Disease,2022,21,11.0,0.0,8.4882267,76.947551,0.7205429192,300.48,32.0,2022-05-26
Kerala,Thiruvananthapuram,Acute Diarrhoeal Disease,2022,23,9.0,0.0,8.4882267,76.947551,0.3557420819,300.896,25.0,2022-06-07
Kerala,Thiruvananthapuram,Chikungunya,2021,24,16.0,0.0,8.4882267,76.947551,0.7189253545,299.4133334,23.0,2021-06-15
Kerala,Thiruvananthapuram,Dengue,2016,44,7.0,0.0,8.4882267,76.947551,0.8412459293,301.95,39.0,2016-11-05
Kerala,Thiruvananthapuram,Dengue,2022,11,8.0,0.0,8.4882267,76.947551,0.07619242379,305.112,38.0,2022-03-16
Kerala,Thiruvananthapuram,Dengue,2022,19,7.0,0.0,8.4882267,76.947551,0.3247661756,302.87,12.0,2022-05-13
Kerala,Thiruvananthapuram,Malaria,2010,14,37.0,0.0,8.4882267,76.947551,0.8458228073,303.708,,2010-04-06
Kerala,Thiruvananthapuram,Malaria,2015,30,41.0,0.0,8.4882267,76.947551,1.117371798,307.86,26.0,2015-07-21
Kerala,Thrissur,Acute Diarrhoeal Disease,2021,45,57.0,0.0,10.5256264,76.2132542,0.8646689815,297.58,,2021-11-08
Kerala,Thrissur,Acute Diarrhoeal Disease,2021,47,20.0,0.0,10.5256264,76.2132542,0.5385240099,301.2933334,26.0,2021-11-26
Kerala,Thrissur,Acute Diarrhoeal Disease,2022,13,7.0,0.0,10.5256264,76.2132542,0.6296586828,302.385,,2022-03-30
Kerala,Thrissur,Chikungunya,2018,11,30.0,0.0,10.5256264,76.2132542,0.01381820318,304.824,,2018-03-13
Kerala,Thrissur,Dengue,2017,14,44.0,0.0,10.5256264,76.2132542,0.1867733102,303.008,29.0,2017-04-03
Kerala,Thrissur,Dengue,2017,19,11.0,0.0,10.5256264,76.2132542,0.598148184,302.8266666,29.0,2017-05-12
Kerala,Thrissur,Dengue,2018,15,9.0,0.0,10.5256264,76.2132542,0.3101793397,303.52,32.0,2018-04-13
Kerala,Trivandrum,Acute Diarrhoeal Disease,2018,1,21.0,0.0,8.4882267,76.947551,0.01226121184,300.78400000000005,40.0,2018-01-03
Kerala,Trivandrum,Acute Diarrhoeal Disease,2018,3,112.0,0.0,8.4882267,76.947551,0.03090568986,298.764,37.0,2018-01-18
Kerala,Trivandrum,Acute Diarrhoeal Disease,2022,7,5.0,0.0,8.4882267,76.947551,0.348763274,302.955,37.0,2022-02-14
Kerala,Trivandrum,Acute Diarrhoeal Disease,2022,16,6.0,0.0,8.4882267,76.947551,0.7656736237,302.245,40.0,2022-04-19
Kerala,Trivandrum,Chikungunya,2019,46,18.0,0.0,8.4882267,76.947551,0.612975951,300.988,37.0,2019-11-11
Kerala,Trivandrum,Chikungunya,2020,49,11.0,0.0,8.4882267,76.947551,0.473091389,300.76,31.0,2020-12-06
Kerala,Trivandrum,Chikungunya,2021,19,10.0,0.0,8.4882267,76.947551,1.219771472,300.26,9.0,2021-05-14
Kerala,Trivandrum,Dengue,2011,7,25.0,0.0,8.4882267,76.947551,0.005482273612,301.996,,2011-02-18
Kerala,Trivandrum,Dengue,2022,8,9.0,0.0,8.4882267,76.947551,0.09370353234,301.496,46.0,2022-02-22
Kerala,Trivandrum,Dengue & Chikungunya,2011,52,178.0,0.0,8.4882267,76.947551,0.01756768168,301.46500000000003,,2011-12-26
Kerala,Wayanad,Acute Diarrhoeal Disease,2010,36,13.0,0.0,11.715219,76.12690295,0.2522648532,297.64,9.0,2010-09-07
Kerala,Wayanad,Acute Diarrhoeal Disease,2011,39,18.0,0.0,11.715219,76.12690295,0.1529031283,299.585,28.0,2011-09-26
Kerala,Wayanad,Acute Diarrhoeal Disease,2011,40,12.0,0.0,11.715219,76.12690295,0.2615466939,302.075,,2011-10-07
Kerala,Wayanad,Acute Diarrhoeal Disease,2011,46,10.0,0.0,11.715219,76.12690295,0.0165509464,297.8066666,,2011-11-17
Kerala,Wayanad,Acute Diarrhoeal Disease,2012,6,10.0,0.0,11.715219,76.12690295,0.007765483685,303.3566666,38.0,2012-02-06
Kerala,Wayanad,Acute Diarrhoeal Disease,2012,16,29.0,2.0,11.715219,76.12690295,0.38761471706666667,306.036,19.0,2012-04-16
Kerala,Wayanad,Acute Diarrhoeal Disease,2012,18,10.0,1.0,11.715219,76.12690295,1.575551377,304.24,,2012-04-30
Kerala,Wayanad,Acute Diarrhoeal Disease,2013,7,21.0,0.0,11.715219,76.12690295,0.2146761336,304.92400000000004,13.0,2013-02-14
Kerala,Wayanad,Acute Diarrhoeal Disease,2013,19,13.0,0.0,11.715219,76.12690295,0.7511014026,305.192,13.0,2013-05-06
Kerala,Wayanad,Acute Diarrhoeal Disease,2013,26,118.0,0.0,11.715219,76.12690295,1.35392677,297.7,9.0,2013-06-27
Kerala,Wayanad,Acute Diarrhoeal Disease,2014,3,17.0,0.0,11.715219,76.12690295,0.03402712508,302.444,,2014-01-16
Kerala,Wayanad,Acute Diarrhoeal Disease,2014,41,28.0,0.0,11.715219,76.12690295,0.6581345425,299.752,,2014-10-07
Kerala,Wayanad,Acute Diarrhoeal Disease,2015,45,13.0,0.0,11.715219,76.12690295,1.830789432,298.86,35.0,2015-11-06
Kerala,Wayanad,Acute Diarrhoeal Disease,2016,42,16.0,0.0,11.715219,76.12690295,0.8947029178,302.825,28.0,2016-10-19
Kerala,Wayanad,Acute Diarrhoeal Disease,2017,5,11.0,0.0,11.715219,76.12690295,0.5860934901,300.645,33.0,2017-01-31
Kerala,Wayanad,Acute Diarrhoeal Disease,2017,42,12.0,0.0,11.715219,76.12690295,0.8702677311,295.96,30.0,2017-10-18
Kerala,Wayanad,Acute Diarrhoeal Disease,2017,48,12.0,0.0,11.715219,76.12690295,0.1162831625,298.95,31.0,2017-11-30
Kerala,Wayanad,Acute Diarrhoeal Disease,2018,13,30.0,0.0,11.715219,76.12690295,0.07328487022,307.30400000000003,,2018-03-29
Kerala,Wayanad,Acute Diarrhoeal Disease,2018,46,12.0,0.0,11.715219,76.12690295,0.04950499713,299.276,43.0,2018-11-14
Kerala,Wayanad,Acute Diarrhoeal Disease,2018,52,70.0,0.0,11.715219,76.12690295,0.2933887851,298.97,33.0,2018-12-24
Kerala,Wayanad,Acute Diarrhoeal Disease,2020,8,47.0,0.0,11.715219,76.12690295,0.00106720025,305.848,17.0,2020-02-21
Kerala,Wayanad,Acute Diarrhoeal Disease,2020,33,31.0,0.0,11.715219,76.12690295,3.115720094,,3.0,2020-08-10
Kerala,Wayanad,Acute Diarrhoeal Disease,2021,40,28.0,0.0,11.715219,76.12690295,1.26539098,299.79,15.0,2021-10-10
Kerala,Wayanad,Acute Diarrhoeal Disease,2022,19,22.0,0.0,11.715219,76.12690295,0.6217835649,301.55,6.0,2022-05-13
Kerala,Wayanad,Chikungunya,2010,26,13.0,0.0,11.715219,76.12690295,0.696739417,294.48,7.0,2010-07-01
Kerala,Wayanad,Cholera,2011,25,331.0,12.0,11.715219,76.12690295,0.7442965965333332,295.76,16.0,2011-06-20
Kerala,Wayanad,Cholera,2012,18,46.0,2.0,11.715219,76.12690295,1.1500892315666666,303.44,20.0,2012-05-03
Kerala,Wayanad,Cholera,2012,25,7.0,1.0,11.715219,76.12690295,1.259767462,,10.0,2012-06-23
Kerala,Wayanad,Cholera,2013,16,18.0,2.0,11.715219,76.12690295,0.4562315655,309.648,20.0,2013-04-19
Kerala,Wayanad,Cholera,2019,19,15.0,0.0,11.715219,76.12690295,0.2700844835,302.2666666,25.0,2019-05-06
Kerala,Wayanad,Dengue,2019,25,17.0,0.0,11.715219,76.12690295,0.5663232926,299.53200000000004,,2019-06-17
Kerala,Wayanad (Kalpetta),Acute Diarrhoeal Disease,2011,37,23.0,0.0,11.62614485,76.0888761,0.2998769143,298.68,11.0,2011-09-12
Lakshadweep,Kavaratti,Dengue,2015,52,11.0,0.0,10.55905,72.6365688,,,7.0,2015-12-21
Lakshadweep,Kavaratti Island,Dengue,2014,10,6.0,0.0,10.55905,72.6365688,,,9.0,2014-03-03
Lakshadweep,Kavaratti Island,Dengue,2014,27,48.0,0.0,10.55905,72.6365688,,,8.0,2014-06-30
Lakshadweep,Lakshadweep,Dengue,2014,26,14.0,0.0,10.8132489,73.68046209,,,13.0,2014-06-23
Lakshadweep,Lakshadweep,Dengue,2015,42,56.0,0.0,10.8132489,73.68046209,,,53.0,2015-10-12
Lakshadweep,Lakshadweep,Dengue,2015,52,15.0,0.0,10.8132489,73.68046209,,300.38,30.0,2015-12-21
Lakshadweep,Lakshadweep,Dengue,2016,45,5.0,0.0,10.8132489,73.68046209,,300.64,,2016-11-07
Lakshadweep,Minicoy,Dengue,2015,52,25.0,0.0,8.295235,73.06483943,,,56.0,2015-12-21
Madhya Pradesh,Agar Malwa,Acute Diarrhoeal Disease,2014,24,23.0,0.0,23.9342963,76.14523314,0.002868922076,319.9466666,3.0,2014-06-12
Madhya Pradesh,Agar Malwa,Acute Diarrhoeal Disease,2015,24,18.0,0.0,23.9342963,76.14523314,0.02695224412,320.9233334,3.0,2015-06-11
Madhya Pradesh,Agar Malwa,Acute Diarrhoeal Disease,2019,34,221.0,0.0,23.9342963,76.14523314,3.024033542,300.07,,2019-08-21
Madhya Pradesh,Alirajpur,Acute Diarrhoeal Disease,2016,25,12.0,1.0,22.28593955,74.35389643,0.3914854695,310.3,4.0,2016-06-26
Madhya Pradesh,Ashoknagar,Acute Diarrhoeal Disease,2010,22,19.0,0.0,24.576189,77.7302895,0.03357821764,318.3333334,2.0,2010-06-06
Madhya Pradesh,Ashoknagar,Acute Diarrhoeal Disease,2011,30,5.0,1.0,24.6185442,77.8788306,1.688110326,304.8,,2011-07-28
Madhya Pradesh,Ashoknagar,Acute Diarrhoeal Disease,2015,30,13.0,0.0,24.6185442,77.8788306,1.405021819,304.3,7.0,2015-07-25
Madhya Pradesh,Ashoknagar,Acute Diarrhoeal Disease,2016,26,16.0,0.0,24.6185442,77.8788306,0.5437420732,310.68,3.0,2016-07-01
Madhya Pradesh,Ashoknagar,Acute Diarrhoeal Disease,2016,30,26.0,0.0,24.6185442,77.8788306,0.797340148,,9.0,2016-07-28
Madhya Pradesh,Ashoknagar,Acute Diarrhoeal Disease,2019,36,19.0,0.0,24.6185442,77.8788306,0.6939747746,299.48,17.0,2019-09-04
Madhya Pradesh,Ashoknagar,Acute Diarrhoeal Disease,2019,42,22.0,0.0,24.6185442,77.8788306,0.0001052404516,305.8233334,9.0,2019-10-18
Madhya Pradesh,Ashoknagar,Acute Diarrhoeal Disease,2019,46,6.0,0.0,24.6185442,77.8788306,0.304420055,302.856,6.0,2019-11-13
Madhya Pradesh,Balaghat,Acute Diarrhoeal Disease,2015,18,45.0,0.0,21.966667,80.333333,0.008519770745,311.78000000000003,8.0,2015-05-03
Madhya Pradesh,Balaghat,Acute Diarrhoeal Disease,2015,32,53.0,0.0,21.966667,80.333333,2.292812581,302.46,17.0,2015-08-09
Madhya Pradesh,Balaghat,Acute Diarrhoeal Disease,2015,37,12.0,0.0,21.966667,80.333333,0.1891862946,300.54400000000004,28.0,2015-09-07
Madhya Pradesh,Balaghat,Acute Diarrhoeal Disease,2016,40,29.0,0.0,21.966667,80.333333,1.016702419,299.2933334,21.0,2016-10-03
Madhya Pradesh,Balaghat,Malaria,2015,30,11.0,0.0,21.966667,80.333333,0.5734874196,,8.0,2015-07-24
Madhya Pradesh,Barwani,Acute Diarrhoeal Disease,2013,19,165.0,0.0,22.0333621,74.8978374,2.85e-05,323.608,3.0,2013-05-10
Madhya Pradesh,Barwani,Acute Diarrhoeal Disease,2015,28,13.0,2.0,22.0333621,74.8978374,0.04630244636,303.27500000000003,4.0,2015-07-08
Madhya Pradesh,Barwani,Acute Diarrhoeal Disease,2015,29,14.0,0.0,22.0333621,74.8978374,0.1711777601,307.76,,2015-07-19
Madhya Pradesh,Barwani,Acute Diarrhoeal Disease,2017,40,12.0,1.0,22.0333621,74.8978374,0.0009335829903,309.06333340000003,14.0,2017-10-04
Madhya Pradesh,Barwani,Acute Diarrhoeal Disease,2018,25,36.0,0.0,22.0333621,74.8978374,0.03846788495,309.488,3.0,2018-06-19
Madhya Pradesh,Barwani,Acute Diarrhoeal Disease,2018,28,138.0,0.0,22.0333621,74.8978374,0.5893501689,306.6,3.0,2018-07-09
Madhya Pradesh,Barwani,Acute Diarrhoeal Disease,2019,24,31.0,0.0,22.0333621,74.8978374,0.03313022845,318.572,3.0,2019-06-12
Madhya Pradesh,Barwani,Acute Diarrhoeal Disease,2021,26,17.0,0.0,22.0333621,74.8978374,0.3220098129,307.84000000000003,4.0,2021-07-02
Madhya Pradesh,Barwani,Chikungunya,2016,44,25.0,0.0,22.0333621,74.8978374,8.94e-05,307.3166666,9.0,2016-11-04
Madhya Pradesh,Barwani,Chikungunya,2017,38,126.0,0.0,22.0333621,74.8978374,1.206248664,302.81,12.0,2017-09-18
Madhya Pradesh,Barwani,Cholera,2016,26,15.0,1.0,22.0333621,74.8978374,0.293674433,311.48,2.0,2016-06-27
Madhya Pradesh,Barwani,Cholera,2016,28,16.0,0.0,22.0333621,74.8978374,2.444454838,301.38,4.0,2016-07-15
Madhya Pradesh,Barwani,Cholera,2016,29,17.0,1.0,22.0333621,74.8978374,0.1888770529,,4.0,2016-07-22
Madhya Pradesh,Barwani,Cholera,2016,30,13.0,0.0,22.0333621,74.8978374,1.163442382,,1.0,2016-07-28
Madhya Pradesh,Barwani,Cholera,2016,42,25.0,1.0,22.0333621,74.8978374,0.004007040888,306.2833334,11.0,2016-10-17
Madhya Pradesh,Barwani,Dengue,2017,37,18.0,0.0,22.0333621,74.8978374,0.1689264483,303.185,20.0,2017-09-12
Madhya Pradesh,Betul,Acute Diarrhoeal Disease,2009,26,59.0,1.0,21.8796162,77.87568125,0.2457861444,311.185,5.0,2009-06-27
Madhya Pradesh,Betul,Acute Diarrhoeal Disease,2009,29,382.0,2.0,21.8796162,77.87568125,0.8923364325,,4.0,2009-07-18
Madhya Pradesh,Betul,Acute Diarrhoeal Disease,2009,31,86.0,0.0,21.8796162,77.87568125,0.2359381927,300.85,14.0,2009-08-02
Madhya Pradesh,Betul,Acute Diarrhoeal Disease,2009,35,205.0,2.0,21.8796162,77.87568125,0.7292315195,303.15000000000003,,2009-08-28
Madhya Pradesh,Betul,Acute Diarrhoeal Disease,2010,29,256.0,1.0,21.8796162,77.87568125,0.4874358065,300.90000000000003,13.0,2010-07-23
Madhya Pradesh,Betul,Acute Diarrhoeal Disease,2010,31,98.0,0.0,21.8796162,77.87568125,1.833318382,296.82,8.0,2010-08-03
Madhya Pradesh,Betul,Acute Diarrhoeal Disease,2015,13,29.0,0.0,21.8796162,77.87568125,0.005952293627,311.948,,2015-03-29
Madhya Pradesh,Betul,Acute Diarrhoeal Disease,2016,21,114.0,0.0,21.8796162,77.87568125,0.001188104376,316.59000000000003,,2016-05-24
Madhya Pradesh,Betul,Acute Diarrhoeal Disease,2016,23,161.0,2.0,21.8796162,77.87568125,0.002102696012,316.6866666,7.0,2016-06-06
Madhya Pradesh,Betul,Chikungunya,2011,27,252.0,0.0,21.8796162,77.87568125,0.3515865295,301.2666666,6.0,2011-07-05
Madhya Pradesh,Betul,Dengue,2014,26,6.0,1.0,21.8796162,77.87568125,0.01095558909,307.06,8.0,2014-06-27
Madhya Pradesh,Betul,Malaria,2014,45,39.0,0.0,21.8796162,77.87568125,0.0001109063796,304.48400000000004,20.0,2014-11-05
Madhya Pradesh,Betul,Malaria,2015,25,65.0,0.0,21.8796162,77.87568125,0.5761275592,306.2333334,14.0,2015-06-20
Madhya Pradesh,Betul,Malaria,2015,27,40.0,0.0,21.8796162,77.87568125,0.03464630131,305.66,,2015-07-03
Madhya Pradesh,Betul,Malaria,2015,41,13.0,0.0,21.8796162,77.87568125,0.02448355226,304.85200000000003,,2015-10-08
Madhya Pradesh,Betul,Malaria,2015,47,44.0,0.0,21.8796162,77.87568125,5.4e-05,303.3833334,13.0,2015-11-19
Madhya Pradesh,Bhind,Acute Diarrhoeal Disease,2013,24,10.0,1.0,26.5,78.75,0.1453900093,312.135,3.0,2013-06-14
Madhya Pradesh,Bhind,Acute Diarrhoeal Disease,2016,18,17.0,0.0,26.5,78.75,0.06298581059,317.59200000000004,4.0,2016-05-06
Madhya Pradesh,Bhind,Acute Diarrhoeal Disease,2016,23,22.0,1.0,26.5,78.75,0.005756022201,313.69,4.0,2016-06-06
Madhya Pradesh,Bhind,Acute Diarrhoeal Disease,2019,24,34.0,0.0,26.5,78.75,0.01127184292,318.0666666,3.0,2019-06-12
Madhya Pradesh,Bhind,Chikungunya,2010,43,200.0,0.0,26.5,78.75,0.003990881287,305.39,8.0,2010-10-28
Madhya Pradesh,Bhind,Chikungunya,2010,47,50.0,0.0,26.5,78.75,0.2847175431,296.976,6.0,2010-11-22
Madhya Pradesh,Bhind,Chikungunya,2010,48,70.0,0.0,26.5,78.75,0.1769068589,297.46,6.0,2010-11-29
Madhya Pradesh,Bhind,Chikungunya,2010,49,36.0,0.0,26.5,78.75,7.55e-05,296.7566666,11.0,2010-12-06
Madhya Pradesh,Bhind,Chikungunya,2011,35,46.0,3.0,26.5,78.75,0.4936372819,303.29,12.0,2011-09-04
Madhya Pradesh,Bhind,Chikungunya,2015,45,49.0,0.0,26.5,78.75,0.04554988086,305.1366666,5.0,2015-11-07
Madhya Pradesh,Bhind,Chikungunya,2018,44,45.0,0.0,26.5,78.75,0.0004229298688,306.30400000000003,7.0,2018-10-29
Madhya Pradesh,Bhind,Dengue,2015,48,10.0,0.0,26.5,78.75,8.04e-05,299.3433334,5.0,2015-11-27
Madhya Pradesh,Bhind,Malaria,2011,37,52.0,3.0,26.5,78.75,0.6656058051,302.05333340000004,11.0,2011-09-12
Madhya Pradesh,Bhind,Malaria,2013,41,102.0,5.0,26.5,78.75,0.9406054924,300.125,12.0,2013-10-10
Madhya Pradesh,Bhind,Malaria,2015,37,9.0,0.0,26.5,78.75,5.68e-05,308.06,15.0,2015-09-12
Madhya Pradesh,Bhind,Malaria,2016,29,15.0,0.0,26.5,78.75,0.3808228143,299.5,4.0,2016-07-23
Madhya Pradesh,Bhopal,Acute Diarrhoeal Disease,2010,30,29.0,0.0,23.2584857,77.401989,1.414256875,,4.0,2010-07-31
Madhya Pradesh,Bhopal,Acute Diarrhoeal Disease,2011,15,25.0,2.0,23.2584857,77.401989,0.003037943601,315.6733334,4.0,2011-04-16
Madhya Pradesh,Bhopal,Acute Diarrhoeal Disease,2012,43,15.0,0.0,23.2584857,77.401989,5.19e-05,306.0366666,12.0,2012-10-26
Madhya Pradesh,Bhopal,Acute Diarrhoeal Disease,2013,16,24.0,0.0,23.2584857,77.401989,0.05021263764,316.964,5.0,2013-04-21
Madhya Pradesh,Bhopal,Acute Diarrhoeal Disease,2013,28,15.0,0.0,23.2584857,77.401989,0.7935610429,,,2013-07-11
Madhya Pradesh,Bhopal,Acute Diarrhoeal Disease,2013,31,70.0,1.0,23.2584857,77.401989,1.844778679,302.16,6.0,2013-08-03
Madhya Pradesh,Bhopal,Acute Diarrhoeal Disease,2013,36,12.0,0.0,23.2584857,77.401989,0.08111906291,301.24,17.0,2013-09-04
Madhya Pradesh,Bhopal,Acute Diarrhoeal Disease,2014,36,72.0,0.0,23.2584857,77.401989,0.581010585,304.0,14.0,2014-09-01
Madhya Pradesh,Bhopal,Acute Diarrhoeal Disease,2015,16,12.0,0.0,23.2584857,77.401989,0.09935187076,313.68,5.0,2015-04-13
Madhya Pradesh,Bhopal,Acute Diarrhoeal Disease,2015,31,14.0,0.0,23.2584857,77.401989,1.633560612,299.5,12.0,2015-07-31
Madhya Pradesh,Bhopal,Acute Diarrhoeal Disease,2016,29,31.0,0.0,23.2584857,77.401989,0.3811196414,,10.0,2016-07-20
Madhya Pradesh,Bhopal,Acute Diarrhoeal Disease,2016,33,17.0,0.0,23.2584857,77.401989,1.186347365,,9.0,2016-08-17
Madhya Pradesh,Bhopal,Acute Diarrhoeal Disease,2022,23,32.0,0.0,23.2584857,77.401989,4.81e-05,316.18333340000004,6.0,2022-06-07
Madhya Pradesh,Bhopal,Chikungunya,2011,45,6.0,0.0,23.2584857,77.401989,6.24e-05,306.6633334,8.0,2011-11-11
Madhya Pradesh,Bhopal,Cholera,2018,25,19.0,1.0,23.2584857,77.401989,0.1114470877,310.79200000000003,9.0,2018-06-23
Madhya Pradesh,Burhanpur,Acute Diarrhoeal Disease,2009,29,18.0,2.0,21.3118839,76.2291992,1.037693543,,2.0,2009-07-14
Madhya Pradesh,Burhanpur,Acute Diarrhoeal Disease,2009,31,36.0,0.0,21.3118839,76.2291992,1.498844737,302.04,,2009-07-27
Madhya Pradesh,Burhanpur,Acute Diarrhoeal Disease,2014,23,49.0,0.0,21.3118839,76.2291992,0.0005591190059,318.2333334,3.0,2014-06-05
Madhya Pradesh,Burhanpur,Acute Diarrhoeal Disease,2014,31,14.0,0.0,21.3118839,76.2291992,0.5716537915,,2.0,2014-08-01
Madhya Pradesh,Burhanpur,Acute Diarrhoeal Disease,2014,34,20.0,0.0,21.3118839,76.2291992,0.5266852357,308.7,14.0,2014-08-23
Madhya Pradesh,Burhanpur,Acute Diarrhoeal Disease,2014,36,20.0,0.0,21.3118839,76.2291992,1.35702369,300.28000000000003,13.0,2014-09-03
Madhya Pradesh,Burhanpur,Acute Diarrhoeal Disease,2014,50,40.0,0.0,21.3118839,76.2291992,2.76e-05,306.1466666,10.0,2014-12-09
Madhya Pradesh,Burhanpur,Acute Diarrhoeal Disease,2015,27,10.0,0.0,21.3118839,76.2291992,0.003498904197,312.24,,2015-07-04
Madhya Pradesh,Burhanpur,Acute Diarrhoeal Disease,2015,30,15.0,0.0,21.3118839,76.2291992,0.7980148653,,1.0,2015-07-23
Madhya Pradesh,Burhanpur,Acute Diarrhoeal Disease,2018,30,10.0,0.0,21.3118839,76.2291992,0.6198183565,,1.0,2018-07-25
Madhya Pradesh,Burhanpur,Chikungunya,2011,41,141.0,0.0,21.3118839,76.2291992,0.003759158433,307.248,16.0,2011-10-13
Madhya Pradesh,Burhanpur,Chikungunya,2017,41,41.0,0.0,21.3118839,76.2291992,0.931320166,307.72,14.0,2017-10-12
Madhya Pradesh,Burhanpur,Cholera,2016,31,41.0,0.0,21.3118839,76.2291992,1.526418986,301.26,6.0,2016-08-06
Madhya Pradesh,Burhanpur,Cholera,2018,34,16.0,0.0,21.3118839,76.2291992,0.9997307896,,,2018-08-21
Madhya Pradesh,Burhanpur,Dengue,2014,3,40.0,0.0,21.3118839,76.2291992,0.0001134833607,299.37,9.0,2014-01-14
Madhya Pradesh,Burhanpur,Dengue,2014,44,25.0,0.0,21.3118839,76.2291992,0.03984815124,307.7333334,11.0,2014-10-27
Madhya Pradesh,Burhanpur,Dengue,2021,32,15.0,0.0,21.3118839,76.2291992,0.183452455,308.47,,2021-08-12
Madhya Pradesh,Burhanpur,Malaria,2014,37,13.0,0.0,21.3118839,76.2291992,1.47493632,301.43,11.0,2014-09-09
Madhya Pradesh,Chhatarpur,Acute Diarrhoeal Disease,2009,27,80.0,0.0,24.75,79.75,0.5332332178,316.3933334,5.0,2009-07-01
Madhya Pradesh,Chhatarpur,Acute Diarrhoeal Disease,2016,24,18.0,0.0,24.75,79.75,0.02134321295,315.01,4.0,2016-06-14
Madhya Pradesh,Chhatarpur,Acute Diarrhoeal Disease,2016,26,28.0,0.0,24.75,79.75,0.4305141882,313.3533334,4.0,2016-06-27
Madhya Pradesh,Chhatarpur,Acute Diarrhoeal Disease,2016,28,46.0,0.0,24.75,79.75,2.82080465,303.44,,2016-07-11
Madhya Pradesh,Chhatarpur,Acute Diarrhoeal Disease,2018,32,15.0,0.0,24.75,79.75,0.4901562343,303.12,8.0,2018-08-10
Madhya Pradesh,Chhattarpur,Malaria,2011,37,258.0,0.0,22.6540864,80.6339145,1.772438619,299.91,,2011-09-14
Madhya Pradesh,Chhindwara,Acute Diarrhoeal Disease,2010,27,172.0,0.0,22.13983105,78.80964495,2.07051305,298.78000000000003,4.0,2010-07-09
Madhya Pradesh,Chhindwara,Acute Diarrhoeal Disease,2011,31,60.0,1.0,22.13983105,78.80964495,1.206560427,302.78000000000003,,2011-08-05
Madhya Pradesh,Chhindwara,Acute Diarrhoeal Disease,2013,15,16.0,0.0,22.13983105,78.80964495,0.07295166086,315.25,6.0,2013-04-08
Madhya Pradesh,Chhindwara,Chikungunya,2011,45,20.0,0.0,22.13983105,78.80964495,5.82e-05,306.19,9.0,2011-11-12
Madhya Pradesh,Chhindwara,Malaria,2011,29,112.0,1.0,22.13983105,78.80964495,1.197607026,305.86,5.0,2011-07-18
Madhya Pradesh,Chhindwara,Malaria,2011,47,65.0,2.0,22.13983105,78.80964495,9.65e-05,306.0133334,8.0,2011-11-21
Madhya Pradesh,Damoh,Acute Diarrhoeal Disease,2011,31,25.0,0.0,23.75,79.583333,1.235097364,,2.0,2011-08-07
Madhya Pradesh,Damoh,Acute Diarrhoeal Disease,2011,32,126.0,0.0,23.75,79.583333,1.589959759,,14.0,2011-08-14
Madhya Pradesh,Damoh,Acute Diarrhoeal Disease,2013,37,16.0,0.0,23.75,79.583333,0.04516304548,302.29,23.0,2013-09-11
Madhya Pradesh,Damoh,Acute Diarrhoeal Disease,2018,48,18.0,0.0,23.75,79.583333,4.47e-05,302.24,7.0,2018-11-29
Madhya Pradesh,Damoh,Malaria,2013,36,62.0,0.0,23.75,79.583333,0.3030258632,300.59000000000003,16.0,2013-09-03
Madhya Pradesh,Datia,Acute Diarrhoeal Disease,2013,27,15.0,1.0,25.75,78.5,0.9415686486,301.6,,2013-07-03
Madhya Pradesh,Datia,Acute Diarrhoeal Disease,2017,42,10.0,1.0,25.75,78.5,6.52e-05,312.6666666,6.0,2017-10-20
Madhya Pradesh,Datia,Acute Diarrhoeal Disease,2019,26,17.0,0.0,25.75,78.5,0.07549213399,314.55,,2019-06-26
Madhya Pradesh,Datia,Acute Diarrhoeal Disease,2019,32,27.0,1.0,25.75,78.5,0.6563994371,305.48,10.0,2019-08-06
Madhya Pradesh,Dewas,Acute Diarrhoeal Disease,2015,31,45.0,0.0,23.0,76.166667,1.150818487,299.6,12.0,2015-08-01
Madhya Pradesh,Dewas,Dengue,2009,31,2.0,0.0,23.0,76.166667,0.95538084,299.24,,2009-07-28
Madhya Pradesh,Dhar,Acute Diarrhoeal Disease,2009,28,39.0,0.0,22.5,75.25,0.2712885841,309.14,4.0,2009-07-06
Madhya Pradesh,Dhar,Acute Diarrhoeal Disease,2009,31,31.0,1.0,22.5,75.25,2.673289175,297.7,,2009-07-27
Madhya Pradesh,Dhar,Acute Diarrhoeal Disease,2010,31,43.0,0.0,22.5,75.25,1.258380529,300.74,,2010-08-05
Madhya Pradesh,Dhar,Acute Diarrhoeal Disease,2012,28,94.0,1.0,22.5,75.25,0.9124836225,,,2012-07-11
Madhya Pradesh,Dhar,Acute Diarrhoeal Disease,2012,31,13.0,3.0,22.5,75.25,0.4590140039,,5.0,2012-08-05
Madhya Pradesh,Dhar,Acute Diarrhoeal Disease,2015,17,30.0,0.0,22.5,75.25,0.03237527066,315.9266666,3.0,2015-04-20
Madhya Pradesh,Dhar,Acute Diarrhoeal Disease,2015,21,16.0,0.0,22.5,75.25,0.000276270127,323.12,3.0,2015-05-21
Madhya Pradesh,Dhar,Acute Diarrhoeal Disease,2015,32,8.0,1.0,22.5,75.25,0.5583798631,,4.0,2015-08-06
Madhya Pradesh,Dhar,Acute Diarrhoeal Disease,2019,16,12.0,1.0,22.5,75.25,0.08209509687,319.416,3.0,2019-04-20
Madhya Pradesh,Dhar,Acute Diarrhoeal Disease,2019,23,63.0,0.0,22.5,75.25,0.03116441722,318.244,,2019-06-09
Madhya Pradesh,Dhar,Acute Diarrhoeal Disease,2022,6,10.0,1.0,22.5,75.25,8.29e-05,301.496,13.0,2022-02-12
Madhya Pradesh,Dhar,Chikungunya,2010,48,35.0,0.0,22.5,75.25,0.02389065083,302.86400000000003,,2010-12-03
Madhya Pradesh,Dhar,Chikungunya,2011,44,10.0,0.0,22.5,75.25,5.45e-05,310.1333334,,2011-11-01
Madhya Pradesh,Dhar,Cholera,2016,19,33.0,0.0,22.5,75.25,0.07683057682,315.712,3.0,2016-05-13
Madhya Pradesh,Dhar,Malaria,2011,40,93.0,0.0,22.5,75.25,0.02982985993,306.528,15.0,2011-10-03
Madhya Pradesh,Dindori,Acute Diarrhoeal Disease,2009,25,56.0,3.0,22.90736865,80.8851143,0.001554109337,319.7266666,5.0,2009-06-21
Madhya Pradesh,Dindori,Acute Diarrhoeal Disease,2012,8,63.0,2.0,22.90736865,80.8851143,7.12e-05,306.06333340000003,,2012-02-25
Madhya Pradesh,Dindori,Malaria,2011,28,159.0,0.0,22.90736865,80.8851143,0.406874965,305.48,8.0,2011-07-15
Madhya Pradesh,Guna,Acute Diarrhoeal Disease,2009,37,91.0,0.0,24.5,77.5,0.488710322,300.76,24.0,2009-09-08
Madhya Pradesh,Guna,Acute Diarrhoeal Disease,2010,23,13.0,1.0,24.5,77.5,0.001466656337,319.68,2.0,2010-06-12
Madhya Pradesh,Guna,Acute Diarrhoeal Disease,2010,28,63.0,0.0,24.5,77.5,0.2410375421,309.53000000000003,7.0,2010-07-14
Madhya Pradesh,Guna,Acute Diarrhoeal Disease,2016,26,41.0,0.0,24.5,77.5,0.6742165749,308.665,3.0,2016-07-01
Madhya Pradesh,Guna,Acute Diarrhoeal Disease,2016,28,16.0,1.0,24.5,77.5,1.617990549,,2.0,2016-07-14
Madhya Pradesh,Guna,Acute Diarrhoeal Disease,2016,40,11.0,0.0,24.5,77.5,0.2165112361,305.645,11.0,2016-10-03
Madhya Pradesh,Guna,Dengue,2018,43,10.0,1.0,24.5,77.5,0.001966974692,312.6333334,5.0,2018-10-25
Madhya Pradesh,Guna,Malaria,2010,35,97.0,0.0,24.5,77.5,0.6076856405,300.81333340000003,12.0,2010-09-01
Madhya Pradesh,Gwalior,Acute Diarrhoeal Disease,2009,25,346.0,0.0,26.2037247,78.1573628,0.0009502081915,316.3833334,2.0,2009-06-16
Madhya Pradesh,Gwalior,Acute Diarrhoeal Disease,2009,29,87.0,0.0,26.2037247,78.1573628,0.9184048361,,3.0,2009-07-17
Madhya Pradesh,Gwalior,Acute Diarrhoeal Disease,2013,29,49.0,2.0,26.2037247,78.1573628,0.9342512841,306.66,9.0,2013-07-21
Madhya Pradesh,Gwalior,Acute Diarrhoeal Disease,2016,24,23.0,1.0,26.2037247,78.1573628,0.03257793871,315.87333340000004,2.0,2016-06-13
Madhya Pradesh,Gwalior,Acute Diarrhoeal Disease,2022,11,48.0,0.0,26.2037247,78.1573628,0.00012831976,307.3266666,8.0,2022-03-17
Madhya Pradesh,Gwalior,Chikungunya,2011,44,151.0,0.0,26.2037247,78.1573628,5.06e-05,307.74,7.0,2011-11-03
Madhya Pradesh,Gwalior,Cholera,2018,34,144.0,0.0,26.2037247,78.1573628,0.6177748133,304.4266666,,2018-08-20
Madhya Pradesh,Gwalior,Malaria,2010,51,13.0,2.0,26.2037247,78.1573628,2.94e-05,295.61,7.0,2010-12-21
Madhya Pradesh,Harda,Acute Diarrhoeal Disease,2014,23,17.0,0.0,22.3388828,77.0929933,0.0005648455581,319.9633334,5.0,2014-06-06
Madhya Pradesh,Harda,Acute Diarrhoeal Disease,2015,37,20.0,1.0,22.3388828,77.0929933,0.02330949171,303.844,17.0,2015-09-08
Madhya Pradesh,Hoshangabad,Acute Diarrhoeal Disease,2011,29,39.0,0.0,22.6001502,77.92664521,0.9277900127,288.76,3.0,2011-07-18
Madhya Pradesh,Hoshangabad,Acute Diarrhoeal Disease,2014,43,19.0,0.0,22.6001502,77.92664521,0.01590645441,305.64,14.0,2014-10-26
Madhya Pradesh,Hoshangabad,Acute Diarrhoeal Disease,2015,14,171.0,0.0,22.6001502,77.92664521,0.002508148579,310.9166666,7.0,2015-04-05
Madhya Pradesh,Hoshangabad,Acute Diarrhoeal Disease,2016,20,13.0,0.0,22.6001502,77.92664521,0.0009524911671,320.404,7.0,2016-05-18
Madhya Pradesh,Hoshangabad,Acute Diarrhoeal Disease,2016,28,33.0,0.0,22.6001502,77.92664521,4.282086,,3.0,2016-07-12
Madhya Pradesh,Hoshangabad,Acute Diarrhoeal Disease,2018,31,14.0,1.0,22.6001502,77.92664521,0.1505540374,,5.0,2018-08-01
Madhya Pradesh,Hoshangabad,Acute Diarrhoeal Disease,2018,34,11.0,0.0,22.6001502,77.92664521,1.288188736,,,2018-08-21
Madhya Pradesh,Hoshangabad,Dengue,2016,21,9.0,0.0,22.6001502,77.92664521,0.001621449332,315.94,7.0,2016-05-26
Madhya Pradesh,Hoshangabad,Malaria,2010,31,108.0,0.0,22.6001502,77.92664521,2.656472612,299.18,,2010-08-04
Madhya Pradesh,Hoshangabad,Malaria,2011,36,56.0,3.0,22.6001502,77.92664521,0.3000298656,,10.0,2011-09-09
Madhya Pradesh,Hoshangabad,Malaria,2013,43,130.0,0.0,22.6001502,77.92664521,0.01398017937,304.7233334,18.0,2013-10-21
Madhya Pradesh,Hoshangabad,Malaria,2014,29,42.0,0.0,22.6001502,77.92664521,0.7660575427,311.13,2.0,2014-07-15
Madhya Pradesh,Hoshangabad,Malaria,2015,30,15.0,0.0,22.6001502,77.92664521,1.297678037,,1.0,2015-07-23
Madhya Pradesh,Hoshangabad,Malaria,2015,35,69.0,0.0,22.6001502,77.92664521,0.1323322175,300.9066666,9.0,2015-08-26
Madhya Pradesh,Indore,Acute Diarrhoeal Disease,2009,32,70.0,0.0,22.7665444,75.9006944,0.07232715353,301.26,,2009-08-05
Madhya Pradesh,Indore,Cholera,2010,38,2.0,0.0,22.7665444,75.9006944,0.1572565907,300.145,,2010-09-21
Madhya Pradesh,Indore,Cholera,2011,28,1.0,0.0,22.7665444,75.9006944,0.9746025282,,3.0,2011-07-17
Madhya Pradesh,Indore,Cholera,2015,31,6.0,0.0,22.7665444,75.9006944,1.702143616,,,2015-07-27
Madhya Pradesh,Indore,Cholera,2015,33,3.0,0.0,22.7665444,75.9006944,0.4897824903,298.18,4.0,2015-08-10
Madhya Pradesh,Indore,Cholera,2015,34,5.0,0.0,22.7665444,75.9006944,0.8161001064,,13.0,2015-08-17
Madhya Pradesh,Indore,Cholera,2016,20,3.0,0.0,22.7665444,75.9006944,4.37e-05,322.2133334,2.0,2016-05-20
Madhya Pradesh,Indore,Dengue,2009,36,78.0,0.0,22.7665444,75.9006944,2.511336733,299.7,20.0,2009-09-03
Madhya Pradesh,Indore,Dengue,2009,43,73.0,0.0,22.7665444,75.9006944,2.02e-05,312.3533334,5.0,2009-10-22
Madhya Pradesh,Indore,Dengue,2009,44,11.0,0.0,22.7665444,75.9006944,6.69e-05,314.16,4.0,2009-10-26
Madhya Pradesh,Indore,Dengue,2009,45,75.0,0.0,22.7665444,75.9006944,7.02e-05,311.8833334,5.0,2009-11-05
Madhya Pradesh,Jabalpur,Acute Diarrhoeal Disease,2009,30,135.0,0.0,23.1608938,79.9497702,0.9273931103,285.58,9.0,2009-07-24
Madhya Pradesh,Jabalpur,Acute Diarrhoeal Disease,2013,29,23.0,0.0,23.1608938,79.9497702,1.086740289,303.14,7.0,2013-07-21
Madhya Pradesh,Jabalpur,Acute Diarrhoeal Disease,2019,26,29.0,0.0,23.1608938,79.9497702,0.1563273325,314.08,7.0,2019-06-27
Madhya Pradesh,Jabalpur,Acute Diarrhoeal Disease,2019,28,8.0,0.0,23.1608938,79.9497702,0.5221604592,303.72,12.0,2019-07-14
Madhya Pradesh,Jabalpur,Acute Diarrhoeal Disease,2019,52,6.0,0.0,23.1608938,79.9497702,0.04318086447,295.548,9.0,2019-12-28
Madhya Pradesh,Jhabua,Acute Diarrhoeal Disease,2013,31,76.0,0.0,22.88585225,74.72513369,1.016528786,,4.0,2013-07-31
Madhya Pradesh,Jhabua,Acute Diarrhoeal Disease,2015,29,47.0,0.0,22.88585225,74.72513369,0.08468171781,308.0,5.0,2015-07-13
Madhya Pradesh,Jhabua,Acute Diarrhoeal Disease,2016,23,22.0,0.0,22.88585225,74.72513369,0.0003601870652,317.5233334,2.0,2016-06-12
Madhya Pradesh,Jhabua,Acute Diarrhoeal Disease,2016,25,30.0,0.0,22.88585225,74.72513369,0.3350489822,305.57,,2016-06-24
Madhya Pradesh,Jhabua,Malaria,2014,46,99.0,0.0,22.88585225,74.72513369,7.27e-05,310.6533334,6.0,2014-11-10
Madhya Pradesh,Katni,Acute Diarrhoeal Disease,2011,35,13.0,0.0,23.8339621,80.392456,0.6703811113,300.635,15.0,2011-09-03
Madhya Pradesh,Katni,Acute Diarrhoeal Disease,2012,30,40.0,3.0,23.8339621,80.392456,0.462409651,,3.0,2012-07-24
Madhya Pradesh,Katni,Acute Diarrhoeal Disease,2012,31,64.0,0.0,23.8339621,80.392456,2.132517353,,1.0,2012-08-01
Madhya Pradesh,Katni,Acute Diarrhoeal Disease,2014,19,48.0,0.0,23.8339621,80.392456,0.002229809933,314.7466666,,2014-05-08
Madhya Pradesh,Katni,Acute Diarrhoeal Disease,2015,31,30.0,0.0,23.8339621,80.392456,0.6860324421,302.58,11.0,2015-07-30
Madhya Pradesh,Katni,Acute Diarrhoeal Disease,2016,31,57.0,0.0,23.8339621,80.392456,0.6777335228,,4.0,2016-08-05
Madhya Pradesh,Katni,Acute Diarrhoeal Disease,2017,12,106.0,0.0,23.8339621,80.392456,0.03669179369,306.3433334,,2017-03-21
Madhya Pradesh,Katni,Dengue,2015,38,9.0,0.0,23.8339621,80.392456,0.5321089368,303.252,19.0,2015-09-19
Madhya Pradesh,Katni,Malaria,2013,41,617.0,5.0,23.8339621,80.392456,1.006550349,298.79,,2013-10-08
Madhya Pradesh,Khandwa,Acute Diarrhoeal Disease,2009,30,25.0,2.0,21.9778642,76.56882823,2.458273133,301.16,5.0,2009-07-26
Madhya Pradesh,Khandwa,Acute Diarrhoeal Disease,2010,31,38.0,0.0,21.9778642,76.56882823,2.38873824,,,2010-08-04
Madhya Pradesh,Khandwa,Acute Diarrhoeal Disease,2012,21,37.0,1.0,21.9778642,76.56882823,0.0002005026003,321.7666666,4.0,2012-05-21
Madhya Pradesh,Khandwa,Acute Diarrhoeal Disease,2012,23,128.0,0.0,21.9778642,76.56882823,0.1409056828,316.335,,2012-06-09
Madhya Pradesh,Khandwa,Acute Diarrhoeal Disease,2012,25,27.0,0.0,21.9778642,76.56882823,0.0753167873,312.2,4.0,2012-06-23
Madhya Pradesh,Khandwa,Acute Diarrhoeal Disease,2012,30,70.0,1.0,21.9778642,76.56882823,4.89462798,,3.0,2012-07-29
Madhya Pradesh,Khandwa,Acute Diarrhoeal Disease,2015,17,25.0,0.0,21.9778642,76.56882823,0.07552311492,313.832,5.0,2015-04-20
Madhya Pradesh,Khandwa,Acute Diarrhoeal Disease,2017,29,165.0,1.0,21.9778642,76.56882823,1.051537324,302.26,8.0,2017-07-23
Madhya Pradesh,Khandwa,Chikungunya,2011,41,300.0,0.0,21.9778642,76.56882823,0.002249585117,308.2233334,13.0,2011-10-10
Madhya Pradesh,Khandwa,Chikungunya,2011,43,400.0,0.0,21.9778642,76.56882823,5.62e-05,309.8666666,9.0,2011-10-28
Madhya Pradesh,Khandwa,Chikungunya,2014,49,35.0,0.0,21.9778642,76.56882823,2.71e-05,306.53000000000003,6.0,2014-12-04
Madhya Pradesh,Khandwa,Chikungunya,2017,33,65.0,0.0,21.9778642,76.56882823,0.1238963,,11.0,2017-08-14
Madhya Pradesh,Khandwa,Chikungunya,2017,35,45.0,0.0,21.9778642,76.56882823,0.756473563,,,2017-08-29
Madhya Pradesh,Khandwa,Chikungunya,2017,37,27.0,0.0,21.9778642,76.56882823,1.010341305,304.90000000000003,17.0,2017-09-16
Madhya Pradesh,Khandwa,Cholera,2016,32,121.0,1.0,21.9778642,76.56882823,1.001518474,304.02,6.0,2016-08-09
Madhya Pradesh,Khandwa,Cholera,2017,31,34.0,0.0,21.9778642,76.56882823,0.4464960214,298.04,11.0,2017-08-02
Madhya Pradesh,Khandwa,Dengue,2013,30,24.0,0.0,21.9778642,76.56882823,1.226914242,,2.0,2013-07-26
Madhya Pradesh,Khandwa,Dengue,2014,47,10.0,0.0,21.9778642,76.56882823,0.01246010404,306.8866666,7.0,2014-11-22
Madhya Pradesh,Khandwa,Dengue,2015,42,11.0,0.0,21.9778642,76.56882823,4.06e-05,311.072,12.0,2015-10-14
Madhya Pradesh,Khandwa,Malaria,2010,40,52.0,0.0,21.9778642,76.56882823,0.006354046094,308.59000000000003,11.0,2010-10-09
Madhya Pradesh,Khandwa,Malaria,2011,38,17.0,0.0,21.9778642,76.56882823,0.3966761352,301.49,19.0,2011-09-19
Madhya Pradesh,Khandwa,Malaria,2013,41,26.0,0.0,21.9778642,76.56882823,0.3701055833,302.436,13.0,2013-10-09
Madhya Pradesh,Khandwa,Malaria,2014,38,7.0,0.0,21.9778642,76.56882823,0.08590790613,301.85,,2014-09-21
Madhya Pradesh,Khandwa,Malaria,2014,49,27.0,0.0,21.9778642,76.56882823,3.1e-05,307.64,7.0,2014-12-01
Madhya Pradesh,Khargone,Acute Diarrhoeal Disease,2009,35,113.0,0.0,21.825599,75.614182,1.151043715,302.01,10.0,2009-08-27
Madhya Pradesh,Khargone,Acute Diarrhoeal Disease,2010,45,8.0,1.0,21.825599,75.614182,0.01323485062,305.036,9.0,2010-11-10
Madhya Pradesh,Khargone,Acute Diarrhoeal Disease,2012,13,28.0,0.0,21.825599,75.614182,0.0001025816164,319.1266666,,2012-03-28
Madhya Pradesh,Khargone,Acute Diarrhoeal Disease,2012,18,57.0,0.0,21.825599,75.614182,5.28e-05,321.84000000000003,4.0,2012-05-03
Madhya Pradesh,Khargone,Acute Diarrhoeal Disease,2013,32,35.0,0.0,21.825599,75.614182,0.7777721022,,6.0,2013-08-10
Madhya Pradesh,Khargone,Acute Diarrhoeal Disease,2013,35,100.0,1.0,21.825599,75.614182,1.740494538,,5.0,2013-08-27
Madhya Pradesh,Khargone,Acute Diarrhoeal Disease,2014,27,36.0,0.0,21.825599,75.614182,0.01203943635,312.485,,2014-07-04
Madhya Pradesh,Khargone,Acute Diarrhoeal Disease,2014,29,47.0,0.0,21.825599,75.614182,1.603187757,,2.0,2014-07-18
Madhya Pradesh,Khargone,Acute Diarrhoeal Disease,2014,31,31.0,0.0,21.825599,75.614182,0.7067395637,,6.0,2014-07-30
Madhya Pradesh,Khargone,Acute Diarrhoeal Disease,2015,20,15.0,0.0,21.825599,75.614182,0.01228775233,321.1466666,4.0,2015-05-13
Madhya Pradesh,Khargone,Acute Diarrhoeal Disease,2015,21,273.0,0.0,21.825599,75.614182,9.82e-05,323.332,4.0,2015-05-22
Madhya Pradesh,Khargone,Acute Diarrhoeal Disease,2015,26,66.0,0.0,21.825599,75.614182,0.44252235370000004,309.23,8.5,2015-06-23
Madhya Pradesh,Khargone,Acute Diarrhoeal Disease,2015,27,27.0,0.0,21.825599,75.614182,0.306029539,306.3,10.0,2015-06-29
Madhya Pradesh,Khargone,Acute Diarrhoeal Disease,2015,31,56.0,0.0,21.825599,75.614182,0.8887353455,,7.0,2015-07-30
Madhya Pradesh,Khargone,Acute Diarrhoeal Disease,2015,33,32.0,0.0,21.825599,75.614182,0.2730867701,297.98,,2015-08-12
Madhya Pradesh,Khargone,Acute Diarrhoeal Disease,2015,35,58.0,0.0,21.825599,75.614182,0.06863577826,302.1866666,13.0,2015-08-24
Madhya Pradesh,Khargone,Acute Diarrhoeal Disease,2015,41,89.0,0.0,21.825599,75.614182,0.003992862822,306.40000000000003,18.0,2015-10-06
Madhya Pradesh,Khargone,Acute Diarrhoeal Disease,2016,7,103.0,0.0,21.825599,75.614182,0.0001247575923,308.108,,2016-02-18
Madhya Pradesh,Khargone,Acute Diarrhoeal Disease,2016,25,118.0,0.0,21.825599,75.614182,0.4981724961,313.06,2.0,2016-06-26
Madhya Pradesh,Khargone,Acute Diarrhoeal Disease,2016,27,45.0,0.0,21.825599,75.614182,0.466759705,303.2,1.0,2016-07-05
Madhya Pradesh,Khargone,Acute Diarrhoeal Disease,2016,28,91.0,0.0,21.825599,75.614182,4.78036213,302.22,4.0,2016-07-15
Madhya Pradesh,Khargone,Acute Diarrhoeal Disease,2016,29,49.0,0.0,21.825599,75.614182,1.007710458,302.22,,2016-07-18
Madhya Pradesh,Khargone,Acute Diarrhoeal Disease,2016,43,14.0,0.0,21.825599,75.614182,2.47e-05,305.69,16.0,2016-10-24
Madhya Pradesh,Khargone,Acute Diarrhoeal Disease,2017,11,29.0,0.0,21.825599,75.614182,8.95e-05,314.19,5.0,2017-03-19
Madhya Pradesh,Khargone,Acute Diarrhoeal Disease,2017,19,84.0,0.0,21.825599,75.614182,0.01321645256,323.09000000000003,4.0,2017-05-11
Madhya Pradesh,Khargone,Acute Diarrhoeal Disease,2017,20,121.0,0.0,21.825599,75.614182,0.0060867251,322.1166666,4.0,2017-05-15
Madhya Pradesh,Khargone,Acute Diarrhoeal Disease,2017,25,105.0,0.0,21.825599,75.614182,0.152493966755,309.58799999999997,8.0,2017-06-23
Madhya Pradesh,Khargone,Acute Diarrhoeal Disease,2017,26,337.0,0.0,21.825599,75.614182,0.625376541,310.25,3.0,2017-06-28
Madhya Pradesh,Khargone,Acute Diarrhoeal Disease,2018,17,46.0,0.0,21.825599,75.614182,8.38e-05,322.93333340000004,,2018-04-23
Madhya Pradesh,Khargone,Acute Diarrhoeal Disease,2018,24,48.0,0.0,21.825599,75.614182,0.01031505603,307.61,4.0,2018-06-15
Madhya Pradesh,Khargone,Acute Diarrhoeal Disease,2018,25,34.0,0.0,21.825599,75.614182,0.2846452944,310.19,5.0,2018-06-23
Madhya Pradesh,Khargone,Acute Diarrhoeal Disease,2018,26,57.0,0.0,21.825599,75.614182,0.382170324,309.09000000000003,,2018-06-25
Madhya Pradesh,Khargone,Acute Diarrhoeal Disease,2018,29,71.0,0.0,21.825599,75.614182,1.42602008,,1.0,2018-07-16
Madhya Pradesh,Khargone,Acute Diarrhoeal Disease,2018,32,165.0,1.0,21.825599,75.614182,0.2379220767,,4.0,2018-08-10
Madhya Pradesh,Khargone,Acute Diarrhoeal Disease,2019,20,49.0,0.0,21.825599,75.614182,0.0009835676721,323.016,4.0,2019-05-18
Madhya Pradesh,Khargone,Acute Diarrhoeal Disease,2021,25,174.0,0.0,21.825599,75.614182,0.2327137536,307.62,5.0,2021-06-24
Madhya Pradesh,Khargone,Acute Diarrhoeal Disease,2021,28,138.0,0.0,21.825599,75.614182,0.3735497957,309.23,10.0,2021-07-13
Madhya Pradesh,Khargone,Chikungunya,2011,19,8.0,0.0,21.825599,75.614182,0.0007785707953,318.0966666,4.0,2011-05-10
Madhya Pradesh,Khargone,Chikungunya,2011,41,44.0,0.0,21.825599,75.614182,0.003579647631,306.7166666,15.0,2011-10-10
Madhya Pradesh,Khargone,Chikungunya,2011,50,105.0,0.0,21.825599,75.614182,2.74e-05,306.3766666,5.0,2011-12-12
Madhya Pradesh,Khargone,Chikungunya,2013,44,90.0,0.0,21.825599,75.614182,0.001283448222,305.92,11.0,2013-11-02
Madhya Pradesh,Khargone,Chikungunya,2014,17,35.0,0.0,21.825599,75.614182,0.01632683527,318.81333340000003,4.0,2014-04-25
Madhya Pradesh,Khargone,Chikungunya,2016,44,25.0,0.0,21.825599,75.614182,8.94e-05,306.44,12.0,2016-11-04
Madhya Pradesh,Khargone,Chikungunya,2017,34,41.0,0.0,21.825599,75.614182,0.6359981043,298.2,8.0,2017-08-25
Madhya Pradesh,Khargone,Chikungunya,2017,40,32.0,0.0,21.825599,75.614182,0.006299255176,304.676,20.0,2017-10-02
Madhya Pradesh,Khargone,Chikungunya,2017,43,48.0,0.0,21.825599,75.614182,0.002046705862,305.2266666,,2017-10-23
Madhya Pradesh,Khargone,Chikungunya,2017,45,47.0,0.0,21.825599,75.614182,6.83e-05,306.5566666,10.0,2017-11-11
Madhya Pradesh,Khargone,Cholera,2015,24,44.0,0.0,21.825599,75.614182,0.04586098706,319.34000000000003,,2015-06-10
Madhya Pradesh,Khargone,Dengue,2020,43,22.0,0.0,21.825599,75.614182,0.0829532973,303.98,11.0,2020-10-24
Madhya Pradesh,Khargone,Malaria,2010,40,105.0,0.0,21.825599,75.614182,0.037891867940000004,305.704,17.0,2010-10-04
Madhya Pradesh,Khargone,Malaria,2010,47,234.0,0.0,21.825599,75.614182,0.07003583866,301.416,7.0,2010-11-22
Madhya Pradesh,Mandla,Acute Diarrhoeal Disease,2009,31,111.0,3.0,22.68536625,80.58150562,0.2883064487,302.34000000000003,,2009-07-28
Madhya Pradesh,Mandla,Acute Diarrhoeal Disease,2012,32,26.0,2.0,22.68536625,80.58150562,1.283515782,,5.0,2012-08-07
Madhya Pradesh,Mandla,Acute Diarrhoeal Disease,2018,26,9.0,0.0,22.68536625,80.58150562,1.015138133,309.17,8.0,2018-06-29
Madhya Pradesh,Mandla,Acute Diarrhoeal Disease,2018,29,4.0,1.0,22.68536625,80.58150562,1.201668438,302.40000000000003,12.0,2018-07-17
Madhya Pradesh,Mandla,Cholera,2016,30,49.0,6.0,22.68536625,80.58150562,0.631774217,,10.0,2016-07-30
Madhya Pradesh,Mandla,Dengue,2013,24,195.0,2.0,22.68536625,80.58150562,0.7003738826,314.0066666,5.0,2013-06-11
Madhya Pradesh,Mandla,Dengue,2014,20,111.0,0.0,22.68536625,80.58150562,0.02503966181,313.432,9.0,2014-05-12
Madhya Pradesh,Mandla,Malaria,2010,48,163.0,0.0,22.68536625,80.58150562,0.01170190724,302.192,14.0,2010-12-01
Madhya Pradesh,Mandla,Malaria,2011,45,33.0,0.0,22.68536625,80.58150562,6.24e-05,303.9666666,14.0,2011-11-11
Madhya Pradesh,Mandla,Malaria,2013,1,11.0,0.0,22.68536625,80.58150562,0.03358013003,298.65500000000003,9.0,2013-01-05
Madhya Pradesh,Mandla,Malaria,2013,12,14.0,0.0,22.68536625,80.58150562,0.1797353022,304.9033334,6.0,2013-03-20
Madhya Pradesh,Mandla,Malaria,2014,5,31.0,0.0,22.68536625,80.58150562,0.005135531505,296.74,10.0,2014-01-27
Madhya Pradesh,Mandla,Malaria,2014,26,15.0,0.0,22.68536625,80.58150562,0.5874556802,306.87,10.0,2014-06-23
Madhya Pradesh,Mandla,Malaria,2014,30,21.0,0.0,22.68536625,80.58150562,1.459695788,,2.0,2014-07-24
Madhya Pradesh,Mandla,Malaria,2014,44,207.0,0.0,22.68536625,80.58150562,0.03074617816,302.6666666,18.0,2014-10-28
Madhya Pradesh,Mandla,Malaria,2014,45,7.0,1.0,22.68536625,80.58150562,0.0008195076441,302.03200000000004,18.0,2014-11-06
Madhya Pradesh,Mandla,Malaria,2015,20,16.0,0.0,22.68536625,80.58150562,0.0247886308,315.03000000000003,6.0,2015-05-11
Madhya Pradesh,Mandla,Malaria,2015,29,11.0,0.0,22.68536625,80.58150562,0.3312562979,303.02,12.0,2015-07-18
Madhya Pradesh,Mandla,Malaria,2015,40,27.0,1.0,22.68536625,80.58150562,0.005318695921,302.7133334,25.0,2015-10-02
Madhya Pradesh,Mandla,Malaria,2015,41,135.0,0.0,22.68536625,80.58150562,7.26e-05,306.6,21.0,2015-10-10
Madhya Pradesh,Mandla,Malaria,2015,43,12.0,0.0,22.68536625,80.58150562,0.08337386316,306.14,,2015-10-24
Madhya Pradesh,Mandsaur,Acute Diarrhoeal Disease,2009,26,156.0,0.0,24.2651306,75.38718194,0.07596816822,315.872,2.0,2009-06-27
Madhya Pradesh,Mandsaur,Acute Diarrhoeal Disease,2013,11,24.0,0.0,24.2651306,75.38718194,6.76e-05,312.8066666,,2013-03-14
Madhya Pradesh,Mandsaur,Acute Diarrhoeal Disease,2014,52,239.0,0.0,24.2651306,75.38718194,5.02e-05,296.584,8.0,2014-12-25
Madhya Pradesh,Mandsaur,Acute Diarrhoeal Disease,2015,18,63.0,0.0,24.2651306,75.38718194,0.001109563818,317.09200000000004,,2015-04-30
Madhya Pradesh,Mandsaur,Acute Diarrhoeal Disease,2015,47,30.0,0.0,24.2651306,75.38718194,4.6e-05,306.016,6.0,2015-11-22
Madhya Pradesh,Mandsaur,Acute Diarrhoeal Disease,2016,18,37.0,0.0,24.2651306,75.38718194,0.06158245295,319.74333340000004,,2016-05-07
Madhya Pradesh,Mandsaur,Acute Diarrhoeal Disease,2017,46,35.0,0.0,24.2651306,75.38718194,2.57e-05,306.34000000000003,6.0,2017-11-14
Madhya Pradesh,Mandsaur,Acute Diarrhoeal Disease,2022,18,254.0,0.0,24.2651306,75.38718194,0.0113970782,317.3666666,3.0,2022-05-07
Madhya Pradesh,Mandsaur,Malaria,2011,44,29.0,4.0,24.2651306,75.38718194,5.96e-05,308.05333340000004,5.0,2011-11-02
Madhya Pradesh,Mandsaur,Malaria,2013,29,20.0,0.0,24.2651306,75.38718194,0.7179511373,302.34000000000003,4.0,2013-07-18
Madhya Pradesh,Mandsaur,Malaria,2015,40,27.0,0.0,24.2651306,75.38718194,0.0001030106842,312.31,6.0,2015-10-01
Madhya Pradesh,Morena,Acute Diarrhoeal Disease,2009,27,59.0,0.0,26.166667,77.5,0.3380770713,314.2,,2009-07-03
Madhya Pradesh,Morena,Acute Diarrhoeal Disease,2009,34,25.0,2.0,26.166667,77.5,1.479588168,,,2009-08-20
Madhya Pradesh,Morena,Acute Diarrhoeal Disease,2009,36,35.0,0.0,26.166667,77.5,0.5106303734,306.21,13.0,2009-08-31
Madhya Pradesh,Morena,Acute Diarrhoeal Disease,2010,31,26.0,0.0,26.166667,77.5,0.6273805897,302.38,8.0,2010-08-03
Madhya Pradesh,Morena,Acute Diarrhoeal Disease,2011,8,12.0,0.0,26.166667,77.5,0.1326510865,298.385,12.0,2011-02-21
Madhya Pradesh,Morena,Acute Diarrhoeal Disease,2013,27,35.0,0.0,26.166667,77.5,0.3363460802,302.5666666,,2013-07-04
Madhya Pradesh,Morena,Acute Diarrhoeal Disease,2013,35,11.0,2.0,26.166667,77.5,0.8222058393,303.13,16.0,2013-08-27
Madhya Pradesh,Morena,Acute Diarrhoeal Disease,2016,19,80.0,0.0,26.166667,77.5,0.02583339529,315.12,4.0,2016-05-12
Madhya Pradesh,Morena,Acute Diarrhoeal Disease,2016,21,41.0,0.0,26.166667,77.5,0.02093716194,308.75,3.0,2016-05-29
Madhya Pradesh,Morena,Acute Diarrhoeal Disease,2019,41,12.0,2.0,26.166667,77.5,0.0106106076,303.7,14.0,2019-10-11
Madhya Pradesh,Morena,Acute Diarrhoeal Disease,2022,19,15.0,0.0,26.166667,77.5,0.0002114471021,316.4866666,3.0,2022-05-13
Madhya Pradesh,Morena,Acute Diarrhoeal Disease,2022,22,4.0,0.0,26.166667,77.5,0.005249182568,311.6,3.0,2022-05-31
Madhya Pradesh,Morena,Acute Diarrhoeal Disease,2022,23,12.0,0.0,26.166667,77.5,4.75e-05,318.4833334,3.0,2022-06-07
Madhya Pradesh,Morena,Chikungunya,2010,45,234.0,0.0,26.166667,77.5,0.01270885435,303.37333340000004,8.0,2010-11-11
Madhya Pradesh,Morena,Chikungunya,2018,11,36.0,0.0,26.166667,77.5,0.002149271036,309.5166666,6.0,2018-03-18
Madhya Pradesh,Morena,Cholera,2018,34,18.0,0.0,26.166667,77.5,0.9372526563500001,303.4725,10.0,2018-08-20
Madhya Pradesh,Morena,Dengue,2016,36,154.0,0.0,26.166667,77.5,0.3413890831,301.95,,2016-09-05
Madhya Pradesh,Morena,Dengue,2016,38,25.0,0.0,26.166667,77.5,0.1462807179,304.172,,2016-09-20
Madhya Pradesh,Morena,Dengue,2017,32,18.0,0.0,26.166667,77.5,0.7744701128,,7.0,2017-08-11
Madhya Pradesh,Morena,Dengue,2018,22,17.0,0.0,26.166667,77.5,0.000133343362,318.74333340000004,3.0,2018-05-28
Madhya Pradesh,Morena,Malaria,2014,39,43.0,0.0,26.166667,77.5,0.0001060182002,306.9616667,15.0,2014-09-25
Madhya Pradesh,Morena,Malaria,2014,40,72.0,0.0,26.166667,77.5,0.004384428691,310.2,12.0,2014-10-04
Madhya Pradesh,Morena,Malaria,2014,43,138.0,1.0,26.166667,77.5,0.0002009514016,309.1633334,7.0,2014-10-25
Madhya Pradesh,Morena,Malaria,2014,47,74.0,0.0,26.166667,77.5,7.82e-05,301.516,,2014-11-17
Madhya Pradesh,Morena,Malaria,2015,34,50.0,0.0,26.166667,77.5,0.4048208289,299.08,,2015-08-20
Madhya Pradesh,Morena,Malaria,2015,47,163.0,0.0,26.166667,77.5,0.0001566361446,305.31333340000003,7.0,2015-11-20
Madhya Pradesh,Morena,Malaria,2017,40,3.0,0.0,26.166667,77.5,5.48e-05,311.28000000000003,,2017-10-07
Madhya Pradesh,Morena,Malaria,2019,34,15.0,0.0,26.166667,77.5,0.8378399969,301.11333340000004,14.0,2019-08-22
Madhya Pradesh,Narsinghpur,Acute Diarrhoeal Disease,2010,29,32.0,0.0,22.9467047,79.1980228,0.3428461693,304.8,9.0,2010-07-24
Madhya Pradesh,Narsinghpur,Acute Diarrhoeal Disease,2010,30,96.0,0.0,22.9467047,79.1980228,0.858944407,,4.0,2010-07-30
Madhya Pradesh,Narsinghpur,Acute Diarrhoeal Disease,2011,29,46.0,0.0,22.9467047,79.1980228,2.468751969,,11.0,2011-07-21
Madhya Pradesh,Narsinghpur,Acute Diarrhoeal Disease,2013,30,92.0,0.0,22.9467047,79.1980228,1.561696596,,7.0,2013-07-24
Madhya Pradesh,Narsinghpur,Acute Diarrhoeal Disease,2016,29,165.0,0.0,22.9467047,79.1980228,0.2689124354,,6.0,2016-07-23
Madhya Pradesh,Narsinghpur,Acute Diarrhoeal Disease,2017,30,14.0,1.0,22.9467047,79.1980228,0.4755056986,,2.0,2017-07-26
Madhya Pradesh,Narsinghpur,Acute Diarrhoeal Disease,2018,34,27.0,0.0,22.9467047,79.1980228,0.7956620973,,7.0,2018-08-23
Madhya Pradesh,Narsinghpur,Acute Diarrhoeal Disease,2022,22,136.0,2.0,22.9467047,79.1980228,0.02829364721,308.0733334,9.0,2022-05-31
Madhya Pradesh,Narsinghpur,Dengue,2014,16,63.0,0.0,22.9467047,79.1980228,0.004870074212,315.4566666,5.0,2014-04-18
Madhya Pradesh,Neemuch,Acute Diarrhoeal Disease,2012,48,70.0,0.0,24.6301735,75.18310518,4.03e-05,302.93333340000004,7.0,2012-11-28
Madhya Pradesh,Neemuch,Acute Diarrhoeal Disease,2014,28,50.0,0.0,24.6301735,75.18310518,0.001706140763,309.42,4.0,2014-07-07
Madhya Pradesh,Neemuch,Acute Diarrhoeal Disease,2015,3,268.0,0.0,24.6301735,75.18310518,0.01022539908,296.7366666,,2015-01-17
Madhya Pradesh,Neemuch,Malaria,2011,43,65.0,0.0,24.6301735,75.18310518,6.87e-05,310.2866666,7.0,2011-10-26
Madhya Pradesh,Nimach,Acute Diarrhoeal Disease,2015,25,55.0,0.0,24.4624649,74.8501137,0.1928042494,308.016,3.0,2015-06-19
Madhya Pradesh,Nimach,Acute Diarrhoeal Disease,2019,25,123.0,0.0,24.4624649,74.8501137,0.5770076868,315.276,3.0,2019-06-20
Madhya Pradesh,Nimach,Dengue,2016,35,10.0,0.0,24.4624649,74.8501137,0.5788444259,298.72,,2016-09-04
Madhya Pradesh,Nimach,Dengue,2016,39,11.0,0.0,24.4624649,74.8501137,0.006228167574,307.5266666,8.0,2016-10-01
Madhya Pradesh,Panna,Acute Diarrhoeal Disease,2009,34,15.0,0.0,24.5,80.25,0.6556518823,302.3,12.0,2009-08-19
Madhya Pradesh,Panna,Acute Diarrhoeal Disease,2010,29,21.0,0.0,24.5,80.25,0.7466248572,304.42,10.0,2010-07-25
Madhya Pradesh,Panna,Acute Diarrhoeal Disease,2010,35,20.0,1.0,24.5,80.25,0.8128650536,301.705,21.0,2010-09-03
Madhya Pradesh,Panna,Acute Diarrhoeal Disease,2011,36,66.0,0.0,24.5,80.25,0.8356018248,301.72,13.0,2011-09-11
Madhya Pradesh,Panna,Acute Diarrhoeal Disease,2012,24,16.0,1.0,24.5,80.25,0.004561428587,316.12,4.0,2012-06-12
Madhya Pradesh,Panna,Acute Diarrhoeal Disease,2013,32,37.0,0.0,24.5,80.25,0.3344112861,300.5266666,7.0,2013-08-07
Madhya Pradesh,Panna,Acute Diarrhoeal Disease,2014,23,14.0,0.0,24.5,80.25,0.004290013731,318.96,5.0,2014-06-04
Madhya Pradesh,Panna,Acute Diarrhoeal Disease,2014,33,24.0,0.0,24.5,80.25,0.7564161567,,,2014-08-13
Madhya Pradesh,Panna,Acute Diarrhoeal Disease,2018,23,27.0,1.0,24.5,80.25,0.02915247292,315.9566666,4.0,2018-06-05
Madhya Pradesh,Panna,Acute Diarrhoeal Disease,2018,31,23.0,1.0,24.5,80.25,1.107004691,,3.0,2018-07-31
Madhya Pradesh,Panna,Acute Diarrhoeal Disease,2018,32,25.0,0.0,24.5,80.25,0.3076877704,,6.0,2018-08-08
Madhya Pradesh,Panna,Acute Diarrhoeal Disease,2018,34,13.0,0.0,24.5,80.25,0.8683032865,303.62,,2018-08-20
Madhya Pradesh,Panna,Cholera,2015,27,56.0,2.0,24.5,80.25,0.6532520202,304.1333334,8.0,2015-07-01
Madhya Pradesh,Panna,Malaria,2011,46,25.0,0.0,24.5,80.25,6.36e-05,306.2933334,8.0,2011-11-18
Madhya Pradesh,Panna,Malaria,2015,34,20.0,0.0,24.5,80.25,0.7935355192,299.84000000000003,,2015-08-21
Madhya Pradesh,Panna,Malaria,2015,36,97.0,0.0,24.5,80.25,0.1457369378,301.04,,2015-09-05
Madhya Pradesh,Raisen,Acute Diarrhoeal Disease,2010,31,28.0,0.0,23.25,78.083333,0.8790689551,,3.0,2010-08-02
Madhya Pradesh,Raisen,Acute Diarrhoeal Disease,2011,35,208.0,4.0,23.25,78.083333,0.7443816514,290.45,16.0,2011-09-02
Madhya Pradesh,Raisen,Acute Diarrhoeal Disease,2013,30,12.0,2.0,23.25,78.083333,2.390765664,299.40000000000003,5.0,2013-07-25
Madhya Pradesh,Raisen,Acute Diarrhoeal Disease,2014,20,92.0,0.0,23.25,78.083333,0.0003006299713,319.608,5.0,2014-05-13
Madhya Pradesh,Raisen,Acute Diarrhoeal Disease,2016,28,10.0,1.0,23.25,78.083333,3.156636067,,2.0,2016-07-13
Madhya Pradesh,Raisen,Acute Diarrhoeal Disease,2016,31,22.0,0.0,23.25,78.083333,0.8958518521,,5.0,2016-08-02
Madhya Pradesh,Raisen,Acute Diarrhoeal Disease,2016,32,25.0,0.0,23.25,78.083333,1.348811711,,2.0,2016-08-10
Madhya Pradesh,Raisen,Acute Diarrhoeal Disease,2016,34,71.0,0.0,23.25,78.083333,1.678076363,301.56,11.0,2016-08-22
Madhya Pradesh,Raisen,Acute Diarrhoeal Disease,2017,17,25.0,0.0,23.25,78.083333,0.0001315401511,320.896,4.0,2017-04-28
Madhya Pradesh,Raisen,Acute Diarrhoeal Disease,2018,32,13.0,1.0,23.25,78.083333,0.363364831,289.7,2.0,2018-08-10
Madhya Pradesh,Raisen,Acute Diarrhoeal Disease,2019,27,16.0,0.0,23.25,78.083333,2.298592539,,3.0,2019-07-07
Madhya Pradesh,Raisen,Acute Diarrhoeal Disease,2019,46,150.0,2.0,23.25,78.083333,0.07995130794,303.3,12.0,2019-11-13
Madhya Pradesh,Raisen,Cholera,2017,41,18.0,1.0,23.25,78.083333,0.19828245,303.935,18.0,2017-10-14
Madhya Pradesh,Raisen,Malaria,2009,35,341.0,2.0,23.25,78.083333,0.2088473206,300.48,23.0,2009-08-25
Madhya Pradesh,Raisen,Malaria,2017,37,13.0,0.0,23.25,78.083333,0.3982459605,304.91,,2017-09-13
Madhya Pradesh,Raisen,Malaria,2017,43,60.0,0.0,23.25,78.083333,0.02107766111,305.75,,2017-10-24
Madhya Pradesh,Rajgarh,Acute Diarrhoeal Disease,2010,35,216.0,0.0,23.87167135,76.7748902,0.9421431808,301.36,10.0,2010-08-31
Madhya Pradesh,Rajgarh,Acute Diarrhoeal Disease,2013,28,69.0,0.0,23.87167135,76.7748902,0.7578438445,307.74,2.0,2013-07-10
Madhya Pradesh,Rajgarh,Acute Diarrhoeal Disease,2016,24,42.0,0.0,23.87167135,76.7748902,0.006694902246,315.1433334,2.0,2016-06-15
Madhya Pradesh,Rajgarh,Acute Diarrhoeal Disease,2016,29,31.0,0.0,23.87167135,76.7748902,1.063863333,,,2016-07-18
Madhya Pradesh,Rajgarh,Chikungunya,2011,44,62.0,0.0,23.87167135,76.7748902,5.96e-05,310.192,5.0,2011-11-02
Madhya Pradesh,Rajgarh,Dengue,2016,41,41.0,0.0,23.87167135,76.7748902,0.3364512638,306.5266666,9.0,2016-10-10
Madhya Pradesh,Rajgarh,Dengue,2018,16,24.0,0.0,23.87167135,76.7748902,0.005254636682,321.0,3.0,2018-04-19
Madhya Pradesh,Rajgarh,Malaria,2016,37,28.0,0.0,23.87167135,76.7748902,0.06858938929,301.12,,2016-09-12
Madhya Pradesh,Ratlam,Acute Diarrhoeal Disease,2016,26,150.0,0.0,23.4805919,74.91931943,0.2534567386,314.3,3.0,2016-06-27
Madhya Pradesh,Ratlam,Acute Diarrhoeal Disease,2016,32,275.0,0.0,23.4805919,74.91931943,3.268192917,,4.0,2016-08-09
Madhya Pradesh,Ratlam,Acute Diarrhoeal Disease,2017,24,425.0,0.0,23.4805919,74.91931943,0.2113019916,311.77500000000003,4.0,2017-06-13
Madhya Pradesh,Ratlam,Acute Diarrhoeal Disease,2022,20,113.0,0.0,23.4805919,74.91931943,2.79e-05,317.87,3.0,2022-05-22
Madhya Pradesh,Ratlam,Cholera,2015,27,878.0,0.0,23.4805919,74.91931943,0.08795929723,305.495,5.0,2015-07-02
Madhya Pradesh,Ratlam,Cholera,2016,25,66.0,0.0,23.4805919,74.91931943,0.4219530301,306.1,,2016-06-24
Madhya Pradesh,Ratlam,Cholera,2016,28,2358.0,2.0,23.4805919,74.91931943,3.760360955,,2.0,2016-07-14
Madhya Pradesh,Ratlam,Cholera,2016,30,6.0,0.0,23.4805919,74.91931943,1.433377342,,2.0,2016-07-31
Madhya Pradesh,Ratlam,Cholera,2016,31,22.0,0.0,23.4805919,74.91931943,2.313674696,,4.0,2016-08-07
Madhya Pradesh,Rewa,Acute Diarrhoeal Disease,2010,36,39.0,0.0,24.756718,81.65493469,0.4424886511,302.24,13.0,2010-09-11
Madhya Pradesh,Rewa,Acute Diarrhoeal Disease,2012,31,37.0,0.0,24.756718,81.65493469,0.9436128268,,,2012-08-03
Madhya Pradesh,Rewa,Acute Diarrhoeal Disease,2012,32,18.0,0.0,24.756718,81.65493469,1.381359153,,8.0,2012-08-07
Madhya Pradesh,Rewa,Acute Diarrhoeal Disease,2013,33,24.0,1.0,24.756718,81.65493469,0.3005525994,301.1066666,13.0,2013-08-15
Madhya Pradesh,Rewa,Acute Diarrhoeal Disease,2014,33,21.0,0.0,24.756718,81.65493469,0.4729643307,303.76,11.0,2014-08-17
Madhya Pradesh,Rewa,Acute Diarrhoeal Disease,2014,42,12.0,0.0,24.756718,81.65493469,0.5880790668,305.8866666,,2014-10-15
Madhya Pradesh,Rewa,Acute Diarrhoeal Disease,2016,34,12.0,0.0,24.756718,81.65493469,0.3974956434,301.9733334,11.0,2016-08-26
Madhya Pradesh,Rewa,Acute Diarrhoeal Disease,2016,40,18.0,0.0,24.756718,81.65493469,0.3002715701,302.212,,2016-10-06
Madhya Pradesh,Rewa,Acute Diarrhoeal Disease,2017,16,20.0,0.0,24.756718,81.65493469,6.25e-05,317.34000000000003,4.0,2017-04-21
Madhya Pradesh,Rewa,Acute Diarrhoeal Disease,2017,21,24.0,0.0,24.756718,81.65493469,0.01747010826,318.1066666,4.0,2017-05-26
Madhya Pradesh,Rewa,Acute Diarrhoeal Disease,2018,46,10.0,2.0,24.756718,81.65493469,2.62e-05,303.6666666,6.0,2018-11-14
Madhya Pradesh,Rewa,Acute Diarrhoeal Disease,2022,23,20.0,1.0,24.756718,81.65493469,0.0004349343701,315.416,4.0,2022-06-12
Madhya Pradesh,Rewa,Malaria,2016,30,77.0,0.0,24.756718,81.65493469,0.6818955623,307.32,5.0,2016-07-31
Madhya Pradesh,Rewa,Malaria,2018,40,91.0,0.0,24.756718,81.65493469,0.003246936904,307.95,13.0,2018-10-06
Madhya Pradesh,Sagar,Acute Diarrhoeal Disease,2009,31,151.0,2.0,23.80961225,78.75911361,0.3013048888,300.7733334,,2009-07-28
Madhya Pradesh,Sagar,Acute Diarrhoeal Disease,2009,35,23.0,0.0,23.80961225,78.75911361,0.1534465756,300.956,24.0,2009-08-25
Madhya Pradesh,Sagar,Acute Diarrhoeal Disease,2010,29,45.0,1.0,23.80961225,78.75911361,0.5671101062,310.96,9.0,2010-07-21
Madhya Pradesh,Sagar,Acute Diarrhoeal Disease,2011,27,10.0,1.0,23.80961225,78.75911361,1.143457379,308.98,9.0,2011-07-10
Madhya Pradesh,Sagar,Acute Diarrhoeal Disease,2011,39,11.0,0.0,23.80961225,78.75911361,0.0730418219,301.6366666,20.0,2011-09-26
Madhya Pradesh,Sagar,Acute Diarrhoeal Disease,2015,31,15.0,0.0,23.80961225,78.75911361,2.067841664,,,2015-07-27
Madhya Pradesh,Sagar,Acute Diarrhoeal Disease,2016,20,25.0,0.0,23.80961225,78.75911361,4.03e-05,320.7966666,4.0,2016-05-20
Madhya Pradesh,Sagar,Acute Diarrhoeal Disease,2016,22,19.0,1.0,23.80961225,78.75911361,0.02638279638,312.2266666,,2016-05-31
Madhya Pradesh,Sagar,Malaria,2015,43,21.0,0.0,23.80961225,78.75911361,0.001540964226,310.7266666,9.0,2015-10-20
Madhya Pradesh,Sagar,Malaria,2015,48,10.0,0.0,23.80961225,78.75911361,0.0001833807178,305.44333340000003,,2015-11-24
Madhya Pradesh,Satna,Acute Diarrhoeal Disease,2012,30,77.0,1.0,24.5,81.0,1.3158342859999999,,3.5,2012-07-25
Madhya Pradesh,Satna,Acute Diarrhoeal Disease,2012,31,12.0,1.0,24.5,81.0,0.7642599882,,3.0,2012-08-02
Madhya Pradesh,Satna,Acute Diarrhoeal Disease,2014,38,23.0,1.0,24.5,81.0,0.316752176,300.64,15.0,2014-09-15
Madhya Pradesh,Satna,Acute Diarrhoeal Disease,2014,41,11.0,0.0,24.5,81.0,0.03681917971,305.356,15.0,2014-10-11
Madhya Pradesh,Satna,Acute Diarrhoeal Disease,2018,35,12.0,1.0,24.5,81.0,1.184756944,,2.0,2018-08-27
Madhya Pradesh,Satna,Acute Diarrhoeal Disease,2019,36,13.0,2.0,24.5,81.0,0.7762360833,302.2266666,15.0,2019-09-07
Madhya Pradesh,Satna,Chikungunya,2010,50,13.0,0.0,24.5,81.0,0.03711341118,298.355,8.0,2010-12-13
Madhya Pradesh,Satna,Malaria,2018,30,15.0,0.0,24.5,81.0,1.429372551,,,2018-07-27
Madhya Pradesh,Sehore,Acute Diarrhoeal Disease,2009,29,12.0,0.0,23.1156882,77.06623939,2.075410252,304.72,3.0,2009-07-14
Madhya Pradesh,Sehore,Acute Diarrhoeal Disease,2011,32,12.0,0.0,23.1156882,77.06623939,1.475803153,,,2011-08-12
Madhya Pradesh,Sehore,Acute Diarrhoeal Disease,2012,20,17.0,0.0,23.1156882,77.06623939,0.02901056082,321.16,4.0,2012-05-18
Madhya Pradesh,Sehore,Acute Diarrhoeal Disease,2013,17,11.0,0.0,23.1156882,77.06623939,0.005804015307,320.4733334,4.0,2013-04-28
Madhya Pradesh,Sehore,Acute Diarrhoeal Disease,2013,24,19.0,0.0,23.1156882,77.06623939,0.5326670902,312.4533334,3.0,2013-06-12
Madhya Pradesh,Sehore,Acute Diarrhoeal Disease,2014,33,20.0,0.0,23.1156882,77.06623939,0.9453241702,,13.0,2014-08-14
Madhya Pradesh,Sehore,Acute Diarrhoeal Disease,2014,48,10.0,0.0,23.1156882,77.06623939,4.98e-05,305.3466666,7.0,2014-11-30
Madhya Pradesh,Sehore,Acute Diarrhoeal Disease,2015,31,32.0,0.0,23.1156882,77.06623939,2.321387212,,12.0,2015-07-29
Madhya Pradesh,Sehore,Acute Diarrhoeal Disease,2015,44,61.0,0.0,23.1156882,77.06623939,0.1220597568,306.975,,2015-10-31
Madhya Pradesh,Sehore,Acute Diarrhoeal Disease,2016,24,63.0,0.0,23.1156882,77.06623939,0.015224209188999999,313.2026667,3.0,2016-06-15
Madhya Pradesh,Sehore,Acute Diarrhoeal Disease,2016,27,12.0,0.0,23.1156882,77.06623939,1.097717652,306.02,1.0,2016-07-06
Madhya Pradesh,Sehore,Acute Diarrhoeal Disease,2017,31,84.0,0.0,23.1156882,77.06623939,1.105708936,,10.0,2017-08-02
Madhya Pradesh,Sehore,Acute Diarrhoeal Disease,2018,28,24.0,0.0,23.1156882,77.06623939,1.505133439,304.08,3.0,2018-07-13
Madhya Pradesh,Sehore,Acute Diarrhoeal Disease,2018,31,22.0,0.0,23.1156882,77.06623939,0.06964986074,299.66,7.0,2018-08-03
Madhya Pradesh,Sehore,Chikungunya,2014,21,60.0,0.0,23.1156882,77.06623939,0.001122450004,319.1666666,5.0,2014-05-22
Madhya Pradesh,Sehore,Chikungunya,2014,31,41.0,0.0,23.1156882,77.06623939,0.7541823366,283.96,1.0,2014-07-31
Madhya Pradesh,Sehore,Chikungunya,2014,36,48.0,0.0,23.1156882,77.06623939,1.320522651,301.0,13.0,2014-09-04
Madhya Pradesh,Sehore,Chikungunya,2014,37,58.0,0.0,23.1156882,77.06623939,0.637046062,,,2014-09-13
Madhya Pradesh,Sehore,Chikungunya,2014,40,140.0,1.0,23.1156882,77.06623939,0.02578705988,308.33,15.0,2014-10-05
Madhya Pradesh,Sehore,Chikungunya,2014,49,50.0,0.0,23.1156882,77.06623939,2.71e-05,305.09000000000003,7.0,2014-12-04
Madhya Pradesh,Sehore,Chikungunya,2017,42,121.0,0.0,23.1156882,77.06623939,0.01580407232,309.1966666,10.0,2017-10-21
Madhya Pradesh,Sehore,Chikungunya,2017,43,125.0,0.0,23.1156882,77.06623939,0.02205528802,308.3666666,,2017-10-23
Madhya Pradesh,Sehore,Dengue,2016,13,142.0,0.0,23.1156882,77.06623939,0.06965587465,316.68333340000004,,2016-03-28
Madhya Pradesh,Sehore,Dengue,2017,28,49.0,0.0,23.1156882,77.06623939,0.181617011,309.16,,2017-07-12
Madhya Pradesh,Sehore,Dengue,2017,31,32.0,0.0,23.1156882,77.06623939,1.105708936,,10.0,2017-08-02
Madhya Pradesh,Sehore,Malaria,2014,34,35.0,0.0,23.1156882,77.06623939,0.1294572809,301.195,,2014-08-21
Madhya Pradesh,Seoni,Acute Diarrhoeal Disease,2009,25,31.0,0.0,22.2758789,79.72104465,0.02012045987,318.07,4.0,2009-06-16
Madhya Pradesh,Seoni,Acute Diarrhoeal Disease,2009,26,6.0,1.0,22.2758789,79.72104465,0.03206109911,321.44,3.0,2009-06-23
Madhya Pradesh,Seoni,Acute Diarrhoeal Disease,2009,30,60.0,0.0,22.2758789,79.72104465,1.173567867,306.1,6.0,2009-07-21
Madhya Pradesh,Seoni,Acute Diarrhoeal Disease,2009,31,14.0,0.0,22.2758789,79.72104465,0.3050686011,,11.0,2009-07-31
Madhya Pradesh,Seoni,Acute Diarrhoeal Disease,2010,30,35.0,0.0,22.2758789,79.72104465,1.599986433,,8.0,2010-07-30
Madhya Pradesh,Seoni,Acute Diarrhoeal Disease,2013,20,83.0,0.0,22.2758789,79.72104465,0.0001420775402,321.596,,2013-05-16
Madhya Pradesh,Seoni,Acute Diarrhoeal Disease,2013,29,53.0,0.0,22.2758789,79.72104465,1.387257754,,6.0,2013-07-18
Madhya Pradesh,Seoni,Acute Diarrhoeal Disease,2020,47,120.0,0.0,22.2758789,79.72104465,0.02168966444,307.14,7.0,2020-11-21
Madhya Pradesh,Shahdol,Acute Diarrhoeal Disease,2009,29,15.0,2.0,23.3002343,81.364771,1.424143966,300.72,5.0,2009-07-17
Madhya Pradesh,Shahdol,Acute Diarrhoeal Disease,2010,34,9.0,3.0,23.3002343,81.364771,0.7768488816,,17.0,2010-08-23
Madhya Pradesh,Shahdol,Acute Diarrhoeal Disease,2011,44,35.0,0.0,23.3002343,81.364771,4.93e-05,302.47,14.0,2011-11-05
Madhya Pradesh,Shahdol,Acute Diarrhoeal Disease,2013,27,8.0,1.0,23.3002343,81.364771,1.586628332,302.6,5.0,2013-07-05
Madhya Pradesh,Shahdol,Acute Diarrhoeal Disease,2013,30,25.0,2.0,23.3002343,81.364771,0.9278135947,300.90000000000003,,2013-07-27
Madhya Pradesh,Shahdol,Acute Diarrhoeal Disease,2013,36,19.0,0.0,23.3002343,81.364771,0.1231185492,300.6866666,19.0,2013-09-08
Madhya Pradesh,Shahdol,Acute Diarrhoeal Disease,2015,22,21.0,0.0,23.3002343,81.364771,0.001324613983,316.9166666,8.0,2015-05-28
Madhya Pradesh,Shahdol,Acute Diarrhoeal Disease,2018,35,9.0,1.0,23.3002343,81.364771,0.7831479953,,5.0,2018-08-31
Madhya Pradesh,Shahdol,Acute Diarrhoeal Disease,2018,36,16.0,1.0,23.3002343,81.364771,1.711233088,,15.0,2018-09-07
Madhya Pradesh,Shahdol,Malaria,2013,28,34.0,0.0,23.3002343,81.364771,0.5748573541,,,2013-07-12
Madhya Pradesh,Shahdol,Malaria,2016,29,5.0,0.0,23.3002343,81.364771,0.6663398819,,10.0,2016-07-23
Madhya Pradesh,Shajapur,Acute Diarrhoeal Disease,2012,17,24.0,0.0,23.37074105,76.62051527,0.0009625176422,321.3066666,3.0,2012-04-27
Madhya Pradesh,Shajapur,Acute Diarrhoeal Disease,2014,4,22.0,0.0,23.37074105,76.62051527,0.3837164432,294.07,12.0,2014-01-26
Madhya Pradesh,Shajapur,Acute Diarrhoeal Disease,2015,25,65.0,0.0,23.37074105,76.62051527,0.4386026436,312.1,3.0,2015-06-16
Madhya Pradesh,Shajapur,Acute Diarrhoeal Disease,2015,28,32.0,0.0,23.37074105,76.62051527,0.01170533814,305.21,6.0,2015-07-07
Madhya Pradesh,Shajapur,Acute Diarrhoeal Disease,2015,30,95.0,0.0,23.37074105,76.62051527,2.502155213,301.04,5.0,2015-07-26
Madhya Pradesh,Shajapur,Acute Diarrhoeal Disease,2015,34,54.0,0.0,23.37074105,76.62051527,0.9211221907,,,2015-08-20
Madhya Pradesh,Shajapur,Acute Diarrhoeal Disease,2015,35,12.0,0.0,23.37074105,76.62051527,0.07497061453,300.9466666,,2015-08-28
Madhya Pradesh,Shajapur,Acute Diarrhoeal Disease,2016,31,72.0,0.0,23.37074105,76.62051527,1.344609928,,6.0,2016-08-01
Madhya Pradesh,Shajapur,Cholera,2016,29,14.0,0.0,23.37074105,76.62051527,0.5323417689,,6.0,2016-07-20
Madhya Pradesh,Sheopur,Acute Diarrhoeal Disease,2018,37,35.0,2.0,25.6656611,76.6954843,0.5547358536,271.86,13.0,2018-09-11
Madhya Pradesh,Sheopur,Acute Diarrhoeal Disease,2022,22,56.0,0.0,25.6656611,76.6954843,2.4e-05,313.59000000000003,4.0,2022-06-04
Madhya Pradesh,Sheopur,Malaria,2013,39,25.0,0.0,25.6656611,76.6954843,0.3533737595,304.21,11.0,2013-09-26
Madhya Pradesh,Sheopur,Malaria,2015,34,9.0,1.0,25.6656611,76.6954843,0.8303885599,301.98,13.0,2015-08-18
Madhya Pradesh,Sheopur- Kalan,Acute Diarrhoeal Disease,2016,30,15.0,0.0,25.6713529,76.7005775,0.3837023032,308.26,5.0,2016-07-25
Madhya Pradesh,Sheopur-Kalan,Acute Diarrhoeal Disease,2016,35,6.0,1.0,25.6713529,76.7005775,0.3888912222,302.05,15.0,2016-08-30
Madhya Pradesh,Shivpuri,Acute Diarrhoeal Disease,2010,33,8.0,1.0,25.37524125,77.82811933,0.7811332351,299.41,9.0,2010-08-17
Madhya Pradesh,Shivpuri,Acute Diarrhoeal Disease,2010,34,52.0,2.0,25.37524125,77.82811933,0.4588326521,,14.0,2010-08-27
Madhya Pradesh,Shivpuri,Acute Diarrhoeal Disease,2011,38,20.0,0.0,25.37524125,77.82811933,0.05848771364,300.808,23.0,2011-09-24
Madhya Pradesh,Shivpuri,Acute Diarrhoeal Disease,2013,29,12.0,0.0,25.37524125,77.82811933,0.8315040994,299.55,14.0,2013-07-16
Madhya Pradesh,Shivpuri,Acute Diarrhoeal Disease,2013,36,17.0,0.0,25.37524125,77.82811933,0.004632751903,301.11333340000004,26.0,2013-09-08
Madhya Pradesh,Shivpuri,Acute Diarrhoeal Disease,2013,39,37.0,1.0,25.37524125,77.82811933,0.7869960141,299.92,19.0,2013-09-26
Madhya Pradesh,Shivpuri,Acute Diarrhoeal Disease,2014,14,14.0,0.0,25.37524125,77.82811933,0.0003622552896,312.93333340000004,6.0,2014-04-04
Madhya Pradesh,Shivpuri,Acute Diarrhoeal Disease,2016,27,25.0,0.0,25.37524125,77.82811933,0.7066602931,304.17,6.0,2016-07-09
Madhya Pradesh,Shivpuri,Acute Diarrhoeal Disease,2016,28,15.0,0.0,25.37524125,77.82811933,0.7719522829,303.8666666,,2016-07-11
Madhya Pradesh,Shivpuri,Acute Diarrhoeal Disease,2016,31,81.0,1.0,25.37524125,77.82811933,1.409301395,294.94,8.0,2016-08-01
Madhya Pradesh,Shivpuri,Acute Diarrhoeal Disease,2016,34,25.0,0.0,25.37524125,77.82811933,0.8864158472,,11.0,2016-08-23
Madhya Pradesh,Shivpuri,Acute Diarrhoeal Disease,2018,35,15.0,0.0,25.37524125,77.82811933,0.7680913363,300.74,,2018-08-28
Madhya Pradesh,Shivpuri,Dengue,2015,36,83.0,0.0,25.37524125,77.82811933,0.06763146262,303.15000000000003,25.0,2015-09-01
Madhya Pradesh,Shivpuri,Dengue & Malaria,2014,36,212.0,5.0,25.37524125,77.82811933,0.1813250442,306.7,16.0,2014-09-01
Madhya Pradesh,Shivpuri,Malaria,2013,33,100.0,2.0,25.37524125,77.82811933,1.207750769,,,2013-08-12
Madhya Pradesh,Shivpuri,Malaria,2013,36,178.0,0.0,25.37524125,77.82811933,0.7310646784,299.94,24.0,2013-09-02
Madhya Pradesh,Sidhi,Acute Diarrhoeal Disease,2016,28,4.0,1.0,24.25,82.0,0.5106888191,300.90000000000003,5.0,2016-07-16
Madhya Pradesh,Sidhi,Acute Diarrhoeal Disease,2016,31,24.0,0.0,24.25,82.0,0.407159226,,6.0,2016-08-05
Madhya Pradesh,Sidhi,Acute Diarrhoeal Disease,2016,34,14.0,0.0,24.25,82.0,0.5970945455,299.4533334,13.0,2016-08-26
Madhya Pradesh,Sidhi,Acute Diarrhoeal Disease,2016,40,5.0,1.0,24.25,82.0,0.5875210407,301.184,16.0,2016-10-09
Madhya Pradesh,Sidhi,Acute Diarrhoeal Disease,2017,30,16.0,0.0,24.25,82.0,2.500361904,,2.0,2017-07-26
Madhya Pradesh,Sidhi,Malaria,2013,30,627.0,0.0,24.25,82.0,0.7037924451,305.24,8.0,2013-07-23
Madhya Pradesh,Singrauli,Acute Diarrhoeal Disease,2016,28,17.0,0.0,24.1974432,82.6661453,0.2944747256,306.2,5.0,2016-07-12
Madhya Pradesh,Singrauli,Acute Diarrhoeal Disease,2016,34,45.0,4.0,24.1974432,82.6661453,1.3299109990333333,300.08666666666664,14.0,2016-08-22
Madhya Pradesh,Singrauli,Acute Diarrhoeal Disease,2016,38,14.0,2.0,24.1974432,82.6661453,0.6952896057,302.068,15.0,2016-09-22
Madhya Pradesh,Singrauli,Acute Diarrhoeal Disease,2018,35,4.0,2.0,24.1974432,82.6661453,0.6600698338,300.83,11.0,2018-08-30
Madhya Pradesh,Tikamgarh,Acute Diarrhoeal Disease,2011,30,57.0,0.0,24.85577805,79.04706347,1.44784655645,304.2,9.0,2011-07-25
Madhya Pradesh,Tikamgarh,Acute Diarrhoeal Disease,2011,33,24.0,1.0,24.85577805,79.04706347,0.3442415128,300.2,9.0,2011-08-17
Madhya Pradesh,Tikamgarh,Acute Diarrhoeal Disease,2013,22,29.0,0.0,24.85577805,79.04706347,5.57e-05,318.12333340000004,3.0,2013-05-29
Madhya Pradesh,Tikamgarh,Acute Diarrhoeal Disease,2018,29,78.0,0.0,24.85577805,79.04706347,1.19111276,306.34000000000003,5.0,2018-07-18
Madhya Pradesh,Tikamgarh,Chikungunya,2011,38,80.0,0.0,24.85577805,79.04706347,0.4215212739,300.145,11.0,2011-09-19
Madhya Pradesh,Tikamgarh,Chikungunya,2011,44,63.0,0.0,24.85577805,79.04706347,5.06e-05,307.8333334,5.0,2011-11-03
Madhya Pradesh,Ujjain,Acute Diarrhoeal Disease,2010,19,26.0,0.0,23.1885131,75.7716562,0.001316356345,322.64,3.0,2010-05-11
Madhya Pradesh,Ujjain,Acute Diarrhoeal Disease,2012,21,46.0,1.0,23.1885131,75.7716562,0.0003576663353,320.8966666,3.0,2012-05-25
Madhya Pradesh,Ujjain,Acute Diarrhoeal Disease,2013,27,22.0,0.0,23.1885131,75.7716562,0.806458071,302.44,3.0,2013-07-01
Madhya Pradesh,Ujjain,Acute Diarrhoeal Disease,2016,21,33.0,0.0,23.1885131,75.7716562,0.001614934497,317.1266666,3.0,2016-05-26
Madhya Pradesh,Ujjain,Acute Diarrhoeal Disease,2017,17,62.0,0.0,23.1885131,75.7716562,0.0009008682442,318.564,3.0,2017-04-28
Madhya Pradesh,Umaria,Acute Diarrhoeal Disease,2009,31,13.0,0.0,23.64319305,80.94239522,0.5002461562,304.06,,2009-07-27
Madhya Pradesh,Umaria,Acute Diarrhoeal Disease,2009,33,12.0,0.0,23.64319305,80.94239522,0.8755548068,,17.0,2009-08-16
Madhya Pradesh,Umaria,Acute Diarrhoeal Disease,2017,22,16.0,0.0,23.64319305,80.94239522,0.1257412582,316.17,9.0,2017-05-31
Madhya Pradesh,Umaria,Acute Diarrhoeal Disease,2018,32,10.0,1.0,23.64319305,80.94239522,0.6549307261,,4.0,2018-08-09
Madhya Pradesh,Umaria,Malaria,2011,44,150.0,0.0,23.64319305,80.94239522,5.45e-05,303.2033334,,2011-11-01
Madhya Pradesh,Umaria,Malaria,2015,35,14.0,0.0,23.64319305,80.94239522,0.1913714492,300.22,13.0,2015-08-25
Madhya Pradesh,Vidisha,Acute Diarrhoeal Disease,2010,30,114.0,0.0,23.5225788,77.8148001,1.468986649,300.76,8.0,2010-08-01
Madhya Pradesh,Vidisha,Acute Diarrhoeal Disease,2010,37,9.0,1.0,23.5225788,77.8148001,0.2420512129,297.85,,2010-09-14
Madhya Pradesh,Vidisha,Acute Diarrhoeal Disease,2011,30,59.0,1.0,23.5225788,77.8148001,2.978363922,,9.0,2011-07-26
Madhya Pradesh,Vidisha,Acute Diarrhoeal Disease,2011,31,9.0,0.0,23.5225788,77.8148001,0.5058499193,300.12,5.0,2011-08-01
Madhya Pradesh,Vidisha,Acute Diarrhoeal Disease,2013,35,18.0,0.0,23.5225788,77.8148001,1.170925754,300.68,,2013-08-28
Madhya Pradesh,Vidisha,Acute Diarrhoeal Disease,2014,30,45.0,0.0,23.5225788,77.8148001,1.411131369,,1.0,2014-07-24
Madhya Pradesh,Vidisha,Acute Diarrhoeal Disease,2016,23,14.0,0.0,23.5225788,77.8148001,0.002195763898,320.3333334,,2016-06-09
Maharashtra,Ahmednagar,Acute Diarrhoeal Disease,2012,25,15.0,0.0,19.1627725,74.8580243,0.3336660041,310.492,3.0,2012-06-22
Maharashtra,Ahmednagar,Acute Diarrhoeal Disease,2012,26,17.0,0.0,19.1627725,74.8580243,0.05197187272,312.355,3.0,2012-06-29
Maharashtra,Ahmednagar,Acute Diarrhoeal Disease,2012,41,93.0,0.0,19.1627725,74.8580243,1.188847086,302.34000000000003,11.0,2012-10-09
Maharashtra,Ahmednagar,Acute Diarrhoeal Disease,2013,39,20.0,0.0,19.1627725,74.8580243,0.4544647852,301.5666666,13.0,2013-09-25
Maharashtra,Ahmednagar,Acute Diarrhoeal Disease,2015,22,15.0,0.0,19.1627725,74.8580243,0.0006341289129,317.87,3.0,2015-05-27
Maharashtra,Ahmednagar,Acute Diarrhoeal Disease,2015,48,42.0,0.0,19.1627725,74.8580243,0.2019926814,304.75,7.0,2015-11-29
Maharashtra,Ahmednagar,Acute Diarrhoeal Disease,2015,50,104.0,0.0,19.1627725,74.8580243,4.95e-05,305.6266666,,2015-12-10
Maharashtra,Ahmednagar,Acute Diarrhoeal Disease,2015,51,29.0,0.0,19.1627725,74.8580243,0.001722955393,307.355,7.0,2015-12-17
Maharashtra,Ahmednagar,Acute Diarrhoeal Disease,2016,4,41.0,0.0,19.1627725,74.8580243,6.67e-05,308.41,4.0,2016-01-29
Maharashtra,Ahmednagar,Acute Diarrhoeal Disease,2016,11,36.0,0.0,19.1627725,74.8580243,0.000324765012,316.0166666,4.0,2016-03-15
Maharashtra,Ahmednagar,Acute Diarrhoeal Disease,2016,12,35.0,0.0,19.1627725,74.8580243,0.00244717831,318.46,3.0,2016-03-26
Maharashtra,Ahmednagar,Acute Diarrhoeal Disease,2016,14,71.0,0.0,19.1627725,74.8580243,0.01417676803,322.35200000000003,,2016-04-05
Maharashtra,Ahmednagar,Acute Diarrhoeal Disease,2016,16,93.0,0.0,19.1627725,74.8580243,9.13e-05,324.888,3.0,2016-04-20
Maharashtra,Ahmednagar,Acute Diarrhoeal Disease,2016,21,35.0,0.0,19.1627725,74.8580243,0.008922859033,320.09000000000003,2.0,2016-05-28
Maharashtra,Ahmednagar,Acute Diarrhoeal Disease,2018,27,82.0,0.0,19.1627725,74.8580243,0.2006507419,307.2333334,,2018-07-03
Maharashtra,Ahmednagar,Chikungunya,2011,39,219.0,0.0,19.1627725,74.8580243,0.01921152374,304.535,15.0,2011-10-02
Maharashtra,Ahmednagar,Chikungunya,2011,41,167.0,0.0,19.1627725,74.8580243,0.02711818827,305.41200000000003,14.0,2011-10-10
Maharashtra,Ahmednagar,Chikungunya,2011,44,31.0,0.0,19.1627725,74.8580243,0.001625035882,305.9966666,,2011-10-31
Maharashtra,Ahmednagar,Chikungunya,2012,18,20.0,0.0,19.1627725,74.8580243,5.28e-05,318.6166666,4.0,2012-05-03
Maharashtra,Ahmednagar,Chikungunya,2014,16,29.0,0.0,19.1627725,74.8580243,0.02396821079,320.272,5.0,2014-04-19
Maharashtra,Ahmednagar,Chikungunya,2014,21,14.0,0.0,19.1627725,74.8580243,0.01783203463,317.86400000000003,4.0,2014-05-20
Maharashtra,Ahmednagar,Chikungunya,2015,7,13.0,0.0,19.1627725,74.8580243,6.18e-05,305.3,,2015-02-09
Maharashtra,Ahmednagar,Chikungunya,2016,29,15.0,0.0,19.1627725,74.8580243,0.3859026242,303.22,6.0,2016-07-24
Maharashtra,Ahmednagar,Chikungunya,2016,34,182.0,0.0,19.1627725,74.8580243,0.1393667995,305.16,8.0,2016-08-26
Maharashtra,Ahmednagar,Chikungunya,2016,35,20.0,0.0,19.1627725,74.8580243,0.2722894604,303.59000000000003,8.0,2016-08-30
Maharashtra,Ahmednagar,Chikungunya,2016,39,32.0,0.0,19.1627725,74.8580243,0.7285040934,301.7,12.0,2016-09-27
Maharashtra,Ahmednagar,Chikungunya,2017,37,28.0,0.0,19.1627725,74.8580243,0.832104287,297.44,6.0,2017-09-17
Maharashtra,Ahmednagar,Chikungunya,2020,45,65.0,0.0,19.1627725,74.8580243,0.0004237234006,303.2966666,13.0,2020-11-03
Maharashtra,Ahmednagar,Chikungunya,2020,51,14.0,0.0,19.1627725,74.8580243,0.08753196133,301.796,,2020-12-18
Maharashtra,Ahmednagar,Chikungunya,2021,12,3.0,1.0,19.1627725,74.8580243,0.04168389914,309.66,6.0,2021-03-23
Maharashtra,Ahmednagar,Chikungunya,2021,13,13.0,0.0,19.1627725,74.8580243,7.99e-05,316.252,6.0,2021-04-04
Maharashtra,Ahmednagar,Chikungunya,2021,27,11.0,0.0,19.1627725,74.8580243,0.01744418547,306.51,9.0,2021-07-07
Maharashtra,Ahmednagar,Dengue,2011,44,10.0,0.0,19.1627725,74.8580243,0.001616428911,306.872,9.0,2011-11-04
Maharashtra,Ahmednagar,Dengue,2011,47,9.0,0.0,19.1627725,74.8580243,8.71e-05,308.1666666,8.0,2011-11-23
Maharashtra,Ahmednagar,Dengue,2012,38,320.0,0.0,19.1627725,74.8580243,0.28860311245,304.552,10.0,2012-09-21
Maharashtra,Ahmednagar,Dengue,2012,48,11.0,0.0,19.1627725,74.8580243,0.0005671242033,306.5433334,6.0,2012-11-26
Maharashtra,Ahmednagar,Dengue,2012,52,12.0,0.0,19.1627725,74.8580243,5.97e-05,305.648,5.0,2012-12-24
Maharashtra,Ahmednagar,Dengue,2013,17,13.0,0.0,19.1627725,74.8580243,0.0005994831715,320.8,,2013-04-23
Maharashtra,Ahmednagar,Dengue,2013,36,27.0,0.0,19.1627725,74.8580243,0.04018903263,308.145,11.0,2013-09-04
Maharashtra,Ahmednagar,Dengue,2013,37,37.0,0.0,19.1627725,74.8580243,0.05936781401,308.568,11.0,2013-09-09
Maharashtra,Ahmednagar,Dengue,2013,38,17.0,0.0,19.1627725,74.8580243,1.019560666,302.872,12.0,2013-09-17
Maharashtra,Ahmednagar,Dengue,2013,40,40.0,0.0,19.1627725,74.8580243,0.178340962,303.856,14.0,2013-10-02
Maharashtra,Ahmednagar,Dengue,2013,43,42.0,1.0,19.1627725,74.8580243,0.02859810192,305.528,,2013-10-24
Maharashtra,Ahmednagar,Dengue,2013,47,15.0,1.0,19.1627725,74.8580243,5.19e-05,306.0,9.0,2013-11-21
Maharashtra,Ahmednagar,Dengue,2014,17,20.0,0.0,19.1627725,74.8580243,0.0348545065,315.9166666,5.0,2014-04-25
Maharashtra,Ahmednagar,Dengue,2014,20,16.0,0.0,19.1627725,74.8580243,0.003028381786,319.06,4.0,2014-05-14
Maharashtra,Ahmednagar,Dengue,2014,28,10.0,0.0,19.1627725,74.8580243,0.365054979,313.56,,2014-07-12
Maharashtra,Ahmednagar,Dengue,2014,41,11.0,0.0,19.1627725,74.8580243,0.01178910545,311.768,,2014-10-08
Maharashtra,Ahmednagar,Dengue,2014,46,55.0,0.0,19.1627725,74.8580243,0.02581867873,308.332,7.0,2014-11-12
Maharashtra,Ahmednagar,Dengue,2015,18,11.0,1.0,19.1627725,74.8580243,0.01545371461,318.75,4.0,2015-04-27
Maharashtra,Ahmednagar,Dengue,2016,25,7.0,1.0,19.1627725,74.8580243,0.6048793559,310.12,2.0,2016-06-22
Maharashtra,Ahmednagar,Dengue,2016,32,19.0,1.0,19.1627725,74.8580243,1.502518227,300.32,7.0,2016-08-08
Maharashtra,Ahmednagar,Dengue,2017,45,10.0,1.0,19.1627725,74.8580243,7.74e-05,304.8166666,,2017-11-08
Maharashtra,Ahmednagar,Dengue,2018,16,16.0,0.0,19.1627725,74.8580243,0.02182854143,315.6866666,5.0,2018-04-17
Maharashtra,Ahmednagar,Dengue,2019,34,32.0,0.0,19.1627725,74.8580243,0.1791402896,309.24,,2019-08-20
Maharashtra,Ahmednagar,Dengue,2019,35,40.0,0.0,19.1627725,74.8580243,0.1011150584,309.1333334,8.0,2019-08-26
Maharashtra,Ahmednagar,Dengue,2019,39,20.0,0.0,19.1627725,74.8580243,0.8857704141,302.0,15.0,2019-09-25
Maharashtra,Ahmednagar,Dengue,2019,41,27.0,1.0,19.1627725,74.8580243,0.5139457242,304.1533334,16.0,2019-10-12
Maharashtra,Ahmednagar,Malaria,2011,20,30.0,0.0,19.1627725,74.8580243,0.03103257406,316.67,4.0,2011-05-20
Maharashtra,Ahmednagar,Malaria,2012,25,159.0,0.0,19.1627725,74.8580243,0.3336660041,310.492,3.0,2012-06-22
Maharashtra,Ahmednagar,Malaria,2014,34,14.0,0.0,19.1627725,74.8580243,0.2078403457,304.35,7.0,2014-08-22
Maharashtra,Akola,Acute Diarrhoeal Disease,2009,30,45.0,1.0,20.76181225,77.19211567,2.147549921,,3.0,2009-07-23
Maharashtra,Akola,Acute Diarrhoeal Disease,2009,40,38.0,0.0,20.76181225,77.19211567,0.3061828904,310.2133334,11.0,2009-10-03
Maharashtra,Akola,Acute Diarrhoeal Disease,2010,17,54.0,2.0,20.76181225,77.19211567,0.001634605437,327.728,,2010-04-30
Maharashtra,Akola,Acute Diarrhoeal Disease,2010,22,15.0,0.0,20.76181225,77.19211567,0.001652636657,320.896,2.0,2010-06-03
Maharashtra,Akola,Acute Diarrhoeal Disease,2010,27,59.0,0.0,20.76181225,77.19211567,1.080278146,306.72,2.0,2010-07-08
Maharashtra,Akola,Acute Diarrhoeal Disease,2011,32,17.0,0.0,20.76181225,77.19211567,0.6330475129,,5.0,2011-08-08
Maharashtra,Akola,Acute Diarrhoeal Disease,2017,12,17.0,0.0,20.76181225,77.19211567,0.0002652240059,317.9033334,4.0,2017-03-23
Maharashtra,Akola,Acute Diarrhoeal Disease,2018,26,13.0,0.0,20.76181225,77.19211567,0.6477087213,317.08,2.0,2018-06-27
Maharashtra,Akola,Chikungunya,2011,39,98.0,1.0,20.76181225,77.19211567,0.07470984846,305.06,17.0,2011-09-26
Maharashtra,Akola,Chikungunya,2012,45,83.0,0.0,20.76181225,77.19211567,0.0520768214,307.06,,2012-11-07
Maharashtra,Akola,Chikungunya,2021,49,10.0,0.0,20.76181225,77.19211567,0.05797235484,302.7933334,17.0,2021-12-07
Maharashtra,Akola,Chikungunya,2022,10,9.0,0.0,20.76181225,77.19211567,0.01140150866,311.4666666,5.0,2022-03-12
Maharashtra,Akola,Cholera,2012,29,47.0,0.0,20.76181225,77.19211567,0.1605100815,311.26,,2012-07-18
Maharashtra,Akola,Cholera,2016,20,21.0,1.0,20.76181225,77.19211567,0.002499170694,325.4233334,2.0,2016-05-21
Maharashtra,Akola,Cholera,2016,21,21.0,1.0,20.76181225,77.19211567,0.002685900832,325.244,,2016-05-23
Maharashtra,Akola,Cholera,2018,16,13.0,0.0,20.76181225,77.19211567,0.01095632628,319.91,3.0,2018-04-17
Maharashtra,Akola,Dengue,2014,36,101.0,1.0,20.76181225,77.19211567,1.449853358,,9.0,2014-09-01
Maharashtra,Akola,Dengue,2018,48,14.0,0.0,20.76181225,77.19211567,6.66e-05,307.208,8.0,2018-11-30
Maharashtra,Akola,Dengue,2018,50,8.0,0.0,20.76181225,77.19211567,0.01939602393,303.944,,2018-12-11
Maharashtra,Akola,Dengue,2020,49,40.0,0.0,20.76181225,77.19211567,1.5e-05,304.7133334,,2020-12-02
Maharashtra,Akola,Dengue,2021,35,3.0,0.0,20.76181225,77.19211567,0.1589494148,304.86,11.0,2021-08-30
Maharashtra,Akola,Malaria,2011,30,41.0,0.0,20.76181225,77.19211567,0.5208832049,309.8,,2011-07-27
Maharashtra,Akola,Malaria,2021,28,21.0,0.0,20.76181225,77.19211567,0.8712018327,302.98,5.0,2021-07-16
Maharashtra,Amravati,Acute Diarrhoeal Disease,2012,18,41.0,0.0,20.9521098,77.7333168,5.28e-05,325.7266666,2.0,2012-05-03
Maharashtra,Amravati,Acute Diarrhoeal Disease,2012,19,81.0,0.0,20.9521098,77.7333168,0.1131117567,322.9066666,3.0,2012-05-11
Maharashtra,Amravati,Acute Diarrhoeal Disease,2012,23,26.0,0.0,20.9521098,77.7333168,0.0008386208626,317.7166666,2.0,2012-06-04
Maharashtra,Amravati,Acute Diarrhoeal Disease,2012,26,30.0,0.0,20.9521098,77.7333168,0.01531889341,314.2,3.0,2012-06-27
Maharashtra,Amravati,Acute Diarrhoeal Disease,2014,38,112.0,1.0,20.9521098,77.7333168,0.2462069483,301.136,19.0,2014-09-18
Maharashtra,Amravati,Acute Diarrhoeal Disease,2014,41,30.0,0.0,20.9521098,77.7333168,0.03122804257,306.4033334,16.0,2014-10-09
Maharashtra,Amravati,Acute Diarrhoeal Disease,2014,43,71.0,0.0,20.9521098,77.7333168,0.03259617947,308.85200000000003,,2014-10-24
Maharashtra,Amravati,Acute Diarrhoeal Disease,2014,46,70.0,0.0,20.9521098,77.7333168,0.0001097175665,308.2866666,8.0,2014-11-10
Maharashtra,Amravati,Acute Diarrhoeal Disease,2015,27,56.0,0.0,20.9521098,77.7333168,0.02767676217,310.9466666,4.0,2015-07-01
Maharashtra,Amravati,Acute Diarrhoeal Disease,2016,25,24.0,0.0,20.9521098,77.7333168,0.6832041215,315.82,2.0,2016-06-22
Maharashtra,Amravati,Acute Diarrhoeal Disease,2016,31,13.0,0.0,20.9521098,77.7333168,1.835166157,,,2016-08-04
Maharashtra,Amravati,Acute Diarrhoeal Disease,2016,33,41.0,0.0,20.9521098,77.7333168,0.2156147962,298.02,,2016-08-19
Maharashtra,Amravati,Acute Diarrhoeal Disease,2018,19,21.0,0.0,20.9521098,77.7333168,9.82e-05,325.672,,2018-05-08
Maharashtra,Amravati,Acute Diarrhoeal Disease,2018,26,32.0,0.0,20.9521098,77.7333168,0.5647430061,308.38,4.0,2018-06-27
Maharashtra,Amravati,Acute Diarrhoeal Disease,2018,30,9.0,1.0,20.9521098,77.7333168,0.3731336129,,1.0,2018-07-23
Maharashtra,Amravati,Acute Diarrhoeal Disease,2018,34,17.0,0.0,20.9521098,77.7333168,1.844524485,,8.0,2018-08-23
Maharashtra,Amravati,Acute Diarrhoeal Disease,2018,42,17.0,0.0,20.9521098,77.7333168,4.6e-05,310.32,,2018-10-15
Maharashtra,Amravati,Acute Diarrhoeal Disease,2018,44,17.0,0.0,20.9521098,77.7333168,0.000277945801,308.608,11.0,2018-11-02
Maharashtra,Amravati,Acute Diarrhoeal Disease,2019,28,16.0,0.0,20.9521098,77.7333168,2.004265367,,1.0,2019-07-08
Maharashtra,Amravati,Acute Diarrhoeal Disease,2020,5,11.0,0.0,20.9521098,77.7333168,0.006577492273,303.80333340000004,,2020-02-01
Maharashtra,Amravati,Acute Diarrhoeal Disease,2020,35,68.0,0.0,20.9521098,77.7333168,0.5626673465,300.48,17.0,2020-08-24
Maharashtra,Amravati,Acute Diarrhoeal Disease,2020,53,53.0,0.0,20.9521098,77.7333168,5.79e-05,302.64,11.0,2020-12-28
Maharashtra,Amravati,Cholera,2016,20,62.0,0.0,20.9521098,77.7333168,0.01309271865,324.8766666,2.0,2016-05-21
Maharashtra,Amravati,Cholera,2018,25,27.0,0.0,20.9521098,77.7333168,0.1777936391,316.69333340000003,3.0,2018-06-21
Maharashtra,Amravati,Dengue,2012,46,87.0,1.0,20.9521098,77.7333168,6.51e-05,306.812,,2012-11-15
Maharashtra,Amravati,Dengue,2014,20,17.0,0.0,20.9521098,77.7333168,0.002279639878,322.6266666,,2014-05-16
Maharashtra,Amravati,Dengue,2014,32,25.0,1.0,20.9521098,77.7333168,0.6478139446,,6.0,2014-08-07
Maharashtra,Amravati,Dengue,2014,39,156.0,0.0,20.9521098,77.7333168,0.02353522183,302.8566666,22.0,2014-09-26
Maharashtra,Amravati,Dengue,2014,48,32.0,0.0,20.9521098,77.7333168,0.001515152045,307.4233334,,2014-11-24
Maharashtra,Amravati,Dengue,2018,43,17.0,0.0,20.9521098,77.7333168,0.001005993219,310.9533334,10.0,2018-10-25
Maharashtra,Amravati,Dengue,2020,39,5.0,0.0,20.9521098,77.7333168,1.329761391,302.56,16.0,2020-09-24
Maharashtra,Amravati,Dengue,2021,26,3.0,1.0,20.9521098,77.7333168,0.2668179381,312.8466666,4.0,2021-07-01
Maharashtra,Amravati,Dengue,2021,27,13.0,2.0,20.9521098,77.7333168,0.3639732419,316.98,,2021-07-11
Maharashtra,Amravati,Dengue,2021,28,5.0,0.0,20.9521098,77.7333168,0.5008124671,316.84000000000003,,2021-07-12
Maharashtra,Amravati,Dengue,2021,33,22.0,3.0,20.9521098,77.7333168,0.6170837983,304.7,17.0,2021-08-18
Maharashtra,Amravati,Dengue & Chikungunya,2019,39,4.0,0.0,20.9521098,77.7333168,0.809709694,302.0,18.0,2019-09-25
Maharashtra,Aurangabad,Acute Diarrhoeal Disease,2014,25,78.0,0.0,19.877263,75.3390241,0.07326641579,311.8,2.0,2014-06-22
Maharashtra,Aurangabad,Acute Diarrhoeal Disease,2014,27,78.0,0.0,19.877263,75.3390241,0.0172098335,314.9133334,,2014-07-03
Maharashtra,Aurangabad,Acute Diarrhoeal Disease,2015,2,37.0,0.0,19.877263,75.3390241,0.0001942560578,303.2766666,7.0,2015-01-11
Maharashtra,Aurangabad,Acute Diarrhoeal Disease,2015,27,85.0,0.0,19.877263,75.3390241,0.7088062252,307.2133334,6.0,2015-06-29
Maharashtra,Aurangabad,Acute Diarrhoeal Disease,2016,13,39.0,0.0,19.877263,75.3390241,0.03962681266,318.56333340000003,,2016-03-29
Maharashtra,Aurangabad,Acute Diarrhoeal Disease,2016,21,60.0,0.0,19.877263,75.3390241,0.0003216148437,320.78400000000005,,2016-05-23
Maharashtra,Aurangabad,Acute Diarrhoeal Disease,2016,27,20.0,0.0,19.877263,75.3390241,0.5675562617,,0.0,2016-07-06
Maharashtra,Aurangabad,Acute Diarrhoeal Disease,2017,22,181.0,0.0,19.877263,75.3390241,0.2008924082,317.1,3.0,2017-06-03
Maharashtra,Aurangabad,Acute Diarrhoeal Disease,2017,26,83.0,0.0,19.877263,75.3390241,0.6892881953,309.22,4.0,2017-06-28
Maharashtra,Aurangabad,Chikungunya,2015,50,30.0,0.0,19.877263,75.3390241,5.13e-05,307.6366666,,2015-12-11
Maharashtra,Aurangabad,Cholera,2016,27,9.0,1.0,19.877263,75.3390241,0.5391225655,,0.0,2016-07-08
Maharashtra,Aurangabad,Cholera,2017,45,5825.0,0.0,19.877263,75.3390241,8.34e-05,306.0466666,11.0,2017-11-10
Maharashtra,Aurangabad,Dengue,2012,41,63.0,1.0,19.877263,75.3390241,0.09692533263,305.7333334,14.0,2012-10-12
Maharashtra,Aurangabad,Dengue,2012,42,22.0,0.0,19.877263,75.3390241,6.86e-05,309.136,11.0,2012-10-21
Maharashtra,Aurangabad,Dengue,2013,26,21.0,0.0,19.877263,75.3390241,0.8336507839,,3.0,2013-06-30
Maharashtra,Aurangabad,Dengue,2016,37,39.0,0.0,19.877263,75.3390241,0.06488762857,305.72,4.0,2016-09-15
Maharashtra,Aurangabad,Dengue,2017,37,18.0,0.0,19.877263,75.3390241,0.194173318,300.8533334,9.0,2017-09-12
Maharashtra,Aurangabad,Dengue,2017,38,25.0,0.0,19.877263,75.3390241,0.7067947874,301.12,19.0,2017-09-23
Maharashtra,Aurangabad,Dengue,2018,35,4.0,1.0,19.877263,75.3390241,0.1642335851,303.94,11.0,2018-09-02
Maharashtra,Aurangabad,Dengue,2019,36,53.0,1.0,19.877263,75.3390241,0.3651017782,302.49,8.0,2019-09-03
Maharashtra,Aurangabad,Dengue,2019,37,67.0,3.0,19.877263,75.3390241,0.5109091696,,5.0,2019-09-12
Maharashtra,Aurangabad,Dengue,2021,25,5.0,1.0,19.877263,75.3390241,0.1321260929,309.23,,2021-06-25
Maharashtra,Beed,Acute Diarrhoeal Disease,2009,53,28.0,1.0,18.9918442,75.909784,0.08450463462,301.82,8.0,2010-01-01
Maharashtra,Beed,Acute Diarrhoeal Disease,2010,15,29.0,0.0,18.9918442,75.909784,0.0001504429846,322.128,4.0,2010-04-16
Maharashtra,Beed,Acute Diarrhoeal Disease,2010,28,29.0,0.0,18.9918442,75.909784,0.4321935047,,3.0,2010-07-13
Maharashtra,Beed,Acute Diarrhoeal Disease,2012,10,54.0,0.0,18.9918442,75.909784,0.0001013648933,314.468,5.0,2012-03-11
Maharashtra,Beed,Acute Diarrhoeal Disease,2014,28,67.0,0.0,18.9918442,75.909784,0.4660859859,310.28000000000003,2.0,2014-07-10
Maharashtra,Beed,Acute Diarrhoeal Disease,2014,50,52.0,0.0,18.9918442,75.909784,0.01513226263,307.53200000000004,7.0,2014-12-12
Maharashtra,Beed,Acute Diarrhoeal Disease,2015,27,40.0,0.0,18.9918442,75.909784,0.03112317759,312.19333340000003,4.0,2015-07-01
Maharashtra,Beed,Acute Diarrhoeal Disease,2015,39,22.0,0.0,18.9918442,75.909784,1.784919182,302.6466666,,2015-09-22
Maharashtra,Beed,Acute Diarrhoeal Disease,2016,23,27.0,1.0,18.9918442,75.909784,0.04484029594,312.82,3.0,2016-06-11
Maharashtra,Beed,Acute Diarrhoeal Disease,2017,36,14.0,0.0,18.9918442,75.909784,0.05901117452,304.24,,2017-09-06
Maharashtra,Beed,Chikungunya,2010,43,168.0,0.0,18.9918442,75.909784,0.43510058,302.56,14.0,2010-10-25
Maharashtra,Beed,Chikungunya,2011,38,174.0,0.0,18.9918442,75.909784,0.201998765,302.1666666,,2011-09-21
Maharashtra,Beed,Chikungunya,2011,42,188.0,0.0,18.9918442,75.909784,0.297664527,305.06,17.0,2011-10-18
Maharashtra,Beed,Chikungunya,2012,15,18.0,0.0,18.9918442,75.909784,0.001103384156,320.30333340000004,4.0,2012-04-15
Maharashtra,Beed,Chikungunya,2012,33,68.0,0.0,18.9918442,75.909784,0.08645001245,308.26,3.0,2012-08-16
Maharashtra,Beed,Chikungunya,2012,35,13.0,0.0,18.9918442,75.909784,0.2405077337,313.44,,2012-08-28
Maharashtra,Beed,Chikungunya,2012,37,17.0,0.0,18.9918442,75.909784,0.4881588554,309.99,6.0,2012-09-10
Maharashtra,Beed,Chikungunya,2012,43,18.0,1.0,18.9918442,75.909784,0.06779953158,309.65000000000003,10.0,2012-10-25
Maharashtra,Beed,Chikungunya,2013,41,21.0,0.0,18.9918442,75.909784,0.2995170722,301.82,14.0,2013-10-09
Maharashtra,Beed,Chikungunya,2014,10,17.0,0.0,18.9918442,75.909784,0.5336716969,308.764,,2014-03-06
Maharashtra,Beed,Chikungunya,2014,12,15.0,0.0,18.9918442,75.909784,0.001515266469,311.6,,2014-03-21
Maharashtra,Beed,Chikungunya,2016,37,5.0,1.0,18.9918442,75.909784,0.05662716945,305.02,3.0,2016-09-14
Maharashtra,Beed,Chikungunya,2017,46,21.0,0.0,18.9918442,75.909784,3.38e-05,304.204,,2017-11-17
Maharashtra,Beed,Chikungunya,2020,38,15.0,0.0,18.9918442,75.909784,0.6345256477,304.54,12.0,2020-09-16
Maharashtra,Beed,Chikungunya,2020,42,10.0,0.0,18.9918442,75.909784,1.976420015,299.16,13.0,2020-10-16
Maharashtra,Beed,Chikungunya,2021,31,7.0,0.0,18.9918442,75.909784,0.07704263847,306.24,6.0,2021-08-02
Maharashtra,Beed,Dengue,2010,2,90.0,0.0,18.9918442,75.909784,0.07696288843,303.1733334,7.0,2010-01-13
Maharashtra,Beed,Dengue,2010,15,22.0,0.0,18.9918442,75.909784,0.002298408724,318.728,4.0,2010-04-13
Maharashtra,Beed,Dengue,2011,41,19.0,1.0,18.9918442,75.909784,0.1481267175,307.365,17.0,2011-10-13
Maharashtra,Beed,Dengue,2012,37,32.0,0.0,18.9918442,75.909784,0.2390057587,306.98,7.0,2012-09-14
Maharashtra,Beed,Dengue,2012,39,15.0,0.0,18.9918442,75.909784,0.07518227519,306.6366666,,2012-09-29
Maharashtra,Beed,Dengue,2012,43,47.0,1.0,18.9918442,75.909784,0.044007336895,310.90000000000003,10.0,2012-10-22
Maharashtra,Beed,Dengue,2012,44,10.0,0.0,18.9918442,75.909784,0.1587861116,307.948,7.0,2012-11-03
Maharashtra,Beed,Dengue,2012,46,10.0,0.0,18.9918442,75.909784,0.007585506742,308.0466666,8.0,2012-11-12
Maharashtra,Beed,Dengue,2013,13,39.0,1.0,18.9918442,75.909784,3.165e-05,321.40366670000003,3.0,2013-03-25
Maharashtra,Beed,Dengue,2013,28,24.0,0.0,18.9918442,75.909784,0.2396789167,290.88,2.0,2013-07-09
Maharashtra,Beed,Dengue,2013,38,14.0,0.0,18.9918442,75.909784,0.7619521914,301.28000000000003,13.0,2013-09-17
Maharashtra,Beed,Dengue,2013,42,23.0,0.0,18.9918442,75.909784,0.19257906915,301.6203333,15.0,2013-10-16
Maharashtra,Beed,Dengue,2014,22,12.0,0.0,18.9918442,75.909784,0.0001244868257,319.45,3.0,2014-05-29
Maharashtra,Beed,Dengue,2014,25,21.0,0.0,18.9918442,75.909784,0.0501442662,316.77500000000003,,2014-06-18
Maharashtra,Beed,Dengue,2014,29,34.0,0.0,18.9918442,75.909784,0.4463907216,,2.0,2014-07-17
Maharashtra,Beed,Dengue,2014,33,32.0,0.0,18.9918442,75.909784,0.1220243953,309.1466666,4.0,2014-08-16
Maharashtra,Beed,Dengue,2016,9,11.0,1.0,18.9918442,75.909784,0.02412643043,314.62,4.0,2016-02-29
Maharashtra,Beed,Dengue,2016,33,34.0,1.0,18.9918442,75.909784,0.1049036388,302.98,8.0,2016-08-15
Maharashtra,Beed,Dengue,2017,42,50.0,2.0,18.9918442,75.909784,0.1958354595,303.105,19.0,2017-10-19
Maharashtra,Beed,Dengue,2017,43,19.0,1.0,18.9918442,75.909784,0.007478004264,305.9033334,16.0,2017-10-28
Maharashtra,Beed,Dengue,2017,48,6.0,0.0,18.9918442,75.909784,9.52e-05,305.3933334,10.0,2017-11-30
Maharashtra,Beed,Dengue,2018,38,10.0,1.0,18.9918442,75.909784,0.02392114196,310.38,12.0,2018-09-17
Maharashtra,Beed,Dengue,2019,46,16.0,0.0,18.9918442,75.909784,0.02363257748,304.6333334,11.0,2019-11-13
Maharashtra,Beed,Dengue,2021,41,6.0,0.0,18.9918442,75.909784,0.2914203975,301.925,17.0,2021-10-13
Maharashtra,Beed,Dengue & Chikungunya,2014,1,11.0,0.0,18.9918442,75.909784,5.14e-05,302.80333340000004,8.0,2014-01-03
Maharashtra,Beed,Dengue & Chikungunya,2014,22,22.0,0.0,18.9918442,75.909784,0.005309126284,317.54,3.0,2014-05-26
Maharashtra,Beed,Dengue & Chikungunya,2014,32,15.0,0.0,18.9918442,75.909784,0.4126096825,308.84000000000003,5.0,2014-08-07
Maharashtra,Beed,Dengue & Chikungunya,2014,34,16.0,0.0,18.9918442,75.909784,0.09951971271,311.08,,2014-08-20
Maharashtra,Beed,Dengue & Chikungunya,2014,39,52.0,0.0,18.9918442,75.909784,0.02988111854,307.3266666,14.0,2014-09-25
Maharashtra,Beed,Dengue & Chikungunya,2017,39,25.0,0.0,18.9918442,75.909784,0.9274560611,300.5466666,18.0,2017-09-25
Maharashtra,Beed,Dengue & Chikungunya,2021,39,19.0,0.0,18.9918442,75.909784,0.9033264022,301.90000000000003,14.0,2021-10-03
Maharashtra,Bhandara,AES,2016,27,3.0,1.0,21.12304765,79.79390882,3.048146683,,,2016-07-10
Maharashtra,Bhandara,AES,2018,26,1.0,1.0,21.12304765,79.79390882,0.6013816691,312.0,5.0,2018-06-29
Maharashtra,Bhandara,AES,2019,27,4.0,1.0,21.12304765,79.79390882,1.071367366,313.42,,2019-07-03
Maharashtra,Bhandara,Acute Diarrhoeal Disease,2012,31,23.0,0.0,21.12304765,79.79390882,2.345398116,,1.0,2012-07-30
Maharashtra,Bhandara,Acute Diarrhoeal Disease,2012,34,12.0,1.0,21.12304765,79.79390882,0.4111540102,303.26,15.0,2012-08-26
Maharashtra,Bhandara,Acute Diarrhoeal Disease,2012,40,50.0,0.0,21.12304765,79.79390882,0.1076752099,303.3966666,17.0,2012-10-01
Maharashtra,Bhandara,Acute Diarrhoeal Disease,2013,48,34.0,0.0,21.12304765,79.79390882,0.01549348737,302.78400000000005,,2013-11-25
Maharashtra,Bhandara,Acute Diarrhoeal Disease,2015,17,18.0,0.0,21.12304765,79.79390882,0.07088788193,312.872,6.0,2015-04-21
Maharashtra,Bhandara,Acute Diarrhoeal Disease,2015,23,10.0,0.0,21.12304765,79.79390882,0.007143356648,319.07,,2015-06-01
Maharashtra,Bhandara,Acute Diarrhoeal Disease,2015,24,18.0,0.0,21.12304765,79.79390882,0.03204782534,314.75,4.0,2015-06-08
Maharashtra,Bhandara,Acute Diarrhoeal Disease,2015,38,24.0,0.0,21.12304765,79.79390882,0.5052023706,304.85200000000003,16.0,2015-09-17
Maharashtra,Bhandara,Acute Diarrhoeal Disease,2016,3,219.0,0.0,21.12304765,79.79390882,0.01380323873,300.432,9.0,2016-01-21
Maharashtra,Bhandara,Acute Diarrhoeal Disease,2016,8,19.0,0.0,21.12304765,79.79390882,9.98e-05,309.1,,2016-02-22
Maharashtra,Bhandara,Acute Diarrhoeal Disease,2016,24,26.0,0.0,21.12304765,79.79390882,0.03404407534,316.0466666,4.0,2016-06-15
Maharashtra,Bhandara,Acute Diarrhoeal Disease,2016,29,32.0,0.0,21.12304765,79.79390882,0.4180221542,301.74,,2016-07-18
Maharashtra,Bhandara,Acute Diarrhoeal Disease,2019,45,19.0,0.0,21.12304765,79.79390882,0.09071655136,301.93,16.0,2019-11-07
Maharashtra,Bhandara,Acute Diarrhoeal Disease,2021,22,108.0,0.0,21.12304765,79.79390882,0.05414090437,316.955,5.0,2021-06-03
Maharashtra,Bhandara,Dengue,2012,19,18.0,2.0,21.12304765,79.79390882,0.003808100646,320.99,,2012-05-07
Maharashtra,Bhandara,Dengue,2012,22,69.0,2.0,21.12304765,79.79390882,5.48e-05,321.85,3.0,2012-05-28
Maharashtra,Bhandara,Dengue,2014,13,31.0,0.0,21.12304765,79.79390882,0.0009984167211,312.03000000000003,7.0,2014-03-26
Maharashtra,Bhandara,Dengue,2014,33,77.0,7.0,21.12304765,79.79390882,0.2221854029,304.5733334,13.0,2014-08-15
Maharashtra,Buldhana,Acute Diarrhoeal Disease,2012,31,22.0,0.0,20.562845,76.40869861,1.787654569,,,2012-08-03
Maharashtra,Buldhana,Acute Diarrhoeal Disease,2019,20,48.0,0.0,20.562845,76.40869861,6.61e-05,324.584,2.0,2019-05-19
Maharashtra,Buldhana,Dengue,2019,43,98.0,0.0,20.562845,76.40869861,0.831913295,301.62,,2019-10-24
Maharashtra,Buldhana,Dengue,2021,26,7.0,0.0,20.562845,76.40869861,0.4245402926,306.6533334,6.0,2021-07-01
Maharashtra,Chandrapur,Acute Diarrhoeal Disease,2015,15,6.0,1.0,20.0967555,79.50454752,0.08806939381,312.67,6.0,2015-04-11
Maharashtra,Chandrapur,Acute Diarrhoeal Disease,2015,18,21.0,0.0,20.0967555,79.50454752,0.006317609343,312.5766666,8.0,2015-05-02
Maharashtra,Chandrapur,Acute Diarrhoeal Disease,2015,27,95.0,0.0,20.0967555,79.50454752,0.1436061722,300.58,12.0,2015-06-29
Maharashtra,Chandrapur,Acute Diarrhoeal Disease,2015,36,38.0,0.0,20.0967555,79.50454752,1.296143964,,22.0,2015-09-01
Maharashtra,Chandrapur,Acute Diarrhoeal Disease,2016,11,26.0,1.0,20.0967555,79.50454752,0.0071090551,310.2066666,7.0,2016-03-14
Maharashtra,Chandrapur,Acute Diarrhoeal Disease,2016,30,84.0,0.0,20.0967555,79.50454752,0.7611479383499999,301.06,6.0,2016-07-25
Maharashtra,Chandrapur,Acute Diarrhoeal Disease,2016,31,48.0,1.0,20.0967555,79.50454752,0.6260988217,,,2016-08-03
Maharashtra,Chandrapur,Acute Diarrhoeal Disease,2017,20,92.0,0.0,20.0967555,79.50454752,0.01357661697,316.7366666,6.0,2017-05-19
Maharashtra,Chandrapur,Acute Diarrhoeal Disease,2018,29,22.0,0.0,20.0967555,79.50454752,1.987237302,,2.0,2018-07-18
Maharashtra,Chandrapur,Acute Diarrhoeal Disease,2019,23,142.0,0.0,20.0967555,79.50454752,0.008591162934,316.872,6.0,2019-06-05
Maharashtra,Chandrapur,Acute Diarrhoeal Disease,2019,33,84.0,0.0,20.0967555,79.50454752,0.5462209569,300.59000000000003,11.0,2019-08-18
Maharashtra,Chandrapur,Dengue,2012,18,50.0,0.0,20.0967555,79.50454752,0.03155863317,317.76,5.0,2012-05-02
Maharashtra,Chandrapur,Dengue,2013,14,110.0,0.0,20.0967555,79.50454752,0.04769793704,314.0933334,,2013-04-07
Maharashtra,Chandrapur,Dengue,2013,40,57.0,0.0,20.0967555,79.50454752,0.0773537682,302.668,22.0,2013-10-01
Maharashtra,Chandrapur,Dengue,2014,33,203.0,0.0,20.0967555,79.50454752,0.07242927172,301.8666666,15.0,2014-08-16
Maharashtra,Chandrapur,Dengue,2014,48,6.0,1.0,20.0967555,79.50454752,0.0024578931,303.2,,2014-11-24
Maharashtra,Chandrapur,Dengue,2015,29,70.0,0.0,20.0967555,79.50454752,0.2738675202,304.135,17.0,2015-07-13
Maharashtra,Chandrapur,Dengue,2015,30,87.0,0.0,20.0967555,79.50454752,0.3726414689,313.14,13.0,2015-07-22
Maharashtra,Chandrapur,Dengue,2018,20,77.0,0.0,20.0967555,79.50454752,0.01662380146,318.176,6.0,2018-05-15
Maharashtra,Chandrapur,Dengue,2018,28,35.0,0.0,20.0967555,79.50454752,3.618563972,,5.0,2018-07-10
Maharashtra,Chandrapur,Dengue,2019,41,34.0,2.0,20.0967555,79.50454752,0.1414171169,302.1966666,,2019-10-07
Maharashtra,Chandrapur,Dengue,2020,21,5.0,0.0,20.0967555,79.50454752,0.003793196938,311.028,,2020-05-23
Maharashtra,Chandrapur,Dengue,2021,26,58.0,1.0,20.0967555,79.50454752,0.5816240733,305.52,,2021-07-03
Maharashtra,Chandrapur,Dengue,2021,33,7.0,0.0,20.0967555,79.50454752,0.03625636178,304.72,22.0,2021-08-16
Maharashtra,Chandrapur,Malaria,2014,49,81.0,1.0,20.0967555,79.50454752,3.1e-05,300.172,14.0,2014-12-01
Maharashtra,Chandrapur,Malaria,2015,8,51.0,1.0,20.0967555,79.50454752,0.001169453434,307.072,,2015-02-18
Maharashtra,Chandrapur,Malaria,2015,33,88.0,1.0,20.0967555,79.50454752,0.8316976807,302.54,15.0,2015-08-14
Maharashtra,Chandrapur,Malaria,2016,18,28.0,1.0,20.0967555,79.50454752,0.09036653885,317.2066666,7.0,2016-05-05
Maharashtra,Chandrapur,Malaria,2019,33,83.0,0.0,20.0967555,79.50454752,0.7642166746,300.04,,2019-08-12
Maharashtra,Chandrapur,Malaria,2019,50,10.0,1.0,20.0967555,79.50454752,9.38e-06,300.325,,2019-12-11
Maharashtra,Chandrapur,Malaria,2020,3,23.0,1.0,20.0967555,79.50454752,0.002697495648,299.44,,2020-01-16
Maharashtra,Chandrapur,Malaria,2020,15,35.0,2.0,20.0967555,79.50454752,0.004322479902,313.0966666,8.0,2020-04-07
Maharashtra,Chandrapur,Malaria,2021,31,7.0,3.0,20.0967555,79.50454752,0.1193885184,297.56,11.0,2021-08-07
Maharashtra,Chandrapur,Malaria,2021,33,9.0,0.0,20.0967555,79.50454752,0.8394995406,,14.0,2021-08-22
Maharashtra,Chandrapur,Malaria,2022,21,13.0,1.0,20.0967555,79.50454752,0.006072435084,314.545,,2022-05-25
Maharashtra,Chandrapur,Malaria,2022,22,3.0,1.0,20.0967555,79.50454752,0.006238415131,311.32,6.0,2022-06-04
Maharashtra,Dhule,Acute Diarrhoeal Disease,2009,49,155.0,0.0,21.13170235,74.48990147,5.36e-05,306.0666666,7.0,2009-12-01
Maharashtra,Dhule,Acute Diarrhoeal Disease,2010,36,20.0,1.0,21.13170235,74.48990147,0.7499327753,302.08,12.0,2010-09-12
Maharashtra,Dhule,Acute Diarrhoeal Disease,2012,13,21.0,0.0,21.13170235,74.48990147,8.41e-05,318.06333340000003,,2012-03-29
Maharashtra,Dhule,Acute Diarrhoeal Disease,2012,29,30.0,0.0,21.13170235,74.48990147,0.2658196621,303.15000000000003,4.0,2012-07-16
Maharashtra,Dhule,Acute Diarrhoeal Disease,2013,10,53.0,0.0,21.13170235,74.48990147,3.4e-05,316.62333340000004,5.0,2013-03-08
Maharashtra,Dhule,Acute Diarrhoeal Disease,2013,30,18.0,0.0,21.13170235,74.48990147,0.8190279635,,1.0,2013-07-22
Maharashtra,Dhule,Acute Diarrhoeal Disease,2014,28,14.0,0.0,21.13170235,74.48990147,0.02143292553,310.12,4.0,2014-07-08
Maharashtra,Dhule,Acute Diarrhoeal Disease,2014,35,11.0,0.0,21.13170235,74.48990147,0.8453425385,307.76,10.0,2014-08-26
Maharashtra,Dhule,Acute Diarrhoeal Disease,2015,25,13.0,0.0,21.13170235,74.48990147,0.4671923081,308.9866666,3.0,2015-06-21
Maharashtra,Dhule,Acute Diarrhoeal Disease,2015,26,63.0,1.0,21.13170235,74.48990147,0.622034158,311.1,,2015-06-26
Maharashtra,Dhule,Acute Diarrhoeal Disease,2015,28,22.0,0.0,21.13170235,74.48990147,0.02527748599,305.78000000000003,5.0,2015-07-09
Maharashtra,Dhule,Acute Diarrhoeal Disease,2016,19,23.0,0.0,21.13170235,74.48990147,0.07961581916,319.096,,2016-05-15
Maharashtra,Dhule,Acute Diarrhoeal Disease,2016,41,24.0,1.0,21.13170235,74.48990147,0.3192229937,302.08,17.0,2016-10-10
Maharashtra,Dhule,Acute Diarrhoeal Disease,2016,49,25.0,0.0,21.13170235,74.48990147,5.48e-05,306.808,,2016-12-09
Maharashtra,Dhule,Acute Diarrhoeal Disease,2017,12,11.0,0.0,21.13170235,74.48990147,8.94e-05,314.62333340000004,,2017-03-21
Maharashtra,Dhule,Chikungunya,2011,14,7.0,0.0,21.13170235,74.48990147,6.86e-05,318.2933334,,2011-04-06
Maharashtra,Dhule,Chikungunya,2012,45,24.0,0.0,21.13170235,74.48990147,0.0001266147689,308.2666666,,2012-11-07
Maharashtra,Dhule,Chikungunya,2014,45,44.0,0.0,21.13170235,74.48990147,3.05e-05,309.808,8.0,2014-11-03
Maharashtra,Dhule,Cholera,2012,20,26.0,0.0,21.13170235,74.48990147,0.06756302435,318.76,,2012-05-15
Maharashtra,Dhule,Cholera,2013,29,38.0,0.0,21.13170235,74.48990147,0.7666789124,304.12,2.0,2013-07-15
Maharashtra,Dhule,Cholera,2013,32,69.0,0.0,21.13170235,74.48990147,1.809147425,298.32,,2013-08-05
Maharashtra,Dhule,Dengue,2012,41,10.0,0.0,21.13170235,74.48990147,0.02264765343,307.492,14.0,2012-10-12
Maharashtra,Dhule,Dengue,2012,44,31.0,0.0,21.13170235,74.48990147,0.005982850584,310.3,10.0,2012-10-29
Maharashtra,Dhule,Dengue,2012,45,23.0,0.0,21.13170235,74.48990147,0.0001290114255,306.4033334,7.0,2012-11-05
Maharashtra,Dhule,Dengue,2012,48,26.0,0.0,21.13170235,74.48990147,2.4e-05,308.06,6.0,2012-11-26
Maharashtra,Dhule,Dengue,2012,51,12.0,0.0,21.13170235,74.48990147,6.8e-05,307.344,,2012-12-17
Maharashtra,Dhule,Dengue,2013,24,35.0,1.0,21.13170235,74.48990147,0.5264219424,309.2333334,3.0,2013-06-13
Maharashtra,Dhule,Dengue,2014,15,94.0,2.0,21.13170235,74.48990147,0.006512855831,318.6466666,5.0,2014-04-13
Maharashtra,Dhule,Dengue,2014,16,32.0,1.0,21.13170235,74.48990147,0.0003326668588,321.1466667,5.0,2014-04-16
Maharashtra,Dhule,Malaria,2010,5,24.0,0.0,21.13170235,74.48990147,0.008374208036,305.48,4.0,2010-02-06
Maharashtra,Dhule,Malaria,2010,40,53.0,1.0,21.13170235,74.48990147,0.02104113884,308.144,11.0,2010-10-09
Maharashtra,Dhule,Malaria,2010,45,13.0,0.0,21.13170235,74.48990147,0.009188413196,306.22,,2010-11-08
Maharashtra,Dhule,Malaria,2014,44,12.0,1.0,21.13170235,74.48990147,0.001711687534,307.33,9.0,2014-10-30
Maharashtra,Gadchiroli,Acute Diarrhoeal Disease,2012,28,25.0,1.0,19.75907035,80.16228073,0.867442108,,,2012-07-10
Maharashtra,Gadchiroli,Acute Diarrhoeal Disease,2012,31,69.0,0.0,19.75907035,80.16228073,1.160202106,,0.0,2012-08-02
Maharashtra,Gadchiroli,Acute Diarrhoeal Disease,2012,42,25.0,0.0,19.75907035,80.16228073,4.66e-05,303.40000000000003,26.0,2012-10-17
Maharashtra,Gadchiroli,Acute Diarrhoeal Disease,2013,38,35.0,1.0,19.75907035,80.16228073,0.6810260439,299.38,14.0,2013-09-19
Maharashtra,Gadchiroli,Acute Diarrhoeal Disease,2013,39,10.0,1.0,19.75907035,80.16228073,1.310811599,300.59000000000003,26.0,2013-09-26
Maharashtra,Gadchiroli,Acute Diarrhoeal Disease,2015,26,61.0,0.0,19.75907035,80.16228073,2.708234172,,7.0,2015-06-22
Maharashtra,Gadchiroli,Acute Diarrhoeal Disease,2015,33,54.0,0.0,19.75907035,80.16228073,1.397208004,302.94,15.0,2015-08-14
Maharashtra,Gadchiroli,Acute Diarrhoeal Disease,2015,34,11.0,0.0,19.75907035,80.16228073,1.052317661,299.5,15.0,2015-08-19
Maharashtra,Gadchiroli,Acute Diarrhoeal Disease,2016,23,32.0,0.0,19.75907035,80.16228073,0.1559276267,310.515,9.0,2016-06-10
Maharashtra,Gadchiroli,Acute Diarrhoeal Disease,2016,37,12.0,2.0,19.75907035,80.16228073,1.664516481,,15.0,2016-09-15
Maharashtra,Gadchiroli,Acute Diarrhoeal Disease,2018,35,62.0,2.0,19.75907035,80.16228073,1.011077089,,12.0,2018-09-01
Maharashtra,Gadchiroli,Acute Diarrhoeal Disease,2019,26,11.0,0.0,19.75907035,80.16228073,0.5460939741,316.29,9.0,2019-06-24
Maharashtra,Gadchiroli,Acute Diarrhoeal Disease,2019,29,24.0,0.0,19.75907035,80.16228073,0.1987197074,308.28000000000003,16.0,2019-07-15
Maharashtra,Gadchiroli,Chikungunya,2011,32,72.0,0.0,19.75907035,80.16228073,0.2388756143,298.3533334,,2011-08-13
Maharashtra,Gadchiroli,Dengue,2012,19,7.0,0.0,19.75907035,80.16228073,0.02881348535,317.976,8.0,2012-05-13
Maharashtra,Gadchiroli,Dengue,2013,14,12.0,0.0,19.75907035,80.16228073,0.009566447066,313.96,7.0,2013-04-04
Maharashtra,Gadchiroli,Dengue,2013,33,13.0,1.0,19.75907035,80.16228073,0.8773654752,,6.0,2013-08-16
Maharashtra,Gadchiroli,Dengue,2015,17,44.0,0.0,19.75907035,80.16228073,0.008913779688,311.85,9.0,2015-04-25
Maharashtra,Gadchiroli,Dengue,2021,39,16.0,1.0,19.75907035,80.16228073,0.6817132291,300.8,18.0,2021-09-28
Maharashtra,Gadchiroli,Dengue,2021,40,4.0,1.0,19.75907035,80.16228073,0.3635032179,300.305,32.0,2021-10-04
Maharashtra,Gadchiroli,Malaria,2011,47,40.0,1.0,19.75907035,80.16228073,9.14e-05,302.78000000000003,18.0,2011-11-22
Maharashtra,Gadchiroli,Malaria,2013,14,42.0,0.0,19.75907035,80.16228073,0.009566447066,313.96,7.0,2013-04-04
Maharashtra,Gadchiroli,Malaria,2013,38,12.0,1.0,19.75907035,80.16228073,0.7090043756,302.12,14.0,2013-09-17
Maharashtra,Gadchiroli,Malaria,2014,24,60.0,3.0,19.75907035,80.16228073,0.0228762486,313.93333340000004,9.0,2014-06-13
Maharashtra,Gadchiroli,Malaria,2014,25,11.0,1.0,19.75907035,80.16228073,0.05543978912,316.4733334,9.0,2014-06-16
Maharashtra,Gadchiroli,Malaria,2014,36,17.0,1.0,19.75907035,80.16228073,1.129491128,301.24,14.0,2014-09-04
Maharashtra,Gadchiroli,Malaria,2014,38,12.0,1.0,19.75907035,80.16228073,0.5640343903,302.1,22.0,2014-09-17
Maharashtra,Gadchiroli,Malaria,2014,44,70.0,0.0,19.75907035,80.16228073,0.017084173,300.476,23.0,2014-11-02
Maharashtra,Gadchiroli,Malaria,2014,45,42.0,0.0,19.75907035,80.16228073,5.7e-05,301.2,23.0,2014-11-06
Maharashtra,Gadchiroli,Malaria,2014,46,4.0,2.0,19.75907035,80.16228073,0.1224022139,300.82,20.0,2014-11-12
Maharashtra,Gadchiroli,Malaria,2014,52,14.0,1.0,19.75907035,80.16228073,5.02e-05,296.91200000000003,14.0,2014-12-25
Maharashtra,Gadchiroli,Malaria,2015,28,37.0,1.0,19.75907035,80.16228073,0.04433135715,303.36,18.0,2015-07-09
Maharashtra,Gadchiroli,Malaria,2015,29,109.0,3.0,19.75907035,80.16228073,0.3063071057,303.645,21.0,2015-07-17
Maharashtra,Gadchiroli,Malaria,2015,46,15.0,1.0,19.75907035,80.16228073,2.07e-05,302.27,19.0,2015-11-11
Maharashtra,Gadchiroli,Malaria,2015,47,30.0,1.0,19.75907035,80.16228073,7.15e-05,301.384,,2015-11-16
Maharashtra,Gadchiroli,Malaria,2015,49,195.0,1.0,19.75907035,80.16228073,0.009911550213,302.456,13.0,2015-12-05
Maharashtra,Gadchiroli,Malaria,2016,6,98.0,1.0,19.75907035,80.16228073,7.18e-05,305.0766666,9.0,2016-02-08
Maharashtra,Gadchiroli,Malaria,2016,29,21.0,1.0,19.75907035,80.16228073,0.9831762867,,3.0,2016-07-24
Maharashtra,Gadchiroli,Malaria,2017,29,127.0,1.0,19.75907035,80.16228073,3.48293604,,,2017-07-20
Maharashtra,Gadchiroli,Malaria,2017,31,4.0,1.0,19.75907035,80.16228073,0.2776156592,302.99333340000004,,2017-08-04
Maharashtra,Gadchiroli,Malaria,2017,52,13.0,1.0,19.75907035,80.16228073,6.41e-05,300.156,13.0,2017-12-31
Maharashtra,Gadchiroli,Malaria,2018,28,15.0,1.0,19.75907035,80.16228073,2.67674705,,3.0,2018-07-14
Maharashtra,Gadchiroli,Malaria,2018,43,114.0,1.0,19.75907035,80.16228073,0.005320785262,303.3566666,22.0,2018-10-27
Maharashtra,Gadchiroli,Malaria,2019,2,3.0,1.0,19.75907035,80.16228073,4.79e-05,300.236,12.0,2019-01-07
Maharashtra,Gadchiroli,Malaria,2020,14,14.0,1.0,19.75907035,80.16228073,0.03302828467,310.624,11.0,2020-04-03
Maharashtra,Gadchiroli,Malaria,2020,29,5.0,2.0,19.75907035,80.16228073,0.6307550284000001,300.64,,2020-07-18
Maharashtra,Gadchiroli,Malaria,2020,30,5.0,1.0,19.75907035,80.16228073,1.132628174,,,2020-07-26
Maharashtra,Gadchiroli,Malaria,2020,43,8.0,1.0,19.75907035,80.16228073,0.06252674788,302.28000000000003,,2020-10-23
Maharashtra,Gadchiroli,Malaria,2021,3,2.0,1.0,19.75907035,80.16228073,2.27e-05,302.15000000000003,13.0,2021-01-20
Maharashtra,Gadchiroli,Malaria,2021,4,10.0,1.0,19.75907035,80.16228073,7.83e-06,302.7,14.0,2021-01-26
Maharashtra,Gadchiroli,Malaria,2021,29,4.0,1.0,19.75907035,80.16228073,1.087511221,,9.0,2021-07-24
Maharashtra,Gadchiroli,Malaria,2021,30,28.0,1.0,19.75907035,80.16228073,0.4106211557,301.65000000000003,6.0,2021-07-31
Maharashtra,Gadchiroli,Malaria,2021,43,10.0,1.0,19.75907035,80.16228073,0.007116981315,301.528,28.0,2021-10-25
Maharashtra,Gadchiroli,Malaria,2021,44,1.0,1.0,19.75907035,80.16228073,4.18e-05,300.1733334,,2021-11-01
Maharashtra,Gadchiroli,Malaria,2022,2,7.0,2.0,19.75907035,80.16228073,0.007479298714,299.97,9.0,2022-01-10
Maharashtra,Gadchiroli,Malaria,2022,6,1.0,1.0,19.75907035,80.16228073,8.36e-05,300.06333340000003,,2022-02-09
Maharashtra,Gadchiroli,Malaria,2022,21,310.0,1.0,19.75907035,80.16228073,0.00876199396,311.0866666,10.0,2022-05-29
Maharashtra,Gondia,Acute Diarrhoeal Disease,2012,35,172.0,0.0,21.455228,80.1962729,0.8522253683,299.93,10.0,2012-08-31
Maharashtra,Gondia,Acute Diarrhoeal Disease,2013,32,17.0,0.0,21.455228,80.1962729,1.318898847,,2.0,2013-08-11
Maharashtra,Gondia,Acute Diarrhoeal Disease,2013,40,13.0,0.0,21.455228,80.1962729,0.2515628632,300.2933334,24.0,2013-10-02
Maharashtra,Gondia,Acute Diarrhoeal Disease,2015,19,35.0,0.0,21.455228,80.1962729,0.0008532096216,311.14,8.0,2015-05-04
Maharashtra,Gondia,Acute Diarrhoeal Disease,2015,29,39.0,0.0,21.455228,80.1962729,0.3880933779,302.61,15.0,2015-07-18
Maharashtra,Gondia,Cholera,2013,36,55.0,2.0,21.455228,80.1962729,0.15275697031500002,302.43399999999997,23.5,2013-09-04
Maharashtra,Gondia,Dengue,2013,15,22.0,0.0,21.455228,80.1962729,0.01984638338,315.512,7.0,2013-04-08
Maharashtra,Gondia,Malaria,2014,22,8.0,1.0,21.455228,80.1962729,0.01192711893,314.5,9.0,2014-05-26
Maharashtra,Gondia,Malaria,2022,24,47.0,1.0,21.455228,80.1962729,0.02882213092,311.61,7.0,2022-06-13
Maharashtra,Hingoli,Acute Diarrhoeal Disease,2010,25,17.0,0.0,19.54140965,77.17376601,0.5852340467,,3.0,2010-06-21
Maharashtra,Hingoli,Dengue,2018,12,17.0,0.0,19.54140965,77.17376601,0.1180664855,314.168,3.0,2018-03-20
Maharashtra,Jalgaon,Acute Diarrhoeal Disease,2010,13,7.0,2.0,20.84288265,75.52612464,5.42e-05,317.69,5.0,2010-04-01
Maharashtra,Jalgaon,Acute Diarrhoeal Disease,2012,15,40.0,2.0,20.84288265,75.52612464,0.0008784986253,320.71,4.0,2012-04-15
Maharashtra,Jalgaon,Acute Diarrhoeal Disease,2012,23,43.0,0.0,20.84288265,75.52612464,7.3e-05,314.41200000000003,3.0,2012-06-06
Maharashtra,Jalgaon,Acute Diarrhoeal Disease,2012,48,15.0,0.0,20.84288265,75.52612464,7.7e-05,307.5766666,,2012-12-01
Maharashtra,Jalgaon,Acute Diarrhoeal Disease,2013,20,32.0,0.0,20.84288265,75.52612464,0.0001817495535,321.608,,2013-05-16
Maharashtra,Jalgaon,Acute Diarrhoeal Disease,2013,21,23.0,0.0,20.84288265,75.52612464,0.001045838019,321.27,3.0,2013-05-22
Maharashtra,Jalgaon,Acute Diarrhoeal Disease,2014,42,35.0,0.0,20.84288265,75.52612464,0.01547944528,306.372,15.0,2014-10-14
Maharashtra,Jalgaon,Acute Diarrhoeal Disease,2015,25,64.0,0.0,20.84288265,75.52612464,0.4408267728,312.36,4.0,2015-06-19
Maharashtra,Jalgaon,Acute Diarrhoeal Disease,2015,26,32.0,0.0,20.84288265,75.52612464,0.2272338494,312.1,4.0,2015-06-22
Maharashtra,Jalgaon,Acute Diarrhoeal Disease,2015,27,22.0,0.0,20.84288265,75.52612464,0.01621226519,311.4133334,,2015-07-03
Maharashtra,Jalgaon,Acute Diarrhoeal Disease,2015,28,107.0,0.0,20.84288265,75.52612464,0.03960431548,308.6333334,,2015-07-12
Maharashtra,Jalgaon,Acute Diarrhoeal Disease,2015,39,100.0,0.0,20.84288265,75.52612464,0.05711918192,302.90500000000003,16.0,2015-09-25
Maharashtra,Jalgaon,Acute Diarrhoeal Disease,2016,16,33.0,0.0,20.84288265,75.52612464,7.02e-05,322.608,3.0,2016-04-23
Maharashtra,Jalgaon,Acute Diarrhoeal Disease,2016,30,26.0,3.0,20.84288265,75.52612464,0.4290943133,,,2016-07-27
Maharashtra,Jalgaon,Acute Diarrhoeal Disease,2017,20,43.0,0.0,20.84288265,75.52612464,0.001874754495,321.5166666,4.0,2017-05-15
Maharashtra,Jalgaon,Acute Diarrhoeal Disease,2017,21,110.0,0.0,20.84288265,75.52612464,0.005828844688,321.41200000000003,3.0,2017-05-27
Maharashtra,Jalgaon,Acute Diarrhoeal Disease,2017,35,20.0,1.0,20.84288265,75.52612464,0.387581621,302.8266666,17.0,2017-09-03
Maharashtra,Jalgaon,Acute Diarrhoeal Disease,2020,8,20.0,0.0,20.84288265,75.52612464,4.98e-05,306.6333334,9.0,2020-02-19
Maharashtra,Jalgaon,Acute Diarrhoeal Disease,2020,26,74.0,0.0,20.84288265,75.52612464,0.3034654863,313.51,8.0,2020-06-28
Maharashtra,Jalgaon,Chikungunya,2011,48,24.0,0.0,20.84288265,75.52612464,5.44e-05,304.4766666,8.0,2011-11-28
Maharashtra,Jalgaon,Chikungunya,2017,45,40.0,0.0,20.84288265,75.52612464,7.7e-05,306.57,,2017-11-09
Maharashtra,Jalgaon,Chikungunya,2022,21,9.0,0.0,20.84288265,75.52612464,0.0002075557817,315.88,3.0,2022-05-23
Maharashtra,Jalgaon,Cholera,2013,28,67.0,1.0,20.84288265,75.52612464,0.4966990144,,4.0,2013-07-10
Maharashtra,Jalgaon,Cholera,2013,31,40.0,0.0,20.84288265,75.52612464,1.575514364,,7.0,2013-07-29
Maharashtra,Jalgaon,Cholera,2013,37,9.0,0.0,20.84288265,75.52612464,0.06992770948,305.06,19.0,2013-09-11
Maharashtra,Jalgaon,Cholera,2016,23,53.0,1.0,20.84288265,75.52612464,0.002886902682,316.0933334,2.0,2016-06-06
Maharashtra,Jalgaon,Cholera,2016,32,46.0,0.0,20.84288265,75.52612464,0.6401200408,299.62,7.0,2016-08-08
Maharashtra,Jalgaon,Cholera,2018,36,32.0,2.0,20.84288265,75.52612464,0.08158791335,302.0,,2018-09-06
Maharashtra,Jalgaon,Dengue,2012,35,130.0,0.0,20.84288265,75.52612464,0.5614365342,304.66,9.0,2012-08-29
Maharashtra,Jalgaon,Dengue,2012,40,32.0,0.0,20.84288265,75.52612464,0.03038933806,304.0933334,15.0,2012-10-01
Maharashtra,Jalgaon,Dengue,2013,31,31.0,0.0,20.84288265,75.52612464,1.050378125,,7.0,2013-07-30
Maharashtra,Jalgaon,Dengue,2013,34,28.0,0.0,20.84288265,75.52612464,0.1097119038,300.1,,2013-08-20
Maharashtra,Jalgaon,Dengue,2013,35,104.0,0.0,20.84288265,75.52612464,1.691385161,284.86,7.0,2013-08-27
Maharashtra,Jalgaon,Dengue,2014,32,55.0,0.0,20.84288265,75.52612464,0.2843866535,298.58,8.0,2014-08-09
Maharashtra,Jalgaon,Dengue,2014,40,25.0,0.0,20.84288265,75.52612464,0.004048963017,305.05,,2014-09-29
Maharashtra,Jalgaon,Dengue,2016,36,60.0,1.0,20.84288265,75.52612464,0.08151527761,301.152,14.0,2016-09-10
Maharashtra,Jalgaon,Dengue,2016,38,65.0,0.0,20.84288265,75.52612464,0.8467985339,297.0,,2016-09-20
Maharashtra,Jalgaon,Dengue,2017,39,8.0,0.0,20.84288265,75.52612464,0.01302944824,303.832,,2017-09-30
Maharashtra,Jalgaon,Dengue,2019,39,42.0,1.0,20.84288265,75.52612464,0.651715475,300.54,19.0,2019-09-27
Maharashtra,Jalgaon,Dengue,2019,42,26.0,1.0,20.84288265,75.52612464,0.03167748011,304.0966666,22.0,2019-10-14
Maharashtra,Jalgaon,Dengue,2019,43,8.0,1.0,20.84288265,75.52612464,0.5594891162,305.74,,2019-10-24
Maharashtra,Jalgaon,Dengue,2021,35,54.0,1.0,20.84288265,75.52612464,0.8720325502,302.2666666,10.0,2021-09-02
Maharashtra,Jalgaon,Dengue,2022,18,9.0,1.0,20.84288265,75.52612464,0.0001810070481,319.8166666,4.0,2022-05-06
Maharashtra,Jalgaon,Dengue & Chikungunya,2017,45,49.0,1.0,20.84288265,75.52612464,8.34e-05,306.5933334,11.0,2017-11-10
Maharashtra,Jalgaon,Malaria,2011,29,11.0,0.0,20.84288265,75.52612464,0.5249020534,,4.0,2011-07-22
Maharashtra,Jalna,Acute Diarrhoeal Disease,2010,25,19.0,0.0,19.91883295,75.87085986,0.09492809062,312.62,,2010-06-26
Maharashtra,Jalna,Acute Diarrhoeal Disease,2010,26,10.0,0.0,19.91883295,75.87085986,0.09290080196,310.7,2.0,2010-06-28
Maharashtra,Jalna,Acute Diarrhoeal Disease,2010,28,13.0,0.0,19.91883295,75.87085986,0.5904307987,305.3,,2010-07-12
Maharashtra,Jalna,Acute Diarrhoeal Disease,2010,29,35.0,0.0,19.91883295,75.87085986,0.3141761416,,3.0,2010-07-24
Maharashtra,Jalna,Acute Diarrhoeal Disease,2011,30,29.0,0.0,19.91883295,75.87085986,0.2865051658,302.49,3.0,2011-07-29
Maharashtra,Jalna,Acute Diarrhoeal Disease,2012,26,50.0,0.0,19.91883295,75.87085986,0.02458837989,313.8866666,,2012-06-25
Maharashtra,Jalna,Acute Diarrhoeal Disease,2012,34,24.0,0.0,19.91883295,75.87085986,0.4622592128,309.36,,2012-08-20
Maharashtra,Jalna,Acute Diarrhoeal Disease,2013,26,39.0,0.0,19.91883295,75.87085986,0.2964024913,308.71,2.0,2013-06-24
Maharashtra,Jalna,Acute Diarrhoeal Disease,2013,28,59.0,0.0,19.91883295,75.87085986,0.4127350501,300.1,4.0,2013-07-09
Maharashtra,Jalna,Acute Diarrhoeal Disease,2015,28,97.0,0.0,19.91883295,75.87085986,0.005347359458,310.528,5.0,2015-07-07
Maharashtra,Jalna,Acute Diarrhoeal Disease,2016,20,47.0,0.0,19.91883295,75.87085986,0.000449560675,321.3366666,2.0,2016-05-21
Maharashtra,Jalna,Acute Diarrhoeal Disease,2016,23,18.0,0.0,19.91883295,75.87085986,0.06610564024,316.432,2.0,2016-06-07
Maharashtra,Jalna,Acute Diarrhoeal Disease,2016,24,18.0,0.0,19.91883295,75.87085986,0.08210379012,315.6333334,1.0,2016-06-19
Maharashtra,Jalna,Acute Diarrhoeal Disease,2016,25,17.0,0.0,19.91883295,75.87085986,0.8932097659,308.14,,2016-06-25
Maharashtra,Jalna,Acute Diarrhoeal Disease,2016,26,13.0,0.0,19.91883295,75.87085986,0.3777379455,,1.0,2016-06-28
Maharashtra,Jalna,Acute Diarrhoeal Disease,2018,24,62.0,0.0,19.91883295,75.87085986,0.01809043212,309.285,,2018-06-17
Maharashtra,Jalna,Chikungunya,2017,48,11.0,0.0,19.91883295,75.87085986,6.09e-05,304.2833334,,2017-12-02
Maharashtra,Jalna,Dengue,2011,35,20.0,0.0,19.91883295,75.87085986,0.8533028042,,8.0,2011-09-03
Maharashtra,Jalna,Dengue,2014,22,28.0,0.0,19.91883295,75.87085986,0.0006152937121,318.66,3.0,2014-05-31
Maharashtra,Jalna,Dengue,2014,37,15.0,2.0,19.91883295,75.87085986,1.510543968,301.87,10.0,2014-09-10
Maharashtra,Jalna,Dengue,2014,41,20.0,1.0,19.91883295,75.87085986,0.009091637421,310.4833334,13.0,2014-10-06
Maharashtra,Jalna,Dengue,2016,29,12.0,1.0,19.91883295,75.87085986,0.5742483549,,3.0,2016-07-24
Maharashtra,Jalna,Dengue,2016,31,12.0,0.0,19.91883295,75.87085986,1.1719982,,4.0,2016-08-07
Maharashtra,Jalna,Dengue,2016,33,7.0,1.0,19.91883295,75.87085986,0.1013382559,303.7,7.0,2016-08-15
Maharashtra,Jalna,Dengue,2018,3,11.0,0.0,19.91883295,75.87085986,0.0004715470776,303.7133334,,2018-01-16
Maharashtra,Jalna,Dengue,2018,14,18.0,1.0,19.91883295,75.87085986,6.65e-05,321.6033334,4.0,2018-04-02
Maharashtra,Jalna,Dengue,2019,36,9.0,1.0,19.91883295,75.87085986,0.8986838949,,,2019-09-06
Maharashtra,Jalna,Malaria,2011,31,14.0,1.0,19.91883295,75.87085986,0.4952336925,,7.0,2011-08-06
Maharashtra,Kolhapur,Acute Diarrhoeal Disease,2009,51,80.0,0.0,16.7028412,74.2405329,0.001971785189,304.176,8.0,2009-12-17
Maharashtra,Kolhapur,Acute Diarrhoeal Disease,2010,44,35.0,0.0,16.7028412,74.2405329,0.1720387075,303.32,8.0,2010-11-05
Maharashtra,Kolhapur,Acute Diarrhoeal Disease,2011,14,32.0,0.0,16.7028412,74.2405329,6.13e-05,316.72,6.0,2011-04-09
Maharashtra,Kolhapur,Acute Diarrhoeal Disease,2012,25,196.0,0.0,16.7028412,74.2405329,0.618424487,301.38,,2012-06-24
Maharashtra,Kolhapur,Acute Diarrhoeal Disease,2012,28,45.0,0.0,16.7028412,74.2405329,0.2108046965,306.1,5.0,2012-07-09
Maharashtra,Kolhapur,Acute Diarrhoeal Disease,2012,30,28.0,0.0,16.7028412,74.2405329,0.3263041696,301.87,5.0,2012-07-25
Maharashtra,Kolhapur,Acute Diarrhoeal Disease,2014,21,133.0,0.0,16.7028412,74.2405329,0.08568161256,315.745,7.0,2014-05-21
Maharashtra,Kolhapur,Acute Diarrhoeal Disease,2015,3,22.0,0.0,16.7028412,74.2405329,7.96e-05,303.572,,2015-01-16
Maharashtra,Kolhapur,Acute Diarrhoeal Disease,2016,40,49.0,0.0,16.7028412,74.2405329,0.191976073,304.468,11.0,2016-10-08
Maharashtra,Kolhapur,Acute Diarrhoeal Disease,2016,42,47.0,0.0,16.7028412,74.2405329,0.02325286013,307.952,11.0,2016-10-18
Maharashtra,Kolhapur,Acute Diarrhoeal Disease,2017,25,25.0,0.0,16.7028412,74.2405329,0.2546117814,306.88,6.0,2017-06-23
Maharashtra,Kolhapur,Acute Diarrhoeal Disease,2017,29,41.0,0.0,16.7028412,74.2405329,0.2813078501,305.82,6.0,2017-07-17
Maharashtra,Kolhapur,Acute Diarrhoeal Disease,2017,38,107.0,0.0,16.7028412,74.2405329,0.717267795,304.32,5.0,2017-09-19
Maharashtra,Kolhapur,Acute Diarrhoeal Disease,2018,25,45.0,0.0,16.7028412,74.2405329,0.3794355528,307.3,5.0,2018-06-21
Maharashtra,Kolhapur,Acute Diarrhoeal Disease,2018,44,34.0,0.0,16.7028412,74.2405329,6.84e-05,307.64,9.0,2018-11-02
Maharashtra,Kolhapur,Acute Diarrhoeal Disease,2018,45,71.0,0.0,16.7028412,74.2405329,0.02303284138,306.264,9.0,2018-11-05
Maharashtra,Kolhapur,Acute Diarrhoeal Disease,2019,48,24.0,0.0,16.7028412,74.2405329,0.0006813859733,305.04400000000004,9.0,2019-11-28
Maharashtra,Kolhapur,Acute Diarrhoeal Disease,2020,6,56.0,0.0,16.7028412,74.2405329,0.000195932962,306.4766666,7.0,2020-02-06
Maharashtra,Kolhapur,Acute Diarrhoeal Disease,2020,17,607.0,0.0,16.7028412,74.2405329,0.1258905428,313.0666666,,2020-04-21
Maharashtra,Kolhapur,Acute Diarrhoeal Disease,2020,25,39.0,0.0,16.7028412,74.2405329,0.9839975072,,7.0,2020-06-21
Maharashtra,Kolhapur,Acute Diarrhoeal Disease,2020,50,72.0,0.0,16.7028412,74.2405329,6.87e-05,302.94,9.0,2020-12-07
Maharashtra,Kolhapur,Acute Diarrhoeal Disease,2021,32,215.0,0.0,16.7028412,74.2405329,0.1976845208,298.38,5.0,2021-08-10
Maharashtra,Kolhapur,Acute Diarrhoeal Disease,2021,43,103.0,0.0,16.7028412,74.2405329,0.008330392193,307.0233334,12.0,2021-10-26
Maharashtra,Kolhapur,Acute Diarrhoeal Disease,2021,49,29.0,0.0,16.7028412,74.2405329,0.1320448381,301.65500000000003,11.0,2021-12-08
Maharashtra,Kolhapur,Acute Diarrhoeal Disease,2021,51,12.0,1.0,16.7028412,74.2405329,0.003727146173,301.98,10.0,2021-12-20
Maharashtra,Kolhapur,Chikungunya,2018,21,9.0,0.0,16.7028412,74.2405329,0.1703639866,310.27500000000003,7.0,2018-05-23
Maharashtra,Kolhapur,Chikungunya,2019,48,8.0,0.0,16.7028412,74.2405329,0.02766005466,305.355,,2019-11-25
Maharashtra,Kolhapur,Chikungunya,2019,50,7.0,0.0,16.7028412,74.2405329,0.004473537781,304.248,9.0,2019-12-13
Maharashtra,Kolhapur,Chikungunya,2020,3,11.0,0.0,16.7028412,74.2405329,0.007402090725,303.0566666,,2020-01-16
Maharashtra,Kolhapur,Chikungunya,2020,5,2.0,0.0,16.7028412,74.2405329,4.58e-05,306.268,7.0,2020-01-29
Maharashtra,Kolhapur,Chikungunya,2020,30,11.0,0.0,16.7028412,74.2405329,1.439750798,301.88,4.0,2020-07-20
Maharashtra,Kolhapur,Chikungunya,2021,31,6.0,0.0,16.7028412,74.2405329,0.2327067055,298.7066666,9.0,2021-08-02
Maharashtra,Kolhapur,Chikungunya,2021,50,6.0,0.0,16.7028412,74.2405329,0.004814798227,300.51,10.0,2021-12-17
Maharashtra,Kolhapur,Cholera,2013,41,13.0,1.0,16.7028412,74.2405329,0.273760896,306.115,11.0,2013-10-11
Maharashtra,Kolhapur,Cholera,2016,31,50.0,0.0,16.7028412,74.2405329,1.117584664,,9.0,2016-08-06
Maharashtra,Kolhapur,Cholera,2020,23,199.0,0.0,16.7028412,74.2405329,0.007924493235,312.65500000000003,,2020-06-01
Maharashtra,Kolhapur,Cholera,2021,45,69.0,0.0,16.7028412,74.2405329,0.042726307023,305.15999999999997,10.0,2021-11-08
Maharashtra,Kolhapur,Dengue,2012,29,20.0,0.0,16.7028412,74.2405329,0.2606492405,307.55,5.0,2012-07-16
Maharashtra,Kolhapur,Dengue,2012,46,41.0,0.0,16.7028412,74.2405329,0.0394037879,305.42,10.0,2012-11-12
Maharashtra,Kolhapur,Dengue,2013,9,28.0,0.0,16.7028412,74.2405329,3.82e-05,311.09000000000003,6.0,2013-03-02
Maharashtra,Kolhapur,Dengue,2013,20,11.0,0.0,16.7028412,74.2405329,0.01053841209,312.255,6.0,2013-05-19
Maharashtra,Kolhapur,Dengue,2013,33,17.0,0.0,16.7028412,74.2405329,0.1271391726,302.82,,2013-08-13
Maharashtra,Kolhapur,Dengue,2016,6,7.0,1.0,16.7028412,74.2405329,4.73e-05,307.5966666,5.0,2016-02-12
Maharashtra,Kolhapur,Dengue,2016,18,33.0,1.0,16.7028412,74.2405329,0.03786334578,317.61333340000004,5.0,2016-05-04
Maharashtra,Kolhapur,Dengue,2017,46,4.0,1.0,16.7028412,74.2405329,2.57e-05,306.3333334,10.0,2017-11-14
Maharashtra,Kolhapur,Dengue,2017,47,1.0,1.0,16.7028412,74.2405329,0.05927338315,305.87,9.0,2017-11-21
Maharashtra,Kolhapur,Dengue,2018,23,5.0,1.0,16.7028412,74.2405329,1.523413764,309.11,,2018-06-10
Maharashtra,Kolhapur,Dengue,2018,24,239.0,2.0,16.7028412,74.2405329,1.4099731795000001,303.41,6.0,2018-06-11
Maharashtra,Kolhapur,Dengue,2019,9,7.0,1.0,16.7028412,74.2405329,0.0001514302351,312.42,5.0,2019-02-27
Maharashtra,Kolhapur,Dengue,2019,24,7.0,0.0,16.7028412,74.2405329,0.3320778241,308.01,6.0,2019-06-15
Maharashtra,Kolhapur,Dengue,2019,33,2.0,1.0,16.7028412,74.2405329,0.1677742586,296.84000000000003,6.0,2019-08-18
Maharashtra,Kolhapur,Dengue,2019,34,5.0,1.0,16.7028412,74.2405329,0.2611705563,304.0933334,11.0,2019-08-25
Maharashtra,Kolhapur,Dengue,2019,39,6.0,0.0,16.7028412,74.2405329,0.5116805797,304.46500000000003,12.0,2019-09-25
Maharashtra,Kolhapur,Dengue,2019,42,7.0,2.0,16.7028412,74.2405329,0.4333649695,302.93,5.0,2019-10-19
Maharashtra,Kolhapur,Dengue,2020,3,2.0,1.0,16.7028412,74.2405329,6.03e-05,303.6533334,8.0,2020-01-18
Maharashtra,Kolhapur,Dengue,2021,24,5.0,3.0,16.7028412,74.2405329,0.4365472546,305.93,7.0,2021-06-15
Maharashtra,Kolhapur,Malaria,2015,26,48.0,0.0,16.7028412,74.2405329,0.9542822088,301.78000000000003,,2015-06-26
Maharashtra,Kolhapur,Malaria,2015,37,14.0,0.0,16.7028412,74.2405329,0.4009048268,310.55333340000004,8.0,2015-09-10
Maharashtra,Kolhapur,Malaria,2015,47,11.0,0.0,16.7028412,74.2405329,7.44e-05,305.7,9.0,2015-11-19
Maharashtra,Kolhapur,Malaria,2015,51,60.0,0.0,16.7028412,74.2405329,0.0004126996655,305.736,,2015-12-19
Maharashtra,Kolhapur,Malaria,2015,52,3.0,1.0,16.7028412,74.2405329,0.0001279093498,305.0433334,,2015-12-26
Maharashtra,Kolhapur,Malaria,2016,13,13.0,0.0,16.7028412,74.2405329,0.01202549065,315.2133334,5.0,2016-03-30
Maharashtra,Kolhapur,Malaria,2016,30,18.0,0.0,16.7028412,74.2405329,1.556754063,303.6,3.0,2016-07-28
Maharashtra,Kolhapur,Malaria,2017,30,6.0,0.0,16.7028412,74.2405329,0.7284388265,298.91,7.0,2017-07-25
Maharashtra,Kolhapur,Malaria,2019,35,3.0,0.0,16.7028412,74.2405329,0.2183346464,304.21,,2019-08-29
Maharashtra,Latur,Acute Diarrhoeal Disease,2011,23,237.0,0.0,18.35159075,76.75542361,0.3281226344,316.71,3.0,2011-06-07
Maharashtra,Latur,Acute Diarrhoeal Disease,2012,29,57.0,0.0,18.35159075,76.75542361,0.4842234377,,8.0,2012-07-21
Maharashtra,Latur,Acute Diarrhoeal Disease,2017,27,17.0,1.0,18.35159075,76.75542361,0.2824084343,,,2017-07-03
Maharashtra,Latur,Acute Diarrhoeal Disease,2017,35,34.0,0.0,18.35159075,76.75542361,0.6918539039,301.955,18.0,2017-09-03
Maharashtra,Latur,Acute Diarrhoeal Disease,2017,51,41.0,0.0,18.35159075,76.75542361,7.72e-05,305.6566666,,2017-12-18
Maharashtra,Latur,Acute Diarrhoeal Disease,2018,16,120.0,0.0,18.35159075,76.75542361,0.07542967381,319.872,3.0,2018-04-21
Maharashtra,Latur,Acute Diarrhoeal Disease,2022,23,21.0,0.0,18.35159075,76.75542361,0.02719165232,312.02500000000003,2.0,2022-06-07
Maharashtra,Latur,Chikungunya,2013,46,16.0,0.0,18.35159075,76.75542361,4.77e-05,304.6966666,12.0,2013-11-14
Maharashtra,Latur,Chikungunya,2016,47,35.0,0.0,18.35159075,76.75542361,5.96e-05,304.816,8.0,2016-11-25
Maharashtra,Latur,Dengue,2016,44,13.0,0.0,18.35159075,76.75542361,0.01018348899,305.868,,2016-10-31
Maharashtra,Latur,Dengue,2019,29,28.0,0.0,18.35159075,76.75542361,0.5098842908,309.40000000000003,4.0,2019-07-15
Maharashtra,Latur,Dengue,2019,36,9.0,0.0,18.35159075,76.75542361,0.6187087164,303.2466666,9.0,2019-09-03
Maharashtra,Mumbai (City),Acute Diarrhoeal Disease,2016,26,60.0,0.0,18.9733536,72.82810492,,278.90000000000003,2.0,2016-06-28
Maharashtra,Nagpur,AES,2011,32,2.0,2.0,21.1498134,79.0820556,0.7207405476,,10.0,2011-08-09
Maharashtra,Nagpur,AES,2019,33,1.0,1.0,21.1498134,79.0820556,1.685334714,297.32,,2019-08-13
Maharashtra,Nagpur,Acute Diarrhoeal Disease,2010,8,81.0,0.0,21.1498134,79.0820556,0.02901093857,306.156,,2010-02-25
Maharashtra,Nagpur,Acute Diarrhoeal Disease,2010,10,115.0,0.0,21.1498134,79.0820556,2.37e-05,314.42,4.0,2010-03-10
Maharashtra,Nagpur,Acute Diarrhoeal Disease,2012,35,40.0,0.0,21.1498134,79.0820556,0.2691498959,302.21,,2012-08-27
Maharashtra,Nagpur,Acute Diarrhoeal Disease,2014,4,71.0,0.0,21.1498134,79.0820556,0.01786249689,301.865,7.0,2014-01-20
Maharashtra,Nagpur,Acute Diarrhoeal Disease,2014,22,14.0,0.0,21.1498134,79.0820556,0.0005298417508,320.46,,2014-06-01
Maharashtra,Nagpur,Acute Diarrhoeal Disease,2015,19,45.0,0.0,21.1498134,79.0820556,0.04343424485,317.052,4.0,2015-05-07
Maharashtra,Nagpur,Acute Diarrhoeal Disease,2015,22,64.0,0.0,21.1498134,79.0820556,0.00803065616,321.13866670000004,4.0,2015-05-26
Maharashtra,Nagpur,Acute Diarrhoeal Disease,2015,23,67.0,0.0,21.1498134,79.0820556,0.023479605575,317.536,3.0,2015-06-03
Maharashtra,Nagpur,Acute Diarrhoeal Disease,2015,25,16.0,0.0,21.1498134,79.0820556,0.6206740578,316.4666666,4.0,2015-06-16
Maharashtra,Nagpur,Acute Diarrhoeal Disease,2015,34,31.0,0.0,21.1498134,79.0820556,0.2609805844,302.81,,2015-08-21
Maharashtra,Nagpur,Acute Diarrhoeal Disease,2016,11,15.0,0.0,21.1498134,79.0820556,0.06843597796,310.3766666,6.0,2016-03-16
Maharashtra,Nagpur,Acute Diarrhoeal Disease,2016,19,55.0,0.0,21.1498134,79.0820556,0.05115920193,317.148,4.0,2016-05-12
Maharashtra,Nagpur,Acute Diarrhoeal Disease,2016,21,194.0,0.0,21.1498134,79.0820556,0.002984117905,319.585,4.0,2016-05-25
Maharashtra,Nagpur,Acute Diarrhoeal Disease,2016,22,224.0,0.0,21.1498134,79.0820556,6.475e-05,319.4216667,,2016-05-31
Maharashtra,Nagpur,Acute Diarrhoeal Disease,2016,30,18.0,0.0,21.1498134,79.0820556,2.384687205,,5.0,2016-07-25
Maharashtra,Nagpur,Acute Diarrhoeal Disease,2017,25,100.0,0.0,21.1498134,79.0820556,0.1215240349,314.27,6.0,2017-06-22
Maharashtra,Nagpur,Acute Diarrhoeal Disease,2017,42,55.0,0.0,21.1498134,79.0820556,0.06925380586,303.728,23.0,2017-10-21
Maharashtra,Nagpur,Acute Diarrhoeal Disease,2017,44,27.0,0.0,21.1498134,79.0820556,0.001420990557,303.7966666,,2017-11-01
Maharashtra,Nagpur,Acute Diarrhoeal Disease,2018,28,65.0,0.0,21.1498134,79.0820556,2.773682945,,3.0,2018-07-10
Maharashtra,Nagpur,Acute Diarrhoeal Disease,2018,33,24.0,0.0,21.1498134,79.0820556,0.8882798395,,,2018-08-13
Maharashtra,Nagpur,Acute Diarrhoeal Disease,2018,48,91.0,0.0,21.1498134,79.0820556,9.5e-06,306.54,8.0,2018-11-26
Maharashtra,Nagpur,Acute Diarrhoeal Disease,2019,32,27.0,0.0,21.1498134,79.0820556,1.2432398375,,10.0,2019-08-05
Maharashtra,Nagpur,Acute Diarrhoeal Disease,2022,22,41.0,0.0,21.1498134,79.0820556,0.03655443505,313.49333340000004,,2022-06-01
Maharashtra,Nagpur,Acute Diarrhoeal Disease,2022,24,47.0,0.0,21.1498134,79.0820556,0.1443727443,317.6,3.0,2022-06-15
Maharashtra,Nagpur,Chikungunya,2014,38,15.0,1.0,21.1498134,79.0820556,0.04046361516,303.068,,2014-09-21
Maharashtra,Nagpur,Chikungunya,2017,33,38.0,0.0,21.1498134,79.0820556,0.1205257228,,10.0,2017-08-18
Maharashtra,Nagpur,Cholera,2012,35,161.0,0.0,21.1498134,79.0820556,0.2691498959,302.21,,2012-08-27
Maharashtra,Nagpur,Cholera,2015,25,22.0,0.0,21.1498134,79.0820556,0.8991027367,314.75,,2015-06-18
Maharashtra,Nagpur,Cholera,2016,28,858.0,2.0,21.1498134,79.0820556,3.103525705,,6.0,2016-07-12
Maharashtra,Nagpur,Dengue,2013,29,12.0,0.0,21.1498134,79.0820556,1.853925705,,1.0,2013-07-17
Maharashtra,Nagpur,Dengue,2014,33,36.0,0.0,21.1498134,79.0820556,0.4583644864,308.07,11.0,2014-08-11
Maharashtra,Nagpur,Dengue,2014,38,30.0,1.0,21.1498134,79.0820556,0.05902523312,303.068,18.0,2014-09-20
Maharashtra,Nagpur,Dengue,2014,40,49.0,2.0,21.1498134,79.0820556,0.000804808209,306.6533334,19.0,2014-10-03
Maharashtra,Nagpur,Dengue,2014,43,16.0,3.0,21.1498134,79.0820556,0.05673374227,304.028,17.0,2014-10-20
Maharashtra,Nagpur,Dengue,2014,45,22.0,1.0,21.1498134,79.0820556,7.7e-05,305.4066666,,2014-11-09
Maharashtra,Nagpur,Dengue,2015,31,25.0,0.0,21.1498134,79.0820556,0.3560908714,,,2015-07-27
Maharashtra,Nagpur,Dengue,2016,36,37.0,0.0,21.1498134,79.0820556,0.1495673348,303.86,13.0,2016-09-07
Maharashtra,Nagpur,Dengue,2016,47,6.0,0.0,21.1498134,79.0820556,4.12e-05,303.9733334,,2016-11-23
Maharashtra,Nagpur,Dengue,2017,37,5.0,0.0,21.1498134,79.0820556,1.03122049,300.6,13.0,2017-09-15
Maharashtra,Nagpur,Dengue,2017,40,529.0,4.0,21.1498134,79.0820556,0.01103535607,303.94,25.0,2017-10-04
Maharashtra,Nagpur,Dengue,2018,34,18.0,1.0,21.1498134,79.0820556,1.360221284,298.12,6.0,2018-08-23
Maharashtra,Nagpur,Dengue,2018,37,52.0,1.0,21.1498134,79.0820556,0.6023674312,301.61,20.0,2018-09-11
Maharashtra,Nagpur,Dengue,2018,38,15.0,0.0,21.1498134,79.0820556,0.02259216238,305.1633334,21.0,2018-09-18
Maharashtra,Nagpur,Dengue,2019,35,23.0,1.0,21.1498134,79.0820556,1.381845331,,,2019-08-28
Maharashtra,Nagpur,Dengue,2021,27,4.0,1.0,21.1498134,79.0820556,0.5529516087,308.685,13.0,2021-07-10
Maharashtra,Nanded,Acute Diarrhoeal Disease,2010,9,20.0,0.0,19.09400875,77.48319215,5.7e-05,315.272,5.0,2010-03-07
Maharashtra,Nanded,Acute Diarrhoeal Disease,2010,18,18.0,0.0,19.09400875,77.48319215,0.039374373,320.725,3.0,2010-05-05
Maharashtra,Nanded,Acute Diarrhoeal Disease,2011,31,73.0,0.0,19.09400875,77.48319215,0.3986163772,301.86,,2011-08-05
Maharashtra,Nanded,Acute Diarrhoeal Disease,2011,32,10.0,0.0,19.09400875,77.48319215,0.2749359415,,10.0,2011-08-08
Maharashtra,Nanded,Acute Diarrhoeal Disease,2012,7,23.0,0.0,19.09400875,77.48319215,0.0005249597183,309.552,,2012-02-18
Maharashtra,Nanded,Acute Diarrhoeal Disease,2012,30,27.0,0.0,19.09400875,77.48319215,0.4234094014,302.84000000000003,4.0,2012-07-29
Maharashtra,Nanded,Acute Diarrhoeal Disease,2012,31,20.0,0.0,19.09400875,77.48319215,0.5139689463,300.16,,2012-08-04
Maharashtra,Nanded,Acute Diarrhoeal Disease,2012,34,204.0,0.0,19.09400875,77.48319215,0.7631348007,,7.0,2012-08-24
Maharashtra,Nanded,Acute Diarrhoeal Disease,2012,35,25.0,0.0,19.09400875,77.48319215,0.1454081973,300.92,,2012-08-27
Maharashtra,Nanded,Acute Diarrhoeal Disease,2013,18,23.0,0.0,19.09400875,77.48319215,0.003998651033,321.1766666,5.0,2013-05-05
Maharashtra,Nanded,Acute Diarrhoeal Disease,2013,46,18.0,0.0,19.09400875,77.48319215,6.08e-05,302.9466666,12.0,2013-11-11
Maharashtra,Nanded,Acute Diarrhoeal Disease,2015,23,41.0,0.0,19.09400875,77.48319215,0.02150634836,317.24,5.0,2015-06-06
Maharashtra,Nanded,Acute Diarrhoeal Disease,2015,38,38.0,1.0,19.09400875,77.48319215,0.5751277429,304.46500000000003,,2015-09-14
Maharashtra,Nanded,Acute Diarrhoeal Disease,2016,1,40.0,0.0,19.09400875,77.48319215,2.19e-05,307.288,,2016-01-08
Maharashtra,Nanded,Acute Diarrhoeal Disease,2017,15,27.0,0.0,19.09400875,77.48319215,4.92e-05,320.0,,2017-04-14
Maharashtra,Nanded,Acute Diarrhoeal Disease,2018,17,56.0,0.0,19.09400875,77.48319215,5.65e-05,321.8933334,4.0,2018-04-26
Maharashtra,Nanded,Acute Diarrhoeal Disease,2018,21,34.0,0.0,19.09400875,77.48319215,0.01594669936,316.344,,2018-05-25
Maharashtra,Nanded,Acute Diarrhoeal Disease,2018,23,38.0,0.0,19.09400875,77.48319215,0.09510552106,314.08,4.0,2018-06-04
Maharashtra,Nanded,Chikungunya,2021,47,9.0,0.0,19.09400875,77.48319215,0.07439863145,301.1533334,7.0,2021-11-23
Maharashtra,Nanded,Dengue,2014,35,124.0,0.0,19.09400875,77.48319215,0.2181573568,307.888,14.0,2014-08-25
Maharashtra,Nanded,Dengue,2015,38,15.0,0.0,19.09400875,77.48319215,1.047197061,304.15000000000003,18.0,2015-09-16
Maharashtra,Nandurbar,Acute Diarrhoeal Disease,2012,28,51.0,0.0,21.51450155,74.54070115,0.5615127164,,,2012-07-11
Maharashtra,Nandurbar,Acute Diarrhoeal Disease,2013,8,162.0,0.0,21.51450155,74.54070115,0.001861465575,309.7166666,6.0,2013-02-24
Maharashtra,Nandurbar,Acute Diarrhoeal Disease,2013,19,115.0,0.0,21.51450155,74.54070115,2.85e-05,322.896,3.0,2013-05-10
Maharashtra,Nandurbar,Acute Diarrhoeal Disease,2013,41,31.0,0.0,21.51450155,74.54070115,0.5884989226,304.99333340000004,15.0,2013-10-13
Maharashtra,Nandurbar,Acute Diarrhoeal Disease,2013,42,29.0,1.0,21.51450155,74.54070115,0.25896414596,304.4816667,14.0,2013-10-14
Maharashtra,Nandurbar,Acute Diarrhoeal Disease,2014,34,43.0,0.0,21.51450155,74.54070115,0.1531193868,304.98,,2014-08-21
Maharashtra,Nandurbar,Acute Diarrhoeal Disease,2016,39,51.0,0.0,21.51450155,74.54070115,0.08092460619,302.6366666,14.0,2016-10-01
Maharashtra,Nandurbar,Acute Diarrhoeal Disease,2021,24,43.0,0.0,21.51450155,74.54070115,0.09326677373,309.316,5.0,2021-06-19
Maharashtra,Nandurbar,Chikungunya,2017,50,13.0,0.0,21.51450155,74.54070115,0.01750649204,303.536,7.0,2017-12-14
Maharashtra,Nandurbar,Cholera,2012,33,18.0,0.0,21.51450155,74.54070115,0.39250434,304.75,,2012-08-19
Maharashtra,Nandurbar,Cholera,2018,42,43.0,1.0,21.51450155,74.54070115,8.67e-05,309.7766666,9.0,2018-10-19
Maharashtra,Nandurbar,Dengue,2019,38,26.0,2.0,21.51450155,74.54070115,0.9105038391,302.65000000000003,,2019-09-21
Maharashtra,Nandurbar,Dengue,2019,40,26.0,0.0,21.51450155,74.54070115,0.8655847464,302.86,,2019-09-30
Maharashtra,Nandurbar,Malaria,2013,44,22.0,0.0,21.51450155,74.54070115,0.01294733007,306.6,11.0,2013-10-28
Maharashtra,Nasik,Acute Diarrhoeal Disease,2010,19,102.0,0.0,20.0112475,73.7902364,0.003804857854,319.752,6.0,2010-05-14
Maharashtra,Nasik,Acute Diarrhoeal Disease,2010,22,126.0,0.0,20.0112475,73.7902364,0.1286181564,312.7833334,6.0,2010-06-05
Maharashtra,Nasik,Acute Diarrhoeal Disease,2010,24,235.0,0.0,20.0112475,73.7902364,1.424238524,306.62,,2010-06-17
Maharashtra,Nasik,Acute Diarrhoeal Disease,2010,42,76.0,0.0,20.0112475,73.7902364,0.299518558,301.425,9.0,2010-10-18
Maharashtra,Nasik,Acute Diarrhoeal Disease,2011,19,57.0,0.0,20.0112475,73.7902364,0.003157393167,314.0233334,,2011-05-09
Maharashtra,Nasik,Acute Diarrhoeal Disease,2011,22,126.0,0.0,20.0112475,73.7902364,0.5479577686,313.26,5.0,2011-06-05
Maharashtra,Nasik,Acute Diarrhoeal Disease,2011,37,31.0,0.0,20.0112475,73.7902364,0.3402822108,296.7066666,,2011-09-14
Maharashtra,Nasik,Acute Diarrhoeal Disease,2011,42,117.0,0.0,20.0112475,73.7902364,0.2895619664,303.9666666,15.0,2011-10-22
Maharashtra,Nasik,Acute Diarrhoeal Disease,2012,13,90.0,0.0,20.0112475,73.7902364,8.84e-05,314.7833334,5.0,2012-03-27
Maharashtra,Nasik,Acute Diarrhoeal Disease,2012,24,82.0,0.0,20.0112475,73.7902364,0.2540485365,312.58,6.0,2012-06-15
Maharashtra,Nasik,Acute Diarrhoeal Disease,2012,39,46.0,0.0,20.0112475,73.7902364,0.1843024431,301.08,,2012-09-28
Maharashtra,Nasik,Acute Diarrhoeal Disease,2012,41,12.0,0.0,20.0112475,73.7902364,0.7999218103,300.672,20.0,2012-10-09
Maharashtra,Nasik,Acute Diarrhoeal Disease,2013,29,62.0,0.0,20.0112475,73.7902364,1.402063445,,,2013-07-20
Maharashtra,Nasik,Acute Diarrhoeal Disease,2014,37,158.0,0.0,20.0112475,73.7902364,1.064333115,297.25,10.0,2014-09-09
Maharashtra,Nasik,Acute Diarrhoeal Disease,2015,29,71.0,0.0,20.0112475,73.7902364,0.3793102943,302.46500000000003,8.0,2015-07-13
Maharashtra,Nasik,Acute Diarrhoeal Disease,2016,21,477.0,0.0,20.0112475,73.7902364,0.041481482954999996,310.4016667,5.0,2016-05-25
Maharashtra,Nasik,Acute Diarrhoeal Disease,2016,22,158.0,0.0,20.0112475,73.7902364,0.07884598639,312.91200000000003,5.0,2016-06-03
Maharashtra,Nasik,Acute Diarrhoeal Disease,2016,27,25.0,0.0,20.0112475,73.7902364,0.8452070416,,0.0,2016-07-09
Maharashtra,Nasik,Acute Diarrhoeal Disease,2016,28,62.0,0.0,20.0112475,73.7902364,1.408416215,,2.0,2016-07-12
Maharashtra,Nasik,Acute Diarrhoeal Disease,2016,40,45.0,0.0,20.0112475,73.7902364,0.8048052238,299.74,12.0,2016-10-05
Maharashtra,Nasik,Acute Diarrhoeal Disease,2017,37,33.0,0.0,20.0112475,73.7902364,0.7303078924,297.77500000000003,,2017-09-13
Maharashtra,Nasik,Acute Diarrhoeal Disease,2017,46,251.0,0.0,20.0112475,73.7902364,3.38e-05,303.2033334,,2017-11-17
Maharashtra,Nasik,Acute Diarrhoeal Disease,2018,27,75.0,0.0,20.0112475,73.7902364,1.073003287,304.89,2.0,2018-07-08
Maharashtra,Nasik,Acute Diarrhoeal Disease,2018,28,61.0,0.0,20.0112475,73.7902364,1.0244537,301.68,2.0,2018-07-10
Maharashtra,Nasik,Chikungunya,2011,19,53.0,0.0,20.0112475,73.7902364,0.005725708808,314.9866666,5.0,2011-05-13
Maharashtra,Nasik,Chikungunya,2011,32,22.0,0.0,20.0112475,73.7902364,0.6327013735,,6.0,2011-08-09
Maharashtra,Nasik,Chikungunya,2011,34,19.0,0.0,20.0112475,73.7902364,0.3677492428,300.5,6.0,2011-08-22
Maharashtra,Nasik,Chikungunya,2011,42,17.0,0.0,20.0112475,73.7902364,0.3018699178,302.74333340000004,15.0,2011-10-17
Maharashtra,Nasik,Chikungunya,2011,44,15.0,0.0,20.0112475,73.7902364,0.0001754680342,302.81333340000003,,2011-10-31
Maharashtra,Nasik,Chikungunya,2011,47,17.0,0.0,20.0112475,73.7902364,9.65e-05,306.7,8.0,2011-11-21
Maharashtra,Nasik,Chikungunya,2013,44,22.0,0.0,20.0112475,73.7902364,0.01860046276,301.90000000000003,13.0,2013-10-28
Maharashtra,Nasik,Chikungunya,2016,49,9.0,0.0,20.0112475,73.7902364,0.0001905990003,303.612,9.0,2016-12-07
Maharashtra,Nasik,Chikungunya,2016,51,15.0,0.0,20.0112475,73.7902364,0.002168585966,304.17,9.0,2016-12-20
Maharashtra,Nasik,Chikungunya,2017,46,60.0,0.0,20.0112475,73.7902364,3e-05,304.86,9.0,2017-11-13
Maharashtra,Nasik,Chikungunya,2018,16,66.0,0.0,20.0112475,73.7902364,0.003291825075,317.124,6.0,2018-04-17
Maharashtra,Nasik,Chikungunya,2018,18,137.0,0.0,20.0112475,73.7902364,0.0002101251941,319.048,5.0,2018-05-05
Maharashtra,Nasik,Chikungunya,2018,28,28.0,0.0,20.0112475,73.7902364,1.258657813,,,2018-07-12
Maharashtra,Nasik,Chikungunya,2018,31,73.0,0.0,20.0112475,73.7902364,0.3740681367,299.73,,2018-08-04
Maharashtra,Nasik,Chikungunya,2018,44,30.0,0.0,20.0112475,73.7902364,0.002332051973,308.04400000000004,10.0,2018-10-29
Maharashtra,Nasik,Chikungunya,2020,45,32.0,0.0,20.0112475,73.7902364,0.004162033368,303.9966666,16.0,2020-11-06
Maharashtra,Nasik,Chikungunya,2020,49,8.0,0.0,20.0112475,73.7902364,0.0008915244476,303.74,10.0,2020-12-04
Maharashtra,Nasik,Chikungunya,2020,51,9.0,0.0,20.0112475,73.7902364,0.09058216069,300.41,,2020-12-18
Maharashtra,Nasik,Chikungunya,2021,11,11.0,0.0,20.0112475,73.7902364,5.56e-05,310.6566666,7.0,2021-03-18
Maharashtra,Nasik,Chikungunya,2021,20,6.0,0.0,20.0112475,73.7902364,0.2612602835,312.09000000000003,7.0,2021-05-19
Maharashtra,Nasik,Chikungunya,2021,24,53.0,0.0,20.0112475,73.7902364,0.2630178863,304.28000000000003,,2021-06-18
Maharashtra,Nasik,Cholera,2016,38,79.0,0.0,20.0112475,73.7902364,1.132765083,301.38,17.0,2016-09-24
Maharashtra,Nasik,Cholera,2018,22,195.0,3.0,20.0112475,73.7902364,0.0232925069,312.8866666,5.0,2018-05-28
Maharashtra,Nasik,Cholera,2019,42,289.0,0.0,20.0112475,73.7902364,0.1675463261,303.756,15.0,2019-10-17
Maharashtra,Nasik,Dengue,2009,36,39.0,0.0,20.0112475,73.7902364,0.4474799293,295.82,6.0,2009-08-31
Maharashtra,Nasik,Dengue,2009,38,57.0,0.0,20.0112475,73.7902364,0.3437777824,301.06,21.0,2009-09-15
Maharashtra,Nasik,Dengue,2011,30,2.0,1.0,20.0112475,73.7902364,0.5663983237,277.14,4.0,2011-07-26
Maharashtra,Nasik,Dengue,2011,49,6.0,1.0,20.0112475,73.7902364,4.46e-05,306.06333340000003,8.0,2011-12-09
Maharashtra,Nasik,Dengue,2012,16,16.0,0.0,20.0112475,73.7902364,0.00453315594,316.672,5.0,2012-04-20
Maharashtra,Nasik,Dengue,2012,45,20.0,0.0,20.0112475,73.7902364,0.0002178314227,305.06333340000003,,2012-11-08
Maharashtra,Nasik,Dengue,2012,50,22.0,1.0,20.0112475,73.7902364,0.0508465061,303.9566666,,2012-12-10
Maharashtra,Nasik,Dengue,2013,39,54.0,0.0,20.0112475,73.7902364,1.535551621,298.155,8.0,2013-09-23
Maharashtra,Nasik,Dengue,2014,23,24.0,0.0,20.0112475,73.7902364,0.1594878922,312.3966666,,2014-06-02
Maharashtra,Nasik,Dengue,2014,32,10.0,0.0,20.0112475,73.7902364,1.012877882,296.42,4.0,2014-08-08
Maharashtra,Nasik,Dengue,2014,36,26.0,0.0,20.0112475,73.7902364,3.080969198,,5.0,2014-09-01
Maharashtra,Nasik,Dengue,2014,41,10.0,0.0,20.0112475,73.7902364,0.1019110467,304.5966666,19.0,2014-10-09
Maharashtra,Nasik,Dengue,2014,45,27.0,0.0,20.0112475,73.7902364,5.36e-05,306.46,9.0,2014-11-05
Maharashtra,Nasik,Dengue,2015,21,29.0,0.0,20.0112475,73.7902364,0.003372753075,316.2766666,,2015-05-24
Maharashtra,Nasik,Dengue,2015,32,10.0,0.0,20.0112475,73.7902364,0.4870072432,297.36,5.0,2015-08-08
Maharashtra,Nasik,Dengue,2015,41,18.0,0.0,20.0112475,73.7902364,0.4181637434,303.05,,2015-10-07
Maharashtra,Nasik,Dengue,2015,51,10.0,0.0,20.0112475,73.7902364,0.001370455503,304.628,10.0,2015-12-17
Maharashtra,Nasik,Dengue,2016,17,20.0,1.0,20.0112475,73.7902364,0.002772524939,316.8266666,5.0,2016-04-25
Maharashtra,Nasik,Dengue,2016,19,4.0,1.0,20.0112475,73.7902364,0.09263780485,318.7666666,6.0,2016-05-10
Maharashtra,Nasik,Dengue,2016,24,32.0,0.0,20.0112475,73.7902364,0.16901240325,312.8435,4.0,2016-06-13
Maharashtra,Nasik,Dengue,2017,39,7.0,1.0,20.0112475,73.7902364,0.07059878798,303.25333340000003,19.0,2017-10-01
Maharashtra,Nasik,Dengue,2018,8,4.0,1.0,20.0112475,73.7902364,0.0001015017778,307.69,6.0,2018-02-21
Maharashtra,Nasik,Dengue,2018,40,14.0,3.0,20.0112475,73.7902364,0.199977881,304.168,20.0,2018-10-05
Maharashtra,Nasik,Dengue,2018,43,27.0,1.0,20.0112475,73.7902364,0.002509383523,308.124,10.0,2018-10-28
Maharashtra,Nasik,Malaria,2009,37,34.0,1.0,20.0112475,73.7902364,0.2447636287,300.7866666,15.0,2009-09-12
Maharashtra,Nasik,Malaria,2010,26,24.0,0.0,20.0112475,73.7902364,0.3902859478,306.84000000000003,7.0,2010-06-29
Maharashtra,Nasik,Malaria,2011,15,61.0,1.0,20.0112475,73.7902364,0.006124711444,315.97200000000004,5.0,2011-04-17
Maharashtra,Nasik,Malaria,2013,24,25.0,0.0,20.0112475,73.7902364,0.6287406888,309.0933334,2.0,2013-06-14
Maharashtra,Nasik,Malaria,2014,33,65.0,0.0,20.0112475,73.7902364,0.4786675808,300.6,8.0,2014-08-15
Maharashtra,Nasik,Malaria,2015,39,36.0,0.0,20.0112475,73.7902364,1.461111818,297.3466666,,2015-09-22
Maharashtra,Osmanabad,AES,2017,40,24.0,0.0,18.16984395,76.11796321,0.3157613658,308.41,,2017-10-07
Maharashtra,Osmanabad,Acute Diarrhoeal Disease,2009,53,23.0,0.0,18.16984395,76.11796321,0.01311970328,306.396,7.0,2009-12-29
Maharashtra,Osmanabad,Acute Diarrhoeal Disease,2011,41,27.0,0.0,18.16984395,76.11796321,0.2650476673,308.755,,2011-10-15
Maharashtra,Osmanabad,Acute Diarrhoeal Disease,2012,48,102.0,0.0,18.16984395,76.11796321,0.01367871891,305.372,7.0,2012-11-29
Maharashtra,Osmanabad,Acute Diarrhoeal Disease,2012,49,65.0,0.0,18.16984395,76.11796321,0.001327137461,307.72,7.0,2012-12-03
Maharashtra,Osmanabad,Acute Diarrhoeal Disease,2013,31,16.0,0.0,18.16984395,76.11796321,1.102604394,,5.0,2013-08-03
Maharashtra,Osmanabad,Acute Diarrhoeal Disease,2014,29,37.0,0.0,18.16984395,76.11796321,1.296024763,,2.0,2014-07-14
Maharashtra,Osmanabad,Acute Diarrhoeal Disease,2014,30,37.0,0.0,18.16984395,76.11796321,0.4879185385,308.48,4.0,2014-07-21
Maharashtra,Osmanabad,Acute Diarrhoeal Disease,2016,22,55.0,0.0,18.16984395,76.11796321,0.05239834333,319.288,1.0,2016-06-03
Maharashtra,Osmanabad,Acute Diarrhoeal Disease,2016,39,31.0,0.0,18.16984395,76.11796321,0.3776196185,302.81,12.0,2016-10-01
Maharashtra,Osmanabad,Acute Diarrhoeal Disease,2017,24,368.0,0.0,18.16984395,76.11796321,0.4001070088,308.22,3.0,2017-06-12
Maharashtra,Osmanabad,Chikungunya,2011,38,26.0,0.0,18.16984395,76.11796321,0.07189483971,306.23,10.0,2011-09-23
Maharashtra,Osmanabad,Chikungunya,2011,40,26.0,0.0,18.16984395,76.11796321,0.1813737367,307.89,,2011-10-07
Maharashtra,Osmanabad,Chikungunya,2013,29,30.0,0.0,18.16984395,76.11796321,1.047265867,302.54,3.0,2013-07-15
Maharashtra,Osmanabad,Chikungunya,2015,47,18.0,0.0,18.16984395,76.11796321,3.69e-05,309.8533334,5.0,2015-11-20
Maharashtra,Osmanabad,Chikungunya,2017,50,17.0,0.0,18.16984395,76.11796321,0.003459001668,304.7766666,,2017-12-11
Maharashtra,Osmanabad,Chikungunya,2019,37,46.0,0.0,18.16984395,76.11796321,0.8562232641,,8.0,2019-09-10
Maharashtra,Osmanabad,Chikungunya,2021,37,15.0,0.0,18.16984395,76.11796321,0.2647567631,298.6666666,10.0,2021-09-18
Maharashtra,Osmanabad,Chikungunya,2021,39,5.0,1.0,18.16984395,76.11796321,1.49759568,302.43,,2021-09-29
Maharashtra,Osmanabad,Cholera,2017,28,3.0,0.0,18.16984395,76.11796321,0.108867075,309.7466666,,2017-07-11
Maharashtra,Osmanabad,Dengue,2012,37,35.0,0.0,18.16984395,76.11796321,0.3708471616,301.8333334,7.0,2012-09-10
Maharashtra,Osmanabad,Dengue,2012,43,16.0,1.0,18.16984395,76.11796321,0.1760734899,311.41,,2012-10-22
Maharashtra,Osmanabad,Dengue,2014,32,10.0,1.0,18.16984395,76.11796321,0.4268564407,306.24,7.0,2014-08-07
Maharashtra,Osmanabad,Dengue,2018,19,11.0,0.0,18.16984395,76.11796321,0.002483980371,318.7933334,3.0,2018-05-11
Maharashtra,Osmanabad,Dengue,2020,46,9.0,0.0,18.16984395,76.11796321,8.75e-05,307.676,7.0,2020-11-11
Maharashtra,Osmanabad,Dengue,2021,22,7.0,1.0,18.16984395,76.11796321,0.2700335578,313.328,,2021-06-02
Maharashtra,Osmanabad,Dengue,2021,29,4.0,0.0,18.16984395,76.11796321,1.374420463,300.42,8.0,2021-07-23
Maharashtra,Osmanabad,Dengue & Chikungunya,2020,44,7.0,0.0,18.16984395,76.11796321,0.007537283688,304.896,,2020-10-31
Maharashtra,Osmanabad (Maharashtra),Dengue,2016,11,18.0,0.0,18.16984395,76.11796321,0.0007361318031,322.028,2.0,2016-03-19
Maharashtra,Palghar,AES,2017,32,18.0,1.0,19.684661,72.82491116,0.334975779,299.1333334,14.0,2017-08-07
Maharashtra,Palghar,Acute Diarrhoeal Disease,2018,18,19.0,0.0,19.684661,72.82491116,0.0004634998731,313.1633334,10.0,2018-05-03
Maharashtra,Palghar,Acute Diarrhoeal Disease,2018,20,59.0,0.0,19.684661,72.82491116,0.00153564949,310.28000000000003,,2018-05-17
Maharashtra,Palghar,Acute Diarrhoeal Disease,2019,29,9.0,0.0,19.684661,72.82491116,0.3040429281,302.02,,2019-07-19
Maharashtra,Palghar,Dengue,2017,45,7.0,1.0,19.684661,72.82491116,8.38e-05,304.9466666,15.0,2017-11-07
Maharashtra,Palghar,Dengue,2017,46,20.0,0.0,19.684661,72.82491116,3e-05,305.14,13.0,2017-11-13
Maharashtra,Palghar,Dengue,2018,26,10.0,0.0,19.684661,72.82491116,1.962859083,306.46,,2018-06-25
Maharashtra,Palghar,Dengue,2019,21,8.0,0.0,19.684661,72.82491116,0.0002743511347,314.75333340000003,,2019-05-24
Maharashtra,Palghar,Dengue,2019,32,143.0,0.0,19.684661,72.82491116,2.091814934,,1.0,2019-08-11
Maharashtra,Palghar,Dengue,2019,47,16.0,0.0,19.684661,72.82491116,0.0008463301457,303.332,16.0,2019-11-22
Maharashtra,Parbhani,AES,2017,43,10.0,0.0,19.29031365,76.60290343,0.02386665664,302.8833334,,2017-10-23
Maharashtra,Parbhani,Acute Diarrhoeal Disease,2010,27,61.0,0.0,19.29031365,76.60290343,2.304096889,303.56,2.0,2010-07-09
Maharashtra,Parbhani,Acute Diarrhoeal Disease,2010,28,31.0,0.0,19.29031365,76.60290343,0.3396397973,306.43,4.0,2010-07-18
Maharashtra,Parbhani,Acute Diarrhoeal Disease,2010,29,39.0,0.0,19.29031365,76.60290343,0.3678758775,305.39,,2010-07-19
Maharashtra,Parbhani,Acute Diarrhoeal Disease,2010,30,33.0,0.0,19.29031365,76.60290343,0.9712524736,,3.0,2010-08-01
Maharashtra,Parbhani,Acute Diarrhoeal Disease,2012,35,14.0,0.0,19.29031365,76.60290343,0.1991568221,302.61,,2012-08-28
Maharashtra,Parbhani,Acute Diarrhoeal Disease,2013,28,59.0,0.0,19.29031365,76.60290343,0.2134294921,,2.0,2013-07-08
Maharashtra,Parbhani,Acute Diarrhoeal Disease,2014,9,47.0,0.0,19.29031365,76.60290343,0.112009218,307.0,7.0,2014-03-02
Maharashtra,Parbhani,Acute Diarrhoeal Disease,2014,46,32.0,0.0,19.29031365,76.60290343,0.08710501478,308.6,8.0,2014-11-11
Maharashtra,Parbhani,Acute Diarrhoeal Disease,2015,16,24.0,0.0,19.29031365,76.60290343,0.3435382668,311.948,4.0,2015-04-17
Maharashtra,Parbhani,Acute Diarrhoeal Disease,2016,18,25.0,0.0,19.29031365,76.60290343,0.05332568989,326.3,3.0,2016-05-06
Maharashtra,Parbhani,Acute Diarrhoeal Disease,2016,19,127.0,0.0,19.29031365,76.60290343,0.06057607148,323.47,3.0,2016-05-12
Maharashtra,Parbhani,Acute Diarrhoeal Disease,2016,26,52.0,0.0,19.29031365,76.60290343,0.8976608583,315.32,,2016-07-03
Maharashtra,Parbhani,Acute Diarrhoeal Disease,2017,44,32.0,0.0,19.29031365,76.60290343,0.003030151122,306.82,,2017-11-01
Maharashtra,Parbhani,Acute Diarrhoeal Disease,2018,22,35.0,0.0,19.29031365,76.60290343,0.1153558791,316.94,2.0,2018-06-03
Maharashtra,Parbhani,Acute Diarrhoeal Disease,2020,41,66.0,0.0,19.29031365,76.60290343,0.06249646935,304.355,18.0,2020-10-05
Maharashtra,Parbhani,Chikungunya,2011,33,57.0,0.0,19.29031365,76.60290343,0.2515310148,301.57,6.0,2011-08-15
Maharashtra,Parbhani,Cholera,2012,29,174.0,1.0,19.29031365,76.60290343,0.09344685516,307.76,3.0,2012-07-17
Maharashtra,Parbhani,Dengue,2017,44,14.0,0.0,19.29031365,76.60290343,0.003007790252,306.928,13.0,2017-11-02
Maharashtra,Parbhani,Dengue,2019,36,32.0,1.0,19.29031365,76.60290343,0.904093517,,9.0,2019-09-07
Maharashtra,Pune,AES,2017,40,9.0,0.0,18.521428,73.8544541,0.0892743175,304.6266666,17.0,2017-10-06
Maharashtra,Pune,Acute Diarrhoeal Disease,2010,9,131.0,0.0,18.521428,73.8544541,4.61e-05,311.57,,2010-03-05
Maharashtra,Pune,Acute Diarrhoeal Disease,2011,21,141.0,0.0,18.521428,73.8544541,0.06051123648,312.2033334,5.0,2011-05-26
Maharashtra,Pune,Acute Diarrhoeal Disease,2011,25,311.0,0.0,18.521428,73.8544541,0.5102087662,300.08,4.0,2011-06-20
Maharashtra,Pune,Acute Diarrhoeal Disease,2013,11,75.0,0.0,18.521428,73.8544541,6.8e-05,315.1733334,5.0,2013-03-15
Maharashtra,Pune,Acute Diarrhoeal Disease,2013,42,50.0,0.0,18.521428,73.8544541,0.1200245707,302.57,,2013-10-15
Maharashtra,Pune,Acute Diarrhoeal Disease,2014,35,36.0,0.0,18.521428,73.8544541,1.062114181,303.08,11.0,2014-08-27
Maharashtra,Pune,Acute Diarrhoeal Disease,2015,7,55.0,0.0,18.521428,73.8544541,0.02039751792,306.7033334,6.0,2015-02-14
Maharashtra,Pune,Acute Diarrhoeal Disease,2015,14,7.0,0.0,18.521428,73.8544541,0.07475160707,311.7633334,8.0,2015-03-31
Maharashtra,Pune,Acute Diarrhoeal Disease,2015,20,10.0,0.0,18.521428,73.8544541,0.09445700622,316.144,7.0,2015-05-11
Maharashtra,Pune,Acute Diarrhoeal Disease,2015,26,154.0,0.0,18.521428,73.8544541,1.529572784,,,2015-06-25
Maharashtra,Pune,Acute Diarrhoeal Disease,2015,30,36.0,0.0,18.521428,73.8544541,0.5035767131,,2.0,2015-07-23
Maharashtra,Pune,Acute Diarrhoeal Disease,2015,39,35.0,0.0,18.521428,73.8544541,0.1464324479,301.825,17.0,2015-09-26
Maharashtra,Pune,Acute Diarrhoeal Disease,2015,44,65.0,0.0,18.521428,73.8544541,0.004464526676,305.125,12.0,2015-10-29
Maharashtra,Pune,Acute Diarrhoeal Disease,2016,22,32.0,0.0,18.521428,73.8544541,0.08374067469,311.656,,2016-05-31
Maharashtra,Pune,Acute Diarrhoeal Disease,2019,39,45.0,0.0,18.521428,73.8544541,1.012672241,301.04,,2019-09-29
Maharashtra,Pune,Acute Diarrhoeal Disease,2022,20,97.0,0.0,18.521428,73.8544541,0.009360110755,310.9133334,6.0,2022-05-20
Maharashtra,Pune,Chikungunya,2016,14,24.0,0.0,18.521428,73.8544541,0.000185409968,317.3333334,5.0,2016-04-04
Maharashtra,Pune,Chikungunya,2016,16,24.0,0.0,18.521428,73.8544541,0.0003524811073,321.19333340000003,5.0,2016-04-19
Maharashtra,Pune,Chikungunya,2016,20,137.0,0.0,18.521428,73.8544541,0.05586967941,310.3266666,5.0,2016-05-20
Maharashtra,Pune,Chikungunya,2017,24,128.0,0.0,18.521428,73.8544541,0.471897797,310.84000000000003,6.0,2017-06-12
Maharashtra,Pune,Chikungunya,2017,36,10.0,0.0,18.521428,73.8544541,0.8376791424,296.48,13.0,2017-09-04
Maharashtra,Pune,Chikungunya,2018,15,18.0,0.0,18.521428,73.8544541,0.01842531364,317.74333340000004,,2018-04-14
Maharashtra,Pune,Chikungunya,2018,40,33.0,0.0,18.521428,73.8544541,0.3281831846,304.952,17.0,2018-10-02
Maharashtra,Pune,Chikungunya,2020,44,7.0,0.0,18.521428,73.8544541,0.4427031901,301.58,21.0,2020-10-27
Maharashtra,Pune,Chikungunya,2021,6,25.0,0.0,18.521428,73.8544541,9.5e-05,305.296,9.0,2021-02-08
Maharashtra,Pune,Chikungunya,2021,22,6.0,0.0,18.521428,73.8544541,0.3985516351,309.332,,2021-06-01
Maharashtra,Pune,Chikungunya,2021,23,42.0,0.0,18.521428,73.8544541,1.023137245,304.635,8.0,2021-06-07
Maharashtra,Pune,Chikungunya,2021,29,5.0,0.0,18.521428,73.8544541,1.56877296,300.22,5.0,2021-07-22
Maharashtra,Pune,Chikungunya,2021,32,7.0,0.0,18.521428,73.8544541,0.2316700784,298.24,,2021-08-13
Maharashtra,Pune,Cholera,2011,29,46.0,0.0,18.521428,73.8544541,1.405453239,,3.0,2011-07-22
Maharashtra,Pune,Cholera,2011,35,7.0,1.0,18.521428,73.8544541,1.392534534,,,2011-08-29
Maharashtra,Pune,Cholera,2013,39,8.0,0.0,18.521428,73.8544541,0.5463138027,301.25,10.0,2013-09-25
Maharashtra,Pune,Dengue,2011,34,11.0,1.0,18.521428,73.8544541,0.6595170596,296.92,7.0,2011-08-27
Maharashtra,Pune,Dengue,2011,51,17.0,0.0,18.521428,73.8544541,7.14e-05,302.40000000000003,9.0,2011-12-20
Maharashtra,Pune,Dengue,2012,19,6.0,1.0,18.521428,73.8544541,0.0004693079357,317.368,,2012-05-07
Maharashtra,Pune,Dengue,2016,1,22.0,0.0,18.521428,73.8544541,2.19e-05,303.36400000000003,,2016-01-08
Maharashtra,Pune,Dengue,2016,14,47.0,0.0,18.521428,73.8544541,0.000185409968,317.3333334,5.0,2016-04-04
Maharashtra,Pune,Dengue,2016,16,24.0,0.0,18.521428,73.8544541,0.01879334041,318.5566666,5.0,2016-04-24
Maharashtra,Pune,Dengue,2016,29,31.0,1.0,18.521428,73.8544541,0.3972179572,302.15000000000003,,2016-07-19
Maharashtra,Pune,Dengue,2017,19,26.0,0.0,18.521428,73.8544541,0.08747467339,317.99,6.0,2017-05-12
Maharashtra,Pune,Dengue,2017,30,8.0,1.0,18.521428,73.8544541,0.8413701846,297.71,11.0,2017-07-29
Maharashtra,Pune,Dengue,2017,33,40.0,0.0,18.521428,73.8544541,0.2717663555,300.71,8.0,2017-08-19
Maharashtra,Pune,Dengue,2017,35,6.0,1.0,18.521428,73.8544541,0.7018421244,300.3,,2017-08-29
Maharashtra,Pune,Dengue,2017,39,13.0,2.0,18.521428,73.8544541,0.2811133351,302.69333340000003,19.0,2017-09-28
Maharashtra,Pune,Dengue,2017,43,1.0,1.0,18.521428,73.8544541,0.0572075111,305.648,14.0,2017-10-28
Maharashtra,Pune,Dengue,2017,45,3.0,1.0,18.521428,73.8544541,6.91e-05,304.3333334,18.0,2017-11-06
Maharashtra,Pune,Dengue,2018,38,51.0,0.0,18.521428,73.8544541,0.1302601564,304.7333334,16.0,2018-09-23
Maharashtra,Pune,Dengue,2018,40,51.0,0.0,18.521428,73.8544541,0.3435667594,303.928,17.0,2018-10-04
Maharashtra,Pune,Dengue,2019,31,82.0,0.0,18.521428,73.8544541,2.497719256,,1.0,2019-08-03
Maharashtra,Pune,Dengue,2019,32,2.0,0.0,18.521428,73.8544541,4.012694379,,5.0,2019-08-08
Maharashtra,Pune,Dengue,2019,35,44.0,0.0,18.521428,73.8544541,0.405408928,301.895,9.0,2019-09-01
Maharashtra,Pune,Dengue,2020,23,5.0,0.0,18.521428,73.8544541,0.03381872236,315.49,,2020-06-01
Maharashtra,Pune,Dengue,2020,47,16.0,1.0,18.521428,73.8544541,0.001230150582,303.496,16.0,2020-11-18
Maharashtra,Pune,Dengue,2021,23,23.0,0.0,18.521428,73.8544541,1.023137245,304.635,8.0,2021-06-07
Maharashtra,Pune,Dengue,2021,25,6.0,0.0,18.521428,73.8544541,0.3569411311,301.40500000000003,10.0,2021-06-24
Maharashtra,Pune,Dengue,2022,16,12.0,0.0,18.521428,73.8544541,0.01502899002,314.96,,2022-04-23
Maharashtra,Pune,Dengue,2022,20,21.0,0.0,18.521428,73.8544541,0.008698042455,309.265,,2022-05-16
Maharashtra,Pune,Dengue & Chikungunya,2019,43,4.0,0.0,18.521428,73.8544541,1.0779653,294.56,11.0,2019-10-25
Maharashtra,Raigad,Acute Diarrhoeal Disease,2010,26,12.0,0.0,18.4928092,73.13807095,0.5895926865,298.58,8.0,2010-07-02
Maharashtra,Raigad,Acute Diarrhoeal Disease,2010,40,12.0,0.0,18.4928092,73.13807095,0.723531365,300.80400000000003,,2010-10-07
Maharashtra,Raigad,Acute Diarrhoeal Disease,2011,28,101.0,0.0,18.4928092,73.13807095,1.642483647,294.96,,2011-07-11
Maharashtra,Raigad,Acute Diarrhoeal Disease,2011,31,29.0,0.0,18.4928092,73.13807095,3.780674599,,,2011-08-05
Maharashtra,Raigad,Acute Diarrhoeal Disease,2011,41,89.0,0.0,18.4928092,73.13807095,0.5531600728,301.132,,2011-10-15
Maharashtra,Raigad,Acute Diarrhoeal Disease,2011,48,27.0,0.0,18.4928092,73.13807095,0.04008321143,304.84000000000003,14.0,2011-12-04
Maharashtra,Raigad,Acute Diarrhoeal Disease,2012,7,18.0,1.0,18.4928092,73.13807095,9.47e-05,305.84000000000003,8.0,2012-02-15
Maharashtra,Raigad,Acute Diarrhoeal Disease,2012,27,59.0,0.0,18.4928092,73.13807095,1.448699344,,7.0,2012-07-07
Maharashtra,Raigad,Acute Diarrhoeal Disease,2013,2,110.0,2.0,18.4928092,73.13807095,6.87e-05,303.4766666,,2013-01-09
Maharashtra,Raigad,Acute Diarrhoeal Disease,2013,37,67.0,0.0,18.4928092,73.13807095,0.833964317,299.19,23.0,2013-09-12
Maharashtra,Raigad,Acute Diarrhoeal Disease,2014,51,49.0,0.0,18.4928092,73.13807095,0.08871151979,301.65000000000003,,2014-12-18
Maharashtra,Raigad,Acute Diarrhoeal Disease,2016,43,5.0,1.0,18.4928092,73.13807095,0.0002660193913,303.216,21.0,2016-10-27
Maharashtra,Raigad,Acute Diarrhoeal Disease,2016,44,28.0,0.0,18.4928092,73.13807095,0.0001136509,304.13,21.0,2016-11-03
Maharashtra,Raigad,Acute Diarrhoeal Disease,2018,28,50.0,0.0,18.4928092,73.13807095,1.839173068,296.3,,2018-07-12
Maharashtra,Raigad,Acute Diarrhoeal Disease,2019,22,53.0,0.0,18.4928092,73.13807095,0.003058341195,313.096,,2019-06-01
Maharashtra,Raigad,Acute Diarrhoeal Disease,2019,39,32.0,0.0,18.4928092,73.13807095,1.857138872,298.57,19.0,2019-09-23
Maharashtra,Raigad,Chikungunya,2016,18,9.0,0.0,18.4928092,73.13807095,0.001138335289,316.05,9.0,2016-05-04
Maharashtra,Raigad,Cholera,2011,28,161.0,0.0,18.4928092,73.13807095,1.642483647,294.96,,2011-07-11
Maharashtra,Raigad,Cholera,2015,14,22.0,0.0,18.4928092,73.13807095,0.1073073868,312.37333340000004,,2015-03-30
Maharashtra,Raigad,Dengue,2011,49,47.0,1.0,18.4928092,73.13807095,8.4e-05,305.5233334,14.0,2011-12-07
Maharashtra,Raigad,Dengue,2012,19,167.0,0.0,18.4928092,73.13807095,0.001290552815,313.23,,2012-05-08
Maharashtra,Raigad,Dengue,2012,20,23.0,0.0,18.4928092,73.13807095,0.003096761523,313.7933334,9.0,2012-05-19
Maharashtra,Raigad,Dengue,2012,23,29.0,0.0,18.4928092,73.13807095,0.06133107753,307.66,7.0,2012-06-07
Maharashtra,Raigad,Dengue,2012,25,11.0,0.0,18.4928092,73.13807095,0.9525169582,305.4133334,7.0,2012-06-20
Maharashtra,Raigad,Dengue,2013,10,27.0,0.0,18.4928092,73.13807095,4.03e-05,313.8,8.0,2013-03-10
Maharashtra,Raigad,Dengue,2013,11,22.0,0.0,18.4928092,73.13807095,0.0007016275189,311.75,8.0,2013-03-16
Maharashtra,Raigad,Dengue,2013,29,50.0,0.0,18.4928092,73.13807095,2.505998961,301.76,,2013-07-19
Maharashtra,Raigad,Dengue,2013,43,60.0,0.0,18.4928092,73.13807095,0.0145674039,302.6966666,21.0,2013-10-25
Maharashtra,Raigad,Dengue,2016,18,26.0,0.0,18.4928092,73.13807095,0.001269255466,314.5933334,9.0,2016-05-02
Maharashtra,Raigad,Dengue,2016,25,43.0,2.0,18.4928092,73.13807095,1.499269961,305.12,,2016-06-24
Maharashtra,Raigad,Dengue,2019,21,24.0,0.0,18.4928092,73.13807095,0.0002675690383,315.3966666,9.0,2019-05-20
Maharashtra,Raigad,Dengue,2019,26,15.0,0.0,18.4928092,73.13807095,0.4788856141,305.8066666,,2019-06-26
Maharashtra,Raigad,Dengue,2021,23,18.0,0.0,18.4928092,73.13807095,1.136541734,302.40000000000003,7.0,2021-06-11
Maharashtra,Raigad,Dengue,2022,12,11.0,0.0,18.4928092,73.13807095,0.0001800343472,312.184,,2022-03-21
Maharashtra,Raigad,Dengue & Chikungunya,2013,28,20.0,0.0,18.4928092,73.13807095,2.966433885,300.0,3.0,2013-07-14
Maharashtra,Raigad,Malaria,2012,31,49.0,0.0,18.4928092,73.13807095,1.476298942,291.98,3.0,2012-07-31
Maharashtra,Raigad,Malaria,2013,20,30.0,0.0,18.4928092,73.13807095,0.005519854204,312.7033334,8.0,2013-05-14
Maharashtra,Raigad,Malaria,2013,28,34.0,0.0,18.4928092,73.13807095,1.196330382,,2.0,2013-07-08
Maharashtra,Raigad,Malaria,2021,45,19.0,0.0,18.4928092,73.13807095,0.1463200544,302.16,21.0,2021-11-11
Maharashtra,Ratnagiri,Acute Diarrhoeal Disease,2010,6,14.0,0.0,17.2826079,73.4569787,8.66e-05,306.204,,2010-02-09
Maharashtra,Ratnagiri,Acute Diarrhoeal Disease,2010,16,36.0,0.0,17.2826079,73.4569787,0.01240320211,310.06333340000003,,2010-04-22
Maharashtra,Ratnagiri,Acute Diarrhoeal Disease,2010,26,44.0,0.0,17.2826079,73.4569787,1.200794741,,,2010-07-03
Maharashtra,Ratnagiri,Acute Diarrhoeal Disease,2010,36,7.0,2.0,17.2826079,73.4569787,2.05795466,299.2,15.0,2010-09-09
Maharashtra,Ratnagiri,Acute Diarrhoeal Disease,2011,22,27.0,0.0,17.2826079,73.4569787,0.03939463256,307.845,,2011-06-01
Maharashtra,Ratnagiri,Acute Diarrhoeal Disease,2011,23,61.0,0.0,17.2826079,73.4569787,3.31889966,,,2011-06-10
Maharashtra,Ratnagiri,Acute Diarrhoeal Disease,2012,38,22.0,0.0,17.2826079,73.4569787,0.4814278729,299.175,22.0,2012-09-19
Maharashtra,Ratnagiri,Acute Diarrhoeal Disease,2012,41,15.0,0.0,17.2826079,73.4569787,1.267277546,301.7466666,31.0,2012-10-12
Maharashtra,Ratnagiri,Acute Diarrhoeal Disease,2013,1,15.0,0.0,17.2826079,73.4569787,4.53e-05,303.764,13.0,2013-01-01
Maharashtra,Ratnagiri,Acute Diarrhoeal Disease,2016,9,43.0,0.0,17.2826079,73.4569787,0.0008089942361,303.22,10.0,2016-02-29
Maharashtra,Ratnagiri,Acute Diarrhoeal Disease,2016,44,25.0,0.0,17.2826079,73.4569787,0.0003980540511,305.2666666,23.0,2016-11-02
Maharashtra,Ratnagiri,Acute Diarrhoeal Disease,2019,13,45.0,0.0,17.2826079,73.4569787,0.002829652269,310.1333334,,2019-03-30
Maharashtra,Ratnagiri,Acute Diarrhoeal Disease,2019,26,26.0,0.0,17.2826079,73.4569787,0.8088987118,303.75,,2019-06-26
Maharashtra,Ratnagiri,Chikungunya,2009,47,6.0,0.0,17.2826079,73.4569787,0.2765353113,303.075,15.0,2009-11-22
Maharashtra,Ratnagiri,Chikungunya,2012,40,122.0,0.0,17.2826079,73.4569787,2.087999816,,,2012-10-07
Maharashtra,Ratnagiri,Cholera,2009,53,32.0,0.0,17.2826079,73.4569787,0.0002601957775,304.956,15.0,2009-12-28
Maharashtra,Ratnagiri,Cholera,2017,28,83.0,0.0,17.2826079,73.4569787,0.600488813,298.45,7.0,2017-07-13
Maharashtra,Ratnagiri,Cholera,2020,48,65.0,0.0,17.2826079,73.4569787,0.01396026875,302.812,,2020-11-23
Maharashtra,Ratnagiri,Dengue,2012,43,30.0,0.0,17.2826079,73.4569787,0.04375049579,303.204,27.0,2012-10-24
Maharashtra,Ratnagiri,Dengue,2012,47,21.0,0.0,17.2826079,73.4569787,5.62e-05,304.49333340000004,17.0,2012-11-22
Maharashtra,Ratnagiri,Dengue,2014,49,46.0,0.0,17.2826079,73.4569787,0.0003383787763,303.97,,2014-12-02
Maharashtra,Ratnagiri,Dengue,2016,46,40.0,0.0,17.2826079,73.4569787,0.02057572889,305.19,18.0,2016-11-18
Maharashtra,Ratnagiri,Dengue,2017,15,18.0,0.0,17.2826079,73.4569787,0.0006183158999,312.8466666,12.0,2017-04-11
Maharashtra,Ratnagiri,Dengue & Chikungunya,2010,46,24.0,0.0,17.2826079,73.4569787,0.3567681254,300.34000000000003,,2010-11-17
Maharashtra,Ratnagiri,Malaria,2009,50,20.0,2.0,17.2826079,73.4569787,6.93e-05,301.868,14.0,2009-12-09
Maharashtra,Ratnagiri,Malaria,2011,28,50.0,0.0,17.2826079,73.4569787,1.874268349,298.6666666,5.0,2011-07-13
Maharashtra,Sangli,Acute Diarrhoeal Disease,2009,53,113.0,0.0,17.1726928,74.58676543,0.01937928842,302.6666666,7.0,2009-12-30
Maharashtra,Sangli,Acute Diarrhoeal Disease,2012,18,91.0,0.0,17.1726928,74.58676543,6.68e-05,315.932,6.0,2012-05-04
Maharashtra,Sangli,Acute Diarrhoeal Disease,2012,19,26.0,0.0,17.1726928,74.58676543,0.1345767349,316.564,6.0,2012-05-13
Maharashtra,Sangli,Acute Diarrhoeal Disease,2013,16,95.0,0.0,17.1726928,74.58676543,0.002632427695,319.584,5.0,2013-04-19
Maharashtra,Sangli,Acute Diarrhoeal Disease,2013,17,121.0,0.0,17.1726928,74.58676543,0.01163447596,317.98,6.0,2013-04-27
Maharashtra,Sangli,Acute Diarrhoeal Disease,2014,34,50.0,0.0,17.1726928,74.58676543,0.5778216892,303.32,12.0,2014-08-23
Maharashtra,Sangli,Acute Diarrhoeal Disease,2014,46,51.0,0.0,17.1726928,74.58676543,0.007838094787,302.1266666,9.0,2014-11-12
Maharashtra,Sangli,Acute Diarrhoeal Disease,2014,47,40.0,0.0,17.1726928,74.58676543,0.02274543003,302.3,11.0,2014-11-22
Maharashtra,Sangli,Acute Diarrhoeal Disease,2015,2,97.0,0.0,17.1726928,74.58676543,0.04524913359,301.89,8.0,2015-01-05
Maharashtra,Sangli,Acute Diarrhoeal Disease,2015,12,65.0,0.0,17.1726928,74.58676543,0.005531981028,309.0933334,,2015-03-21
Maharashtra,Sangli,Acute Diarrhoeal Disease,2015,19,100.0,0.0,17.1726928,74.58676543,0.00036372122695000004,316.1383333,7.0,2015-05-04
Maharashtra,Sangli,Acute Diarrhoeal Disease,2015,27,57.0,0.0,17.1726928,74.58676543,0.07099890322,303.4066666,9.0,2015-07-01
Maharashtra,Sangli,Acute Diarrhoeal Disease,2016,21,68.0,0.0,17.1726928,74.58676543,0.02758685536,313.136,6.0,2016-05-27
Maharashtra,Sangli,Acute Diarrhoeal Disease,2017,36,40.0,0.0,17.1726928,74.58676543,0.225798301,298.975,16.0,2017-09-04
Maharashtra,Sangli,Acute Diarrhoeal Disease,2017,39,19.0,0.0,17.1726928,74.58676543,0.3238745326,302.74,18.0,2017-09-28
Maharashtra,Sangli,Acute Diarrhoeal Disease,2017,50,53.0,0.0,17.1726928,74.58676543,7.08e-05,303.904,9.0,2017-12-15
Maharashtra,Sangli,Acute Diarrhoeal Disease,2018,15,47.0,0.0,17.1726928,74.58676543,0.04937744584,313.9266666,6.0,2018-04-13
Maharashtra,Sangli,Acute Diarrhoeal Disease,2018,36,17.0,0.0,17.1726928,74.58676543,0.1624665616,300.192,,2018-09-05
Maharashtra,Sangli,Acute Diarrhoeal Disease,2019,25,58.0,0.0,17.1726928,74.58676543,0.1024741058,303.785,6.0,2019-06-20
Maharashtra,Sangli,Acute Diarrhoeal Disease,2019,44,67.0,0.0,17.1726928,74.58676543,0.5456271629,300.62,,2019-10-31
Maharashtra,Sangli,Chikungunya,2012,17,14.0,0.0,17.1726928,74.58676543,0.09295113816,316.11,6.0,2012-04-25
Maharashtra,Sangli,Chikungunya,2014,24,32.0,0.0,17.1726928,74.58676543,0.2193411965,307.445,8.0,2014-06-11
Maharashtra,Sangli,Chikungunya,2014,28,26.0,0.0,17.1726928,74.58676543,0.2346251609,310.2,6.0,2014-07-08
Maharashtra,Sangli,Chikungunya,2015,12,19.0,0.0,17.1726928,74.58676543,0.01775389672,307.7933334,7.0,2015-03-18
Maharashtra,Sangli,Chikungunya,2017,43,17.0,0.0,17.1726928,74.58676543,0.03600951433,303.24,17.0,2017-10-26
Maharashtra,Sangli,Chikungunya,2017,47,28.0,0.0,17.1726928,74.58676543,0.12189547,304.40000000000003,9.0,2017-11-23
Maharashtra,Sangli,Chikungunya,2017,48,15.0,0.0,17.1726928,74.58676543,0.08305262303,304.665,10.0,2017-11-27
Maharashtra,Sangli,Chikungunya,2017,49,10.0,0.0,17.1726928,74.58676543,0.0593054895,300.35,8.0,2017-12-08
Maharashtra,Sangli,Chikungunya,2017,50,13.0,0.0,17.1726928,74.58676543,0.03241415186,304.84000000000003,9.0,2017-12-13
Maharashtra,Sangli,Chikungunya,2019,20,10.0,0.0,17.1726928,74.58676543,0.001723798489,315.9633334,7.0,2019-05-13
Maharashtra,Sangli,Cholera,2013,18,88.0,0.0,17.1726928,74.58676543,0.03108132,316.796,6.0,2013-05-05
Maharashtra,Sangli,Cholera,2013,26,9.0,0.0,17.1726928,74.58676543,0.3241672644,305.02,,2013-06-26
Maharashtra,Sangli,Cholera,2013,49,99.0,1.0,17.1726928,74.58676543,0.05592174368,303.8166666,8.0,2013-12-07
Maharashtra,Sangli,Cholera,2014,45,36.0,0.0,17.1726928,74.58676543,6.16e-05,304.3333334,,2014-11-08
Maharashtra,Sangli,Cholera,2019,43,111.0,3.0,17.1726928,74.58676543,0.8056338426,301.06,8.0,2019-10-22
Maharashtra,Sangli,Cholera,2019,44,112.0,0.0,17.1726928,74.58676543,0.2879052222,300.62,,2019-11-01
Maharashtra,Sangli,Dengue,2012,10,71.0,0.0,17.1726928,74.58676543,5.56e-05,314.5333334,4.0,2012-03-06
Maharashtra,Sangli,Dengue,2013,13,20.0,0.0,17.1726928,74.58676543,0.0004285438886,313.90000000000003,5.0,2013-03-28
Maharashtra,Sangli,Dengue,2013,16,14.0,0.0,17.1726928,74.58676543,0.003007406395,318.94,5.0,2013-04-17
Maharashtra,Sangli,Dengue,2013,23,38.0,1.0,17.1726928,74.58676543,0.9695302847,310.43333340000004,5.0,2013-06-08
Maharashtra,Sangli,Dengue,2014,29,7.0,0.0,17.1726928,74.58676543,0.6972850985,301.94,3.0,2014-07-14
Maharashtra,Sangli,Dengue,2015,9,15.0,0.0,17.1726928,74.58676543,6.17e-05,311.656,6.0,2015-02-24
Maharashtra,Sangli,Dengue,2016,15,38.0,0.0,17.1726928,74.58676543,8.26e-05,319.92400000000004,6.0,2016-04-16
Maharashtra,Sangli,Dengue,2016,30,9.0,0.0,17.1726928,74.58676543,0.9946768531,,5.0,2016-07-28
Maharashtra,Sangli,Dengue,2016,31,13.0,0.0,17.1726928,74.58676543,0.9991063172,296.46,,2016-08-03
Maharashtra,Sangli,Dengue,2017,33,69.0,0.0,17.1726928,74.58676543,0.1358113181,303.24,11.0,2017-08-16
Maharashtra,Sangli,Dengue,2018,20,14.0,0.0,17.1726928,74.58676543,0.06999731627,312.956,7.0,2018-05-19
Maharashtra,Sangli,Dengue,2018,26,23.0,1.0,17.1726928,74.58676543,0.3844622144,307.43,8.0,2018-06-25
Maharashtra,Sangli,Dengue,2019,22,12.0,0.0,17.1726928,74.58676543,0.002000857702,315.91,6.0,2019-05-29
Maharashtra,Sangli,Dengue,2019,37,33.0,2.0,17.1726928,74.58676543,0.3889180934,300.15000000000003,,2019-09-13
Maharashtra,Sangli,Malaria,2014,29,29.0,0.0,17.1726928,74.58676543,0.5561390554,301.94,3.0,2014-07-16
Maharashtra,Sangli,Malaria,2019,23,7.0,0.0,17.1726928,74.58676543,0.009114818469,312.47,7.0,2019-06-04
Maharashtra,Satara,Acute Diarrhoeal Disease,2012,10,104.0,0.0,17.63612885,74.29827808,5.56e-05,316.94333340000003,3.0,2012-03-06
Maharashtra,Satara,Acute Diarrhoeal Disease,2012,17,26.0,0.0,17.63612885,74.29827808,0.08421699515,317.348,3.0,2012-04-23
Maharashtra,Satara,Acute Diarrhoeal Disease,2012,18,141.0,0.0,17.63612885,74.29827808,4.39e-05,317.468,,2012-04-30
Maharashtra,Satara,Acute Diarrhoeal Disease,2012,43,18.0,0.0,17.63612885,74.29827808,0.01435343425,309.348,,2012-10-22
Maharashtra,Satara,Acute Diarrhoeal Disease,2013,38,25.0,0.0,17.63612885,74.29827808,0.9205670216,305.0466666,8.0,2013-09-16
Maharashtra,Satara,Acute Diarrhoeal Disease,2013,40,16.0,0.0,17.63612885,74.29827808,0.1325143856,304.245,10.0,2013-10-02
Maharashtra,Satara,Acute Diarrhoeal Disease,2013,41,34.0,0.0,17.63612885,74.29827808,0.05744793824,307.98,9.0,2013-10-11
Maharashtra,Satara,Acute Diarrhoeal Disease,2013,42,60.0,0.0,17.63612885,74.29827808,0.0398163582,307.87333340000004,,2013-10-15
Maharashtra,Satara,Acute Diarrhoeal Disease,2013,43,27.0,0.0,17.63612885,74.29827808,0.2614510549,306.21,9.0,2013-10-27
Maharashtra,Satara,Acute Diarrhoeal Disease,2013,44,30.0,0.0,17.63612885,74.29827808,0.2796676322,304.76,9.0,2013-10-28
Maharashtra,Satara,Acute Diarrhoeal Disease,2013,47,35.0,0.0,17.63612885,74.29827808,0.0002108408945,307.50333340000003,8.0,2013-11-21
Maharashtra,Satara,Acute Diarrhoeal Disease,2014,18,22.0,0.0,17.63612885,74.29827808,0.02217864855,316.3,4.0,2014-05-03
Maharashtra,Satara,Acute Diarrhoeal Disease,2014,23,11.0,0.0,17.63612885,74.29827808,0.3485634345,311.045,5.0,2014-06-07
Maharashtra,Satara,Acute Diarrhoeal Disease,2015,2,22.0,0.0,17.63612885,74.29827808,0.0002915643657,304.26,6.0,2015-01-11
Maharashtra,Satara,Acute Diarrhoeal Disease,2015,29,56.0,0.0,17.63612885,74.29827808,0.08393104038,304.876,7.0,2015-07-13
Maharashtra,Satara,Acute Diarrhoeal Disease,2017,18,71.0,0.0,17.63612885,74.29827808,0.0008892755354,321.636,4.0,2017-05-03
Maharashtra,Satara,Acute Diarrhoeal Disease,2018,20,88.0,2.0,17.63612885,74.29827808,0.01421115729,319.172,4.0,2018-05-14
Maharashtra,Satara,Acute Diarrhoeal Disease,2020,50,116.0,0.0,17.63612885,74.29827808,0.0006041071017,303.46,7.0,2020-12-07
Maharashtra,Satara,Acute Diarrhoeal Disease,2021,11,80.0,0.0,17.63612885,74.29827808,0.002590515235,313.772,,2021-03-21
Maharashtra,Satara,Chikungunya,2015,46,12.0,0.0,17.63612885,74.29827808,0.000679519318,310.3066666,,2015-11-09
Maharashtra,Satara,Chikungunya,2015,48,32.0,0.0,17.63612885,74.29827808,0.3008209901,305.42,,2015-11-25
Maharashtra,Satara,Chikungunya,2016,14,7.0,0.0,17.63612885,74.29827808,4.28e-05,319.0966666,3.0,2016-04-04
Maharashtra,Satara,Chikungunya,2016,48,11.0,0.0,17.63612885,74.29827808,5e-05,308.952,6.0,2016-11-30
Maharashtra,Satara,Chikungunya,2017,23,32.0,0.0,17.63612885,74.29827808,0.2490499253,313.04,4.0,2017-06-05
Maharashtra,Satara,Chikungunya,2017,25,52.0,0.0,17.63612885,74.29827808,0.5763513157,306.26,5.0,2017-06-19
Maharashtra,Satara,Chikungunya,2017,27,53.0,0.0,17.63612885,74.29827808,0.1410514712,306.27,,2017-07-03
Maharashtra,Satara,Chikungunya,2017,37,16.0,0.0,17.63612885,74.29827808,0.5687542663,302.16,,2017-09-14
Maharashtra,Satara,Chikungunya,2017,42,10.0,0.0,17.63612885,74.29827808,0.3151596142,302.565,12.0,2017-10-20
Maharashtra,Satara,Chikungunya,2018,19,9.0,0.0,17.63612885,74.29827808,0.001509722545,318.36333340000004,4.0,2018-05-11
Maharashtra,Satara,Chikungunya,2018,34,7.0,0.0,17.63612885,74.29827808,0.2748658408,299.46,5.0,2018-08-24
Maharashtra,Satara,Chikungunya,2018,35,30.0,0.0,17.63612885,74.29827808,0.1648872301,301.1933333333333,8.0,2018-08-28
Maharashtra,Satara,Chikungunya,2020,46,5.0,0.0,17.63612885,74.29827808,0.0002154749944,304.81333340000003,9.0,2020-11-09
Maharashtra,Satara,Chikungunya,2020,48,7.0,0.0,17.63612885,74.29827808,0.02053397169,305.18,,2020-11-24
Maharashtra,Satara,Chikungunya,2021,4,20.0,0.0,17.63612885,74.29827808,8.27e-06,306.4833334,,2021-01-25
Maharashtra,Satara,Chikungunya,2021,5,19.0,0.0,17.63612885,74.29827808,7.82e-05,305.836,7.0,2021-02-05
Maharashtra,Satara,Chikungunya,2021,28,20.0,0.0,17.63612885,74.29827808,1.242829167,303.64,5.0,2021-07-14
Maharashtra,Satara,Chikungunya,2021,32,18.0,0.0,17.63612885,74.29827808,0.1265490177,305.96,7.0,2021-08-15
Maharashtra,Satara,Chikungunya,2021,44,5.0,0.0,17.63612885,74.29827808,0.1401112338,305.5133334,8.0,2021-11-07
Maharashtra,Satara,Chikungunya,2022,22,10.0,0.0,17.63612885,74.29827808,0.0171904566705,313.43600000000004,5.0,2022-05-31
Maharashtra,Satara,Dengue,2013,2,18.0,0.0,17.63612885,74.29827808,0.0009115425988,309.36333340000004,,2013-01-08
Maharashtra,Satara,Dengue,2014,33,29.0,0.0,17.63612885,74.29827808,0.1562300671,305.71,,2014-08-12
Maharashtra,Satara,Dengue,2014,36,11.0,0.0,17.63612885,74.29827808,1.003676192,,4.0,2014-09-02
Maharashtra,Satara,Dengue,2014,43,22.0,0.0,17.63612885,74.29827808,0.07130009105,307.136,,2014-10-24
Maharashtra,Satara,Dengue,2014,44,8.0,0.0,17.63612885,74.29827808,0.1073499873,306.5666666,,2014-11-01
Maharashtra,Satara,Dengue,2015,35,21.0,0.0,17.63612885,74.29827808,0.083480855595,306.2466667,4.0,2015-08-27
Maharashtra,Satara,Dengue,2016,23,21.0,0.0,17.63612885,74.29827808,0.4248655963,308.03000000000003,,2016-06-09
Maharashtra,Satara,Dengue,2016,36,22.0,0.0,17.63612885,74.29827808,0.05181965443,303.6,10.0,2016-09-07
Maharashtra,Satara,Dengue,2017,33,26.0,0.0,17.63612885,74.29827808,0.1045410184,307.5133334,8.0,2017-08-18
Maharashtra,Satara,Dengue,2017,39,18.0,0.0,17.63612885,74.29827808,0.2448074611,305.295,13.0,2017-10-01
Maharashtra,Satara,Dengue,2017,41,51.0,0.0,17.63612885,74.29827808,0.7514111837,303.64,8.0,2017-10-14
Maharashtra,Satara,Dengue,2017,43,16.0,0.0,17.63612885,74.29827808,0.04106051663,306.124,12.0,2017-10-27
Maharashtra,Satara,Dengue,2018,23,26.0,0.0,17.63612885,74.29827808,0.6279875973,307.2266666,5.0,2018-06-08
Maharashtra,Satara,Dengue,2018,32,39.0,0.0,17.63612885,74.29827808,0.1002392496,302.07,6.0,2018-08-06
Maharashtra,Satara,Dengue,2018,33,13.0,0.0,17.63612885,74.29827808,0.201422166,301.86,4.0,2018-08-16
Maharashtra,Satara,Dengue,2018,39,64.0,0.0,17.63612885,74.29827808,0.1610027176,307.904,,2018-09-29
Maharashtra,Satara,Dengue,2019,23,28.0,0.0,17.63612885,74.29827808,0.0004985160964,317.0733334,3.0,2019-06-03
Maharashtra,Satara,Dengue,2019,26,6.0,0.0,17.63612885,74.29827808,0.4617648517,307.295,2.0,2019-06-28
Maharashtra,Satara,Dengue,2019,31,6.0,0.0,17.63612885,74.29827808,0.4156390387,,2.0,2019-07-30
Maharashtra,Satara,Dengue,2019,32,15.0,0.0,17.63612885,74.29827808,2.153167766,,3.0,2019-08-10
Maharashtra,Satara,Dengue,2019,35,26.0,0.0,17.63612885,74.29827808,0.1166841354,305.3333334,9.0,2019-08-27
Maharashtra,Satara,Dengue,2020,3,6.0,0.0,17.63612885,74.29827808,9.66e-05,304.48,8.0,2020-01-18
Maharashtra,Satara,Dengue,2020,45,30.0,0.0,17.63612885,74.29827808,0.004428378293,305.744,10.0,2020-11-04
Maharashtra,Satara,Dengue,2020,46,27.0,0.0,17.63612885,74.29827808,0.0001970981421,305.1966666,9.0,2020-11-13
Maharashtra,Satara,Dengue,2021,7,19.0,0.0,17.63612885,74.29827808,5.4e-05,307.9866666,6.0,2021-02-16
Maharashtra,Satara,Dengue,2021,14,31.0,1.0,17.63612885,74.29827808,7.5e-05,317.92,5.0,2021-04-05
Maharashtra,Satara,Dengue,2021,15,7.0,0.0,17.63612885,74.29827808,0.1527963029,313.9833334,,2021-04-15
Maharashtra,Satara,Dengue,2021,28,16.0,0.0,17.63612885,74.29827808,1.489691674,303.64,5.0,2021-07-16
Maharashtra,Satara,Dengue,2021,31,15.0,0.0,17.63612885,74.29827808,0.111707267,302.32,8.0,2021-08-03
Maharashtra,Satara,Dengue,2021,37,13.0,0.0,17.63612885,74.29827808,0.6398437365,300.14,,2021-09-14
Maharashtra,Satara,Dengue,2021,41,14.0,0.0,17.63612885,74.29827808,0.08792806037,304.776,,2021-10-16
Maharashtra,Satara,Malaria,2014,50,74.0,1.0,17.63612885,74.29827808,9.13e-05,306.26,8.0,2014-12-09
Maharashtra,Sholapur,Acute Diarrhoeal Disease,2011,30,11.0,0.0,17.6912883,75.8841635,0.5276004539,307.8933334,,2011-07-27
Maharashtra,Sholapur,Acute Diarrhoeal Disease,2016,30,160.0,1.0,17.6912883,75.8841635,0.6906830275,309.76,2.0,2016-07-31
Maharashtra,Sholapur,Cholera,2010,8,218.0,0.0,17.6912883,75.8841635,0.006599986641,313.12,5.0,2010-02-28
Maharashtra,Sholapur,Dengue,2012,14,65.0,0.0,17.6912883,75.8841635,0.008667705151,317.17,,2012-04-06
Maharashtra,Sholapur,Dengue,2018,20,7.0,1.0,17.6912883,75.8841635,0.04581453271,314.572,4.0,2018-05-19
Maharashtra,Sholapur,Dengue,2018,43,16.0,1.0,17.6912883,75.8841635,0.01100644841,313.58,7.0,2018-10-25
Maharashtra,Sholapur,Dengue,2018,44,7.0,1.0,17.6912883,75.8841635,0.007979888095,312.04400000000004,,2018-10-31
Maharashtra,Sholapur,Dengue,2019,38,11.0,1.0,17.6912883,75.8841635,0.7313565149,310.28000000000003,6.0,2019-09-20
Maharashtra,Sholapur,Dengue,2019,42,10.0,0.0,17.6912883,75.8841635,0.5346480045,306.625,12.0,2019-10-14
Maharashtra,Sindhudurg,Acute Diarrhoeal Disease,2014,4,234.0,0.0,16.1357193,73.6522086,0.0008312651703,302.3833334,14.0,2014-01-22
Maharashtra,Sindhudurg,Acute Diarrhoeal Disease,2016,4,15.0,0.0,16.1357193,73.6522086,0.0001019436673,303.9966666,14.0,2016-01-28
Maharashtra,Sindhudurg,Acute Diarrhoeal Disease,2016,20,49.0,0.0,16.1357193,73.6522086,0.03050603667,312.165,,2016-05-16
Maharashtra,Sindhudurg,Acute Diarrhoeal Disease,2017,25,16.0,0.0,16.1357193,73.6522086,0.7346040474,299.845,,2017-06-25
Maharashtra,Sindhudurg,Acute Diarrhoeal Disease,2018,52,11.0,0.0,16.1357193,73.6522086,8.11e-05,302.3866666,,2018-12-26
Maharashtra,Sindhudurg,Acute Diarrhoeal Disease,2020,8,49.0,0.0,16.1357193,73.6522086,4.76e-05,307.40000000000003,16.0,2020-02-22
Maharashtra,Sindhudurg,Cholera,2013,21,74.0,0.0,16.1357193,73.6522086,0.01983272204,308.40000000000003,13.0,2013-05-21
Maharashtra,Sindhudurg,Dengue,2011,8,10.0,0.0,16.1357193,73.6522086,5.16e-05,304.5666666,15.0,2011-02-23
Maharashtra,Sindhudurg,Dengue,2011,19,5.0,0.0,16.1357193,73.6522086,0.03387456061,309.056,17.0,2011-05-10
Maharashtra,Sindhudurg,Dengue,2016,14,23.0,0.0,16.1357193,73.6522086,0.01459097598,308.824,17.0,2016-04-07
Maharashtra,Sindhudurg,Dengue,2017,50,6.0,0.0,16.1357193,73.6522086,0.03444098766,300.79200000000003,21.0,2017-12-12
Maharashtra,Sindhudurg,Dengue,2019,36,8.0,0.0,16.1357193,73.6522086,2.923395664,,,2019-09-05
Maharashtra,Sindhudurg,Dengue,2021,25,62.0,0.0,16.1357193,73.6522086,0.833671811,298.11,,2021-06-25
Maharashtra,Sindhudurg,Malaria,2017,1,2.0,1.0,16.1357193,73.6522086,7.16e-05,303.80333340000004,17.0,2017-01-02
Maharashtra,Sindhudurg,Malaria,2017,3,1.0,1.0,16.1357193,73.6522086,6.23e-05,302.504,14.0,2017-01-20
Maharashtra,Sindhudurg,Malaria,2017,22,93.0,0.0,16.1357193,73.6522086,0.329188217,303.93333340000004,,2017-06-01
Maharashtra,Sindhudurg,Malaria,2017,34,11.0,0.0,16.1357193,73.6522086,1.135270023,298.35,13.0,2017-08-23
Maharashtra,Sindhudurg,Malaria,2017,37,5.0,0.0,16.1357193,73.6522086,0.7414077077,302.0466666,11.0,2017-09-16
Maharashtra,Sindhudurg,Malaria,2019,27,1.0,1.0,16.1357193,73.6522086,1.898631753,,5.0,2019-07-06
Maharashtra,Sindhudurg,Malaria,2021,47,4.0,0.0,16.1357193,73.6522086,0.312929701,300.02,,2021-11-24
Maharashtra,Sindhudurg,Malaria,2022,18,5.0,0.0,16.1357193,73.6522086,0.01160296462,305.68333340000004,19.0,2022-05-04
Maharashtra,Solapur,Acute Diarrhoeal Disease,2013,26,180.0,0.0,17.84990665,75.27632027,0.3196841234,307.66,3.0,2013-06-28
Maharashtra,Solapur,Acute Diarrhoeal Disease,2016,23,23.0,1.0,17.84990665,75.27632027,0.3101556214,316.02,3.0,2016-06-07
Maharashtra,Solapur,Malaria,2010,39,21.0,0.0,17.84990665,75.27632027,0.4142228389,303.9266666,,2010-09-30
Maharashtra,Thane,Acute Diarrhoeal Disease,2009,40,13.0,0.0,19.1943294,72.9701779,0.4793444029,300.708,,2009-09-30
Maharashtra,Thane,Acute Diarrhoeal Disease,2010,26,25.0,0.0,19.1943294,72.9701779,0.9868724748,304.58,,2010-07-04
Maharashtra,Thane,Acute Diarrhoeal Disease,2010,36,41.0,1.0,19.1943294,72.9701779,1.1658761,296.98,17.0,2010-09-11
Maharashtra,Thane,Acute Diarrhoeal Disease,2010,42,38.0,0.0,19.1943294,72.9701779,0.8108660347,299.1533334,14.0,2010-10-22
Maharashtra,Thane,Acute Diarrhoeal Disease,2010,43,42.0,0.0,19.1943294,72.9701779,0.1680233347,300.6966666,21.0,2010-10-29
Maharashtra,Thane,Acute Diarrhoeal Disease,2010,52,17.0,0.0,19.1943294,72.9701779,0.0001655363444,301.324,12.0,2010-12-31
Maharashtra,Thane,Acute Diarrhoeal Disease,2011,24,37.0,0.0,19.1943294,72.9701779,2.912180594,304.2,5.0,2011-06-15
Maharashtra,Thane,Acute Diarrhoeal Disease,2011,28,45.0,0.0,19.1943294,72.9701779,1.7879052185000002,300.14,3.0,2011-07-15
Maharashtra,Thane,Acute Diarrhoeal Disease,2011,39,11.0,0.0,19.1943294,72.9701779,0.2105254139,298.485,26.0,2011-09-26
Maharashtra,Thane,Acute Diarrhoeal Disease,2012,27,26.0,0.0,19.1943294,72.9701779,0.8231801478,301.0,4.0,2012-07-07
Maharashtra,Thane,Acute Diarrhoeal Disease,2012,31,20.0,0.0,19.1943294,72.9701779,1.136045968,,5.0,2012-07-30
Maharashtra,Thane,Acute Diarrhoeal Disease,2012,44,18.0,0.0,19.1943294,72.9701779,0.04724591337,303.612,,2012-10-30
Maharashtra,Thane,Acute Diarrhoeal Disease,2013,31,20.0,0.0,19.1943294,72.9701779,2.746087554,,7.0,2013-07-31
Maharashtra,Thane,Acute Diarrhoeal Disease,2013,41,18.0,0.0,19.1943294,72.9701779,0.2388381374,298.45,15.0,2013-10-12
Maharashtra,Thane,Acute Diarrhoeal Disease,2013,42,24.0,0.0,19.1943294,72.9701779,0.3886469973,299.28000000000003,24.0,2013-10-17
Maharashtra,Thane,Acute Diarrhoeal Disease,2013,46,14.0,0.0,19.1943294,72.9701779,0.0002849690279,302.86,16.0,2013-11-11
Maharashtra,Thane,Acute Diarrhoeal Disease,2014,44,194.0,0.0,19.1943294,72.9701779,0.05834864708,304.84000000000003,17.0,2014-10-30
Maharashtra,Thane,Acute Diarrhoeal Disease,2015,8,45.0,0.0,19.1943294,72.9701779,8.31e-05,311.276,7.0,2015-02-20
Maharashtra,Thane,Acute Diarrhoeal Disease,2015,27,38.0,0.0,19.1943294,72.9701779,0.75721747905,301.6383333,11.0,2015-06-30
Maharashtra,Thane,Acute Diarrhoeal Disease,2015,39,27.0,0.0,19.1943294,72.9701779,0.8165498895,299.68,29.0,2015-09-23
Maharashtra,Thane,Acute Diarrhoeal Disease,2015,50,14.0,0.0,19.1943294,72.9701779,4.04e-05,305.088,14.0,2015-12-09
Maharashtra,Thane,Acute Diarrhoeal Disease,2016,23,389.0,0.0,19.1943294,72.9701779,0.1076939772,312.46,6.0,2016-06-11
Maharashtra,Thane,Acute Diarrhoeal Disease,2016,25,23.0,1.0,19.1943294,72.9701779,1.172099613,307.23,5.0,2016-06-23
Maharashtra,Thane,Acute Diarrhoeal Disease,2016,26,37.0,0.0,19.1943294,72.9701779,2.0817711965,300.54,2.0,2016-06-29
Maharashtra,Thane,Acute Diarrhoeal Disease,2016,29,36.0,0.0,19.1943294,72.9701779,0.7446004726,299.7,,2016-07-18
Maharashtra,Thane,Acute Diarrhoeal Disease,2018,43,30.0,0.0,19.1943294,72.9701779,0.08740005781,305.97,17.0,2018-10-25
Maharashtra,Thane,Chikungunya,2010,7,61.0,0.0,19.1943294,72.9701779,0.002743676953,304.86400000000003,8.0,2010-02-15
Maharashtra,Thane,Chikungunya,2021,4,2.0,0.0,19.1943294,72.9701779,3.79e-05,304.7766666,10.0,2021-01-30
Maharashtra,Thane,Chikungunya,2021,32,6.0,0.0,19.1943294,72.9701779,0.2987806702,297.72,,2021-08-13
Maharashtra,Thane,Cholera,2011,16,17.0,0.0,19.1943294,72.9701779,0.01387869002,317.176,8.0,2011-04-18
Maharashtra,Thane,Cholera,2013,42,59.0,1.0,19.1943294,72.9701779,0.3886469973,299.28000000000003,24.0,2013-10-17
Maharashtra,Thane,Dengue,2011,27,43.0,0.0,19.1943294,72.9701779,0.38998141695,299.85,8.0,2011-07-04
Maharashtra,Thane,Dengue,2012,25,11.0,1.0,19.1943294,72.9701779,0.8124726194,311.61333340000004,8.0,2012-06-18
Maharashtra,Thane,Dengue,2012,32,18.0,0.0,19.1943294,72.9701779,1.187703623,,3.0,2012-08-10
Maharashtra,Thane,Dengue,2012,40,10.0,1.0,19.1943294,72.9701779,0.254787485,301.89,25.0,2012-10-01
Maharashtra,Thane,Dengue,2012,45,25.0,1.0,19.1943294,72.9701779,0.003189072117,301.5266666,17.0,2012-11-06
Maharashtra,Thane,Dengue,2013,43,54.0,0.0,19.1943294,72.9701779,0.2187556603,302.07,24.0,2013-10-22
Maharashtra,Thane,Dengue,2013,47,52.0,0.0,19.1943294,72.9701779,5.58e-05,304.2866666,15.0,2013-11-19
Maharashtra,Thane,Dengue,2014,13,20.0,1.0,19.1943294,72.9701779,6.47e-05,315.53000000000003,,2014-03-29
Maharashtra,Thane,Dengue,2014,16,14.0,0.0,19.1943294,72.9701779,0.01034601794,315.49,9.0,2014-04-20
Maharashtra,Thane,Dengue,2017,1,86.0,1.0,19.1943294,72.9701779,7.53e-05,304.9466666,10.0,2017-01-03
Maharashtra,Thane,Dengue,2017,17,89.0,0.0,19.1943294,72.9701779,0.002979762189,318.384,7.0,2017-04-29
Maharashtra,Thane,Dengue,2017,18,56.0,0.0,19.1943294,72.9701779,0.001320360972,318.0833334,7.0,2017-05-02
Maharashtra,Thane,Dengue,2017,38,7.0,1.0,19.1943294,72.9701779,4.814444043,297.84000000000003,22.0,2017-09-23
Maharashtra,Thane,Dengue,2017,41,24.0,3.0,19.1943294,72.9701779,1.13654644,303.744,20.0,2017-10-09
Maharashtra,Thane,Dengue,2018,26,16.0,0.0,19.1943294,72.9701779,1.468253736,299.90000000000003,12.0,2018-06-29
Maharashtra,Thane,Dengue,2019,3,9.0,1.0,19.1943294,72.9701779,5.55e-05,304.524,9.0,2019-01-15
Maharashtra,Thane,Dengue,2019,26,5.0,1.0,19.1943294,72.9701779,0.7510082657,309.26,5.0,2019-06-28
Maharashtra,Thane,Dengue,2019,27,5.0,1.0,19.1943294,72.9701779,2.685362899,307.59000000000003,5.0,2019-07-01
Maharashtra,Thane,Dengue,2019,29,61.0,4.0,19.1943294,72.9701779,0.3855972868,300.315,,2019-07-20
Maharashtra,Thane,Dengue,2019,33,4.0,1.0,19.1943294,72.9701779,1.141720103,,9.0,2019-08-16
Maharashtra,Thane,Dengue,2019,35,6.0,1.0,19.1943294,72.9701779,0.2849312583,300.9666666,14.0,2019-08-30
Maharashtra,Thane,Dengue,2019,37,25.0,0.0,19.1943294,72.9701779,2.791678443,,2.0,2019-09-10
Maharashtra,Thane,Dengue,2020,4,6.0,0.0,19.1943294,72.9701779,0.0002913774879,301.43,11.0,2020-01-20
Maharashtra,Thane,Dengue,2021,17,2.0,1.0,19.1943294,72.9701779,0.1043926176,315.4666666,9.0,2021-04-29
Maharashtra,Thane,Dengue,2021,33,5.0,0.0,19.1943294,72.9701779,0.4410657126,298.92,4.0,2021-08-17
Maharashtra,Thane,Dengue,2021,39,5.0,1.0,19.1943294,72.9701779,0.5969992657,299.39,29.0,2021-10-01
Maharashtra,Thane,Dengue,2021,43,1.0,1.0,19.1943294,72.9701779,0.0006784196466,303.61333340000004,,2021-10-31
Maharashtra,Thane,Dengue,2021,44,1.0,1.0,19.1943294,72.9701779,8.4e-05,302.9566666,,2021-11-01
Maharashtra,Thane,Malaria,2011,18,20.0,0.0,19.1943294,72.9701779,0.01414423926,314.788,8.0,2011-05-02
Maharashtra,Thane,Malaria,2011,21,17.0,0.0,19.1943294,72.9701779,0.08811730195,313.812,9.0,2011-05-28
Maharashtra,Thane,Malaria,2011,46,124.0,0.0,19.1943294,72.9701779,2.74e-05,305.0333334,,2011-11-16
Maharashtra,Thane,Malaria,2012,27,87.0,0.0,19.1943294,72.9701779,0.5089628613,303.14,,2012-07-03
Maharashtra,Thane,Malaria,2012,37,10.0,1.0,19.1943294,72.9701779,0.9996545403,298.085,,2012-09-13
Maharashtra,Thane,Malaria,2012,41,9.0,1.0,19.1943294,72.9701779,0.1001718731,302.688,,2012-10-14
Maharashtra,Thane,Malaria,2013,26,11.0,0.0,19.1943294,72.9701779,0.8130746753,,,2013-06-26
Maharashtra,Thane,Malaria,2013,29,37.0,0.0,19.1943294,72.9701779,2.168992828,,1.0,2013-07-17
Maharashtra,Thane,Malaria,2017,6,26.0,1.0,19.1943294,72.9701779,3.37e-05,306.53000000000003,7.0,2017-02-11
Maharashtra,Thane,Malaria,2017,23,15.0,1.0,19.1943294,72.9701779,0.3603882529,309.66400000000004,6.0,2017-06-06
Maharashtra,Thane,Malaria,2017,37,1.0,1.0,19.1943294,72.9701779,0.7747909967,300.605,,2017-09-14
Maharashtra,Thane,Malaria,2019,34,7.0,1.0,19.1943294,72.9701779,0.4011060221,299.1333334,,2019-08-21
Maharashtra,Thane,Malaria,2021,1,2.0,1.0,19.1943294,72.9701779,0.02576509704,302.99,12.0,2021-01-06
Maharashtra,Thane,Malaria,2021,17,2.0,1.0,19.1943294,72.9701779,0.1122390997,314.216,10.0,2021-05-02
Maharashtra,Wardha,AES,2011,24,12.0,1.0,20.82562315,78.6131455,0.2075795426,314.5733334,,2011-06-18
Maharashtra,Wardha,AES,2011,25,3.0,1.0,20.82562315,78.6131455,0.208939177,311.32,2.0,2011-06-23
Maharashtra,Wardha,AES,2019,33,9.0,1.0,20.82562315,78.6131455,1.531770939,297.32,11.0,2019-08-16
Maharashtra,Wardha,Acute Diarrhoeal Disease,2012,28,43.0,0.0,20.82562315,78.6131455,0.598380489,,,2012-07-11
Maharashtra,Wardha,Acute Diarrhoeal Disease,2015,30,23.0,0.0,20.82562315,78.6131455,0.2843465313,302.88,3.0,2015-07-23
Maharashtra,Wardha,Acute Diarrhoeal Disease,2016,28,26.0,0.0,20.82562315,78.6131455,0.6539408416,302.0,6.0,2016-07-16
Maharashtra,Wardha,Acute Diarrhoeal Disease,2017,20,232.0,0.0,20.82562315,78.6131455,0.02417278885,319.128,,2017-05-16
Maharashtra,Wardha,Acute Diarrhoeal Disease,2017,36,15.0,0.0,20.82562315,78.6131455,0.09731620426,303.672,,2017-09-06
Maharashtra,Wardha,Chikungunya,2011,30,10.0,1.0,20.82562315,78.6131455,0.9022943216,,6.0,2011-07-25
Maharashtra,Wardha,Cholera,2016,18,24.0,0.0,20.82562315,78.6131455,0.03192275383,323.37,4.0,2016-05-02
Maharashtra,Wardha,Dengue,2013,36,12.0,1.0,20.82562315,78.6131455,0.2041113518,303.25,20.0,2013-09-02
Maharashtra,Wardha,Dengue,2014,35,18.0,2.0,20.82562315,78.6131455,0.6756161029,302.42,,2014-08-28
Maharashtra,Wardha,Dengue,2014,36,51.0,2.0,20.82562315,78.6131455,1.376183066,301.68,10.0,2014-09-03
Maharashtra,Wardha,Dengue,2018,33,62.0,2.0,20.82562315,78.6131455,0.8882798395,,,2018-08-13
Maharashtra,Wardha,Dengue,2020,32,6.0,0.0,20.82562315,78.6131455,0.5529784197,302.74,4.0,2020-08-07
Maharashtra,Wardha,Dengue,2020,43,4.0,0.0,20.82562315,78.6131455,0.1725683766,302.92,,2020-10-22
Maharashtra,Wardha,Dengue,2021,23,4.0,0.0,20.82562315,78.6131455,0.08542046896,312.90000000000003,5.0,2021-06-07
Maharashtra,Wardha,Dengue & Chikungunya,2019,38,12.0,1.0,20.82562315,78.6131455,0.685034212,300.1,,2019-09-21
Maharashtra,Wardha,Malaria,2013,27,70.0,0.0,20.82562315,78.6131455,0.9050800694,,,2013-07-04
Maharashtra,Wardha,Malaria,2015,38,23.0,0.0,20.82562315,78.6131455,0.1814095377,305.468,19.0,2015-09-15
Maharashtra,Washim,Acute Diarrhoeal Disease,2015,24,45.0,0.0,20.28741775,77.2369655,0.2717178567,317.265,2.0,2015-06-12
Maharashtra,Washim,Acute Diarrhoeal Disease,2016,25,23.0,1.0,20.28741775,77.2369655,0.7971376451,311.8,1.0,2016-06-23
Maharashtra,Washim,Acute Diarrhoeal Disease,2017,26,21.0,0.0,20.28741775,77.2369655,0.2041267103,309.128,,2017-06-26
Maharashtra,Washim,Chikungunya,2011,46,7.0,0.0,20.28741775,77.2369655,4.57e-05,309.4033334,7.0,2011-11-18
Maharashtra,Washim,Chikungunya,2016,36,23.0,1.0,20.28741775,77.2369655,0.05554069873,298.0,19.0,2016-09-09
Maharashtra,Washim,Cholera,2016,14,31.0,0.0,20.28741775,77.2369655,0.007656557727,323.11,,2016-04-05
Maharashtra,Washim,Dengue,2014,37,28.0,1.0,20.28741775,77.2369655,0.705854471,296.78000000000003,,2014-09-14
Maharashtra,Washim,Dengue,2020,17,6.0,0.0,20.28741775,77.2369655,0.0002937726392,321.2,,2020-04-22
Maharashtra,Yavatmal,Acute Diarrhoeal Disease,2011,29,3.0,1.0,20.32570375,78.11691397,0.6227914222,,,2011-07-20
Maharashtra,Yavatmal,Acute Diarrhoeal Disease,2012,18,19.0,0.0,20.32570375,78.11691397,0.0003987565128,324.428,3.0,2012-05-01
Maharashtra,Yavatmal,Acute Diarrhoeal Disease,2013,24,13.0,0.0,20.32570375,78.11691397,2.349035298,313.22,4.0,2013-06-15
Maharashtra,Yavatmal,Acute Diarrhoeal Disease,2013,27,26.0,0.0,20.32570375,78.11691397,2.074151107,,3.0,2013-07-01
Maharashtra,Yavatmal,Acute Diarrhoeal Disease,2014,22,13.0,0.0,20.32570375,78.11691397,0.002039530443,320.14,3.0,2014-05-27
Maharashtra,Yavatmal,Acute Diarrhoeal Disease,2014,25,29.0,2.0,20.32570375,78.11691397,0.04908860659,317.33,,2014-06-18
Maharashtra,Yavatmal,Acute Diarrhoeal Disease,2014,28,13.0,0.0,20.32570375,78.11691397,0.6203145699,,4.0,2014-07-13
Maharashtra,Yavatmal,Acute Diarrhoeal Disease,2014,30,36.0,0.0,20.32570375,78.11691397,2.058495317,302.94,4.0,2014-07-26
Maharashtra,Yavatmal,Acute Diarrhoeal Disease,2015,24,10.0,0.0,20.32570375,78.11691397,0.1740159098,317.035,3.0,2015-06-12
Maharashtra,Yavatmal,Acute Diarrhoeal Disease,2015,25,73.0,0.0,20.32570375,78.11691397,0.6948067884,313.97333330000004,3.0,2015-06-15
Maharashtra,Yavatmal,Acute Diarrhoeal Disease,2015,26,11.0,0.0,20.32570375,78.11691397,3.608755405,,3.0,2015-06-24
Maharashtra,Yavatmal,Acute Diarrhoeal Disease,2016,16,12.0,0.0,20.32570375,78.11691397,0.004241751111,324.6866666,,2016-04-21
Maharashtra,Yavatmal,Acute Diarrhoeal Disease,2016,23,10.0,0.0,20.32570375,78.11691397,0.003747749167,319.7366666,2.0,2016-06-06
Maharashtra,Yavatmal,Acute Diarrhoeal Disease,2016,28,28.0,0.0,20.32570375,78.11691397,3.976915721,,4.0,2016-07-12
Maharashtra,Yavatmal,Acute Diarrhoeal Disease,2016,30,5.0,1.0,20.32570375,78.11691397,0.8219405716,302.12,5.0,2016-07-29
Maharashtra,Yavatmal,Acute Diarrhoeal Disease,2016,34,10.0,1.0,20.32570375,78.11691397,0.08585386023,304.59000000000003,13.0,2016-08-24
Maharashtra,Yavatmal,Acute Diarrhoeal Disease,2016,37,21.0,1.0,20.32570375,78.11691397,0.1109686772,300.55,,2016-09-13
Maharashtra,Yavatmal,Acute Diarrhoeal Disease,2018,17,6.0,0.0,20.32570375,78.11691397,5.27e-05,325.288,3.0,2018-04-28
Maharashtra,Yavatmal,Acute Diarrhoeal Disease,2018,28,15.0,0.0,20.32570375,78.11691397,3.103452802,,,2018-07-11
Maharashtra,Yavatmal,Acute Diarrhoeal Disease,2018,43,45.0,0.0,20.32570375,78.11691397,0.001045400082,306.7233334,12.0,2018-10-28
Maharashtra,Yavatmal,Cholera,2012,18,62.0,0.0,20.32570375,78.11691397,0.0003987565128,324.428,3.0,2012-05-01
Maharashtra,Yavatmal,Cholera,2018,14,4.0,0.0,20.32570375,78.11691397,0.0002515371926,319.89,3.0,2018-04-05
Maharashtra,Yavatmal,Cholera,2018,26,3.0,0.0,20.32570375,78.11691397,0.6042561904,312.17,,2018-06-26
Manipur,Chandel,Acute Diarrhoeal Disease,2018,17,7.0,0.0,24.3197442,94.02109882,0.08509222067,303.66400000000004,39.0,2018-04-27
Manipur,Churachandpur,Acute Diarrhoeal Disease,2016,17,231.0,1.0,24.378704,93.6970015,0.1920066869,298.756,43.0,2016-04-25
Manipur,Churachandpur,Dengue,2011,42,71.0,0.0,24.378704,93.6970015,0.9884828065,297.56,43.0,2011-10-22
Manipur,Churachandpur,Dengue,2012,43,25.0,0.0,24.378704,93.6970015,0.09265054011,297.8166666,56.0,2012-10-24
Manipur,Churachandpur,Dengue,2013,43,11.0,0.0,24.378704,93.6970015,0.38012456,297.7666666,,2013-10-24
Manipur,Churachandpur,Dengue,2015,34,16.0,0.0,24.378704,93.6970015,1.692400482,,17.0,2015-08-22
Manipur,Churachandpur,Dengue,2017,18,54.0,1.0,24.378704,93.6970015,0.1300617482,301.3833334,53.0,2017-05-04
Manipur,East Imphal West Imphal,Dengue,2016,37,31.0,0.0,24.8126477,93.9283673,0.4352542168,299.49333340000004,33.0,2016-09-16
Manipur,Imphal East,Dengue,2019,31,29.0,0.0,24.85154025,94.00947958,0.7593519637,299.1,18.0,2019-07-29
Manipur,Imphal East,Dengue,2019,40,14.0,0.0,24.85154025,94.00947958,0.4664728123,297.99,25.0,2019-10-01
Manipur,Imphal West,Dengue,2016,37,22.0,0.0,24.757326,93.85847858,0.4352542168,299.49333340000004,33.0,2016-09-16
Manipur,Imphal West,Dengue,2017,22,164.0,0.0,24.757326,93.85847858,1.408557683,,28.0,2017-06-04
Manipur,Manipur,Dengue,2016,37,42.0,1.0,24.8314984,93.91257672,0.4352542168,299.49333340000004,33.0,2016-09-16
Manipur,Tamenglong,Acute Diarrhoeal Disease,2011,5,5.0,2.0,24.9354013,93.56791112,0.009329089214,293.1333334,47.0,2011-02-06
Manipur,Tamenglong,Acute Diarrhoeal Disease,2014,14,30.0,0.0,24.9354013,93.56791112,0.08106016169,300.55,52.0,2014-04-01
Manipur,Tengnoupal,Acute Diarrhoeal Disease,2017,19,20.0,0.0,24.31392145,94.23756082,0.1885181073,300.9633334,48.0,2017-05-11
Manipur,Thoubal,Acute Diarrhoeal Disease,2016,4,191.0,0.0,24.624587,94.04247928,0.04590150964,291.8766666,23.0,2016-01-28
Meghalaya,East Garo Hills,Acute Diarrhoeal Disease,2021,14,24.0,0.0,25.61849455,90.63421622,0.2053087171,301.36333340000004,27.0,2021-04-09
Meghalaya,East Garo Hills,Dengue,2021,37,3.0,0.0,25.61849455,90.63421622,0.5394564589,300.8,27.0,2021-09-16
Meghalaya,East Jaintia Hills,Acute Diarrhoeal Disease,2021,52,160.0,0.0,25.25157605,92.48405007,0.02035381907,291.5333334,34.5,2022-01-02
Meghalaya,East Khasi Hills,Acute Diarrhoeal Disease,2012,3,71.0,0.0,25.40237355,91.83254097,0.01879485269,289.09000000000003,23.0,2012-01-18
Meghalaya,East Khasi Hills,Acute Diarrhoeal Disease,2019,6,54.0,0.0,25.40237355,91.83254097,0.115696099,293.4166666,27.0,2019-02-04
Meghalaya,East Khasi Hills,Acute Diarrhoeal Disease,2021,4,5.0,2.0,25.40237355,91.83254097,0.01593984196,291.3166666,25.0,2021-01-27
Meghalaya,East Khasi Hills,Acute Diarrhoeal Disease,2021,14,8.0,0.0,25.40237355,91.83254097,0.8692736935,299.368,23.0,2021-04-05
Meghalaya,Jaintia Hills,Acute Diarrhoeal Disease,2016,20,30.0,0.0,25.5,92.25,3.108918523,297.27,32.0,2016-05-21
Meghalaya,Jaintia Hills,Acute Diarrhoeal Disease,2019,4,28.0,0.0,25.5,92.25,0.002923977928,293.0366666,,2019-01-24
Meghalaya,Jaintia Hills,Malaria,2015,46,61.0,0.0,25.5,92.25,0.01543172972,295.0333334,33.0,2015-11-13
Meghalaya,Ri Bhoi,Acute Diarrhoeal Disease,2021,12,32.0,0.0,25.87640255,91.85675742,0.006461681559,300.0933334,,2021-03-22
Meghalaya,Ri Bhoi,Acute Diarrhoeal Disease,2021,37,30.0,0.0,25.87640255,91.85675742,0.8587813368,301.712,19.0,2021-09-18
Meghalaya,Ri Bhoi,Malaria,2013,29,16.0,7.0,25.87640255,91.85675742,1.268103184,296.85,15.0,2013-07-16
Meghalaya,Ri-Bhoi (Nongpoh),Acute Diarrhoeal Disease,2019,38,17.0,0.0,25.9181941,91.87606603,2.114954504,296.5866666,24.0,2019-09-17
Meghalaya,South Garo Hills,Acute Diarrhoeal Disease,2021,1,15.0,0.0,25.347969,90.56577726,3.76e-05,293.2133334,37.0,2021-01-07
Meghalaya,West Garo Hills,Acute Diarrhoeal Disease,2019,6,14.0,0.0,25.60631425,90.21139055,3.7e-05,295.11,22.0,2019-02-06
Meghalaya,West Garo Hills,Chikungunya,2017,25,33.0,0.0,25.60631425,90.21139055,1.142944984,297.87,25.0,2017-06-22
Meghalaya,West Garo Hills,Dengue,2016,32,63.0,0.0,25.60631425,90.21139055,0.3106127771,,,2016-08-11
Meghalaya,West Garo Hills,Dengue,2017,23,126.0,0.0,25.60631425,90.21139055,1.115118557,299.75,34.0,2017-06-07
Meghalaya,West Jaintia Hills,Acute Diarrhoeal Disease,2015,36,30.0,0.0,25.4425965,92.29882747,2.983695118,,11.0,2015-09-01
Meghalaya,West Jaintia Hills,Acute Diarrhoeal Disease,2022,17,60.0,0.0,25.4425965,92.29882747,0.7205701934,300.456,,2022-05-01
Meghalaya,West Jaintia Hills,Acute Diarrhoeal Disease,2022,19,110.0,0.0,25.4425965,92.29882747,1.120595492,302.0133334,17.0,2022-05-12
Meghalaya,West Jaintia Hills,Malaria,2015,46,61.0,0.0,25.4425965,92.29882747,0.01543172972,295.0333334,33.0,2015-11-13
Meghalaya,West Khasi Hills,Acute Diarrhoeal Disease,2014,20,173.0,3.0,25.58173695,91.28910306,0.6896461579,301.7866666,30.0,2014-05-15
Meghalaya,West Khasi Hills,Acute Diarrhoeal Disease,2015,5,375.0,4.0,25.58173695,91.28910306,0.002943377288,292.5733334,22.0,2015-01-29
Meghalaya,West Khasi Hills,Acute Diarrhoeal Disease,2019,3,108.0,0.0,25.58173695,91.28910306,0.03078998037,291.52,22.0,2019-01-14
Meghalaya,West Khasi Hills,Acute Diarrhoeal Disease,2019,44,7.0,0.0,25.58173695,91.28910306,2.507953033,296.1266666,39.0,2019-10-30
Meghalaya,West Khasi Hills,Acute Diarrhoeal Disease,2020,27,4.0,4.0,25.58173695,91.28910306,3.680139376,,6.0,2020-07-01
Meghalaya,West Khasi Hills,Acute Diarrhoeal Disease,2021,10,37.0,0.0,25.58173695,91.28910306,0.2810213627,297.5,23.0,2021-03-12
Mizoram,Aizawl,Dengue,2016,43,141.0,0.0,23.7435236,92.7382905,0.3371988208,298.356,57.0,2016-10-29
Mizoram,Aizawl East,Dengue,2019,44,53.0,0.0,23.7435236,92.7382905,0.367086469,297.065,56.0,2019-10-30
Mizoram,Aizawl West,Dengue,2016,35,48.0,0.0,23.7435236,92.7382905,0.5735230464,300.74,27.0,2016-08-30
Mizoram,Aizawl West,Dengue,2016,45,4.0,0.0,23.7435236,92.7382905,1.124092581,299.9066666,,2016-11-07
Mizoram,Aizawl West,Dengue,2021,48,16.0,0.0,23.7435236,92.7382905,5.67e-05,295.74333340000004,,2021-12-02
Mizoram,Champhai,Acute Diarrhoeal Disease,2015,22,188.0,0.0,23.6317319,93.34931854,0.172044429,297.43,37.0,2015-05-30
Mizoram,Kolasib,Dengue,2016,50,38.0,0.0,24.18947525,92.71331813,0.0004100126057,294.65000000000003,62.0,2016-12-16
Mizoram,Lunglei,Acute Diarrhoeal Disease,2012,23,41.0,0.0,22.898553,92.75192292,3.52530378,305.3,42.0,2012-06-04
Mizoram,Lunglei,Acute Diarrhoeal Disease,2013,32,35.0,0.0,22.898553,92.75192292,0.8829656673,297.35,27.0,2013-08-09
Mizoram,Serchhip,Acute Diarrhoeal Disease,2017,44,9.0,0.0,23.3858923,92.93059891,0.3161525474,296.76,60.0,2017-10-30
Mizoram,Serchhip,Acute Diarrhoeal Disease,2020,52,36.0,0.0,23.3858923,92.93059891,7.04e-05,292.9566666,,2020-12-26
Nagaland,Dimapur,Dengue,2015,42,16.0,1.0,25.911744,93.721703,0.438913429,300.19,44.0,2015-10-14
Nagaland,Dimapur,Dengue,2016,45,134.0,0.0,25.911744,93.721703,0.4497040252,297.12,39.0,2016-11-09
Nagaland,Dimapur,Dengue,2017,41,2.0,0.0,25.911744,93.721703,0.4452654229,300.37333340000004,36.0,2017-10-09
Nagaland,Dimapur,Dengue,2018,28,8.0,0.0,25.911744,93.721703,0.9255626119,300.3866666,27.0,2018-07-10
Nagaland,Kiphire,Malaria,2017,26,5.0,0.0,25.81551155,94.841664,1.031485147,293.37,,2017-06-26
Nagaland,Kohima,Acute Diarrhoeal Disease,2016,9,31.0,0.0,25.75,94.166667,0.3770277451,295.468,26.0,2016-03-06
Nagaland,Kohima,Dengue,2019,34,2.0,0.0,25.75,94.166667,0.2519968305,297.90500000000003,51.0,2019-08-23
Nagaland,Mokokchung,Dengue,2018,41,1.0,0.0,26.4795861,94.51052755,0.2389401517,299.56,29.0,2018-10-12
Nagaland,Mokokchung,Malaria,2009,19,124.0,9.0,26.4795861,94.51052755,0.3726237523,302.12,19.0,2009-05-04
Nagaland,Mon,Malaria,2017,43,3.0,0.0,26.75,94.833333,0.9730556859,299.54,26.0,2017-10-25
Nagaland,Mon,Malaria,2020,44,3.0,0.0,26.75,94.833333,1.403977151,299.37333340000004,34.0,2020-10-28
Odisha,Angul,Acute Diarrhoeal Disease,2012,12,15.0,0.0,20.8382426,85.0973949,0.00103302346,308.244,10.0,2012-03-19
Odisha,Angul,Acute Diarrhoeal Disease,2012,29,56.0,0.0,20.8382426,85.0973949,0.7375446873,302.16,,2012-07-19
Odisha,Angul,Acute Diarrhoeal Disease,2015,21,11.0,0.0,20.8382426,85.0973949,0.2688535281,307.5833334,13.0,2015-05-20
Odisha,Angul,Acute Diarrhoeal Disease,2015,25,28.0,0.0,20.8382426,85.0973949,0.7398750288,,,2015-06-17
Odisha,Angul,Acute Diarrhoeal Disease,2016,5,11.0,0.0,20.8382426,85.0973949,0.002582229118,302.65000000000003,9.0,2016-02-03
Odisha,Angul,Acute Diarrhoeal Disease,2016,9,59.0,0.0,20.8382426,85.0973949,0.38067729893333335,301.60222219999997,8.0,2016-03-01
Odisha,Angul,Acute Diarrhoeal Disease,2016,13,14.0,0.0,20.8382426,85.0973949,0.03501824232,308.1033334,12.0,2016-03-31
Odisha,Angul,Acute Diarrhoeal Disease,2016,20,17.0,0.0,20.8382426,85.0973949,0.07235080712,311.476,,2016-05-16
Odisha,Angul,Acute Diarrhoeal Disease,2016,22,38.0,0.0,20.8382426,85.0973949,0.04249014706,307.2333334,14.0,2016-06-02
Odisha,Angul,Acute Diarrhoeal Disease,2016,23,16.0,2.0,20.8382426,85.0973949,0.5049474974,307.65500000000003,14.0,2016-06-12
Odisha,Angul,Acute Diarrhoeal Disease,2016,28,173.0,0.0,20.8382426,85.0973949,0.8012413571,284.48,8.0,2016-07-16
Odisha,Angul,Acute Diarrhoeal Disease,2016,30,27.0,0.0,20.8382426,85.0973949,1.037714299,293.1,22.0,2016-07-29
Odisha,Angul,Acute Diarrhoeal Disease,2016,46,13.0,0.0,20.8382426,85.0973949,0.0002377950375,301.024,,2016-11-15
Odisha,Angul,Acute Diarrhoeal Disease,2017,8,10.0,1.0,20.8382426,85.0973949,0.0002844856049,304.76,8.0,2017-02-20
Odisha,Angul,Acute Diarrhoeal Disease,2019,6,14.0,0.0,20.8382426,85.0973949,5.94e-05,299.64,11.0,2019-02-06
Odisha,Angul,Acute Diarrhoeal Disease,2019,24,8.0,1.0,20.8382426,85.0973949,0.4053507014,304.2466666,17.0,2019-06-11
Odisha,Angul,Acute Diarrhoeal Disease,2019,27,14.0,0.0,20.8382426,85.0973949,2.743778799,287.04,5.0,2019-07-06
Odisha,Angul,Acute Diarrhoeal Disease,2019,45,32.0,0.0,20.8382426,85.0973949,0.03743439854,300.768,23.0,2019-11-04
Odisha,Balangir,Acute Diarrhoeal Disease,2009,43,28.0,0.0,20.7502257,83.2499464,5.63e-05,304.404,,2009-10-24
Odisha,Balangir,Acute Diarrhoeal Disease,2009,46,73.0,0.0,20.7502257,83.2499464,0.1582881458,304.78000000000003,12.0,2009-11-12
Odisha,Balangir,Acute Diarrhoeal Disease,2011,30,25.0,0.0,20.7502257,83.2499464,0.7702000131,302.06,10.0,2011-07-25
Odisha,Balangir,Acute Diarrhoeal Disease,2013,25,20.0,0.0,20.74978325,83.44097217,0.4191645776,308.1,9.0,2013-06-19
Odisha,Balangir,Acute Diarrhoeal Disease,2016,35,21.0,0.0,20.7502257,83.2499464,0.3543965979,302.58,19.0,2016-08-29
Odisha,Balangir,Acute Diarrhoeal Disease,2017,7,24.0,0.0,20.7502257,83.2499464,3.96e-05,305.3533334,7.0,2017-02-13
Odisha,Balangir,Acute Diarrhoeal Disease,2017,20,19.0,0.0,20.7502257,83.2499464,0.03849393439,318.55333340000004,6.0,2017-05-21
Odisha,Balangir,Acute Diarrhoeal Disease,2017,21,5.0,1.0,20.7502257,83.2499464,0.03146495095,318.1966666,7.0,2017-05-27
Odisha,Balangir,Acute Diarrhoeal Disease,2018,35,17.0,0.0,20.7502257,83.2499464,0.9762908778,,9.0,2018-08-30
Odisha,Balangir,Acute Diarrhoeal Disease,2019,18,17.0,0.0,20.74978325,83.44097217,0.02154909188,314.056,8.0,2019-05-03
Odisha,Balangir,Acute Diarrhoeal Disease,2019,29,30.0,0.0,20.7502257,83.2499464,0.3999535134,303.92,14.0,2019-07-16
Odisha,Balangir,Acute Diarrhoeal Disease,2019,35,84.0,0.0,20.7502257,83.2499464,0.6819343329,300.96,,2019-08-28
Odisha,Balangir,Acute Diarrhoeal Disease,2019,36,63.0,0.0,20.74978325,83.44097217,2.948205936,,9.0,2019-09-07
Odisha,Balangir,Acute Diarrhoeal Disease,2019,38,13.0,0.0,20.74978325,83.44097217,0.23119644,300.585,19.0,2019-09-19
Odisha,Balangir,Acute Diarrhoeal Disease,2020,20,52.0,0.0,20.7502257,83.2499464,0.0104204501,310.056,11.0,2020-05-14
Odisha,Balangir,Chikungunya,2021,4,5.0,0.0,20.7502257,83.2499464,0.008809665092,302.44,9.0,2021-01-30
Odisha,Balangir,Cholera,2014,41,40.0,1.0,20.74978325,83.44097217,0.04293001103,303.716,23.0,2014-10-06
Odisha,Balangir,Malaria,2009,37,368.0,2.0,20.7502257,83.2499464,0.7041006958,301.52,18.0,2009-09-08
Odisha,Balasore,Acute Diarrhoeal Disease,2009,34,93.0,1.0,21.5002888,86.9202627,0.468034049,303.1,6.0,2009-08-22
Odisha,Balasore,Acute Diarrhoeal Disease,2009,38,30.0,3.0,21.5002888,86.9202627,0.1240680764,302.0833334,14.0,2009-09-16
Odisha,Balasore,Acute Diarrhoeal Disease,2011,43,85.0,0.0,21.5002888,86.9202627,0.01159805258,301.816,16.0,2011-10-29
Odisha,Balasore,Acute Diarrhoeal Disease,2012,28,28.0,0.0,21.5002888,86.9202627,0.9218556531,303.76,10.0,2012-07-14
Odisha,Balasore,Acute Diarrhoeal Disease,2014,26,17.0,0.0,21.5002888,86.9202627,1.765970552,308.82,4.0,2014-06-23
Odisha,Balasore,Acute Diarrhoeal Disease,2015,48,10.0,0.0,21.5002888,86.9202627,0.0002377126798,302.76,,2015-11-24
Odisha,Balasore,Acute Diarrhoeal Disease,2019,33,43.0,0.0,21.500288800000003,86.92026270000001,0.9554268302666667,303.72222220000003,7.0,2019-08-14
Odisha,Balasore,Acute Diarrhoeal Disease,2019,34,10.0,0.0,21.5002888,86.9202627,5.204331522,300.71,,2019-08-20
Odisha,Balasore,Acute Diarrhoeal Disease,2019,47,14.0,0.0,21.5002888,86.9202627,5.82e-05,300.1566666,15.0,2019-11-20
Odisha,Balasore,Acute Diarrhoeal Disease,2020,37,6.0,0.0,21.5002888,86.9202627,0.5315676013,301.42400000000004,18.0,2020-09-10
Odisha,Balasore,Cholera,2016,27,54.0,4.0,21.5002888,86.9202627,0.8715405717,298.2,5.0,2016-07-06
Odisha,Balasore,Cholera,2016,30,12.0,0.0,21.5002888,86.9202627,1.021858573,,,2016-07-27
Odisha,Baleswar,Dengue,2012,38,310.0,0.0,21.4717211,86.8909571,1.001891997,299.3,13.0,2012-09-18
Odisha,Bargarh,Acute Diarrhoeal Disease,2009,30,76.0,4.0,21.3477634,83.65768299,5.293818651,300.98,9.0,2009-07-24
Odisha,Bargarh,Acute Diarrhoeal Disease,2009,36,119.0,2.0,21.3477634,83.65768299,0.5239400168,301.62,14.0,2009-09-01
Odisha,Bargarh,Acute Diarrhoeal Disease,2009,39,51.0,2.0,21.3477634,83.65768299,0.1957688529,301.31,17.0,2009-09-25
Odisha,Bargarh,Acute Diarrhoeal Disease,2009,45,201.0,0.0,21.3477634,83.65768299,0.01422385981,301.6033334,18.0,2009-11-06
Odisha,Bargarh,Acute Diarrhoeal Disease,2013,39,28.0,0.0,21.3477634,83.65768299,0.3964207375,301.0416667,16.0,2013-09-24
Odisha,Bargarh,Acute Diarrhoeal Disease,2015,36,6.0,1.0,21.3477634,83.65768299,0.55682163,300.08,18.0,2015-09-04
Odisha,Bargarh,Acute Diarrhoeal Disease,2015,37,19.0,0.0,21.3477634,83.65768299,0.2452482898,303.75333340000003,,2015-09-13
Odisha,Bargarh,Acute Diarrhoeal Disease,2015,49,17.0,0.0,21.3477634,83.65768299,8.51e-05,302.176,16.0,2015-11-30
Odisha,Bargarh,Acute Diarrhoeal Disease,2016,38,58.0,0.0,21.3477634,83.65768299,0.2343972205,298.812,16.0,2016-09-23
Odisha,Bargarh,Acute Diarrhoeal Disease,2021,46,28.0,0.0,21.3477634,83.65768299,0.05434392853,300.3,18.0,2021-11-21
Odisha,Berhampur,Acute Diarrhoeal Disease,2012,18,23.0,0.0,21.49308515,86.63272983,0.4743301397,305.28000000000003,15.0,2012-05-01
Odisha,Berhampur,Cholera,2012,28,23.0,1.0,21.49308515,86.63272983,1.539889227,299.81,12.0,2012-07-15
Odisha,Bhadrak,Acute Diarrhoeal Disease,2016,24,21.0,0.0,21.0633288,86.5053731,0.3410430904,,10.0,2016-06-18
Odisha,Bhadrak,Acute Diarrhoeal Disease,2016,30,19.0,0.0,21.0633288,86.5053731,1.211013786,,,2016-07-27
Odisha,Bhadrak,Acute Diarrhoeal Disease,2018,45,14.0,0.0,21.0633288,86.5053731,0.06459121194,302.91200000000003,,2018-11-09
Odisha,Bhadrak,Acute Diarrhoeal Disease,2019,39,14.0,0.0,21.0633288,86.5053731,1.414496344,300.62,,2019-09-29
Odisha,Bhubaneshwar,Acute Diarrhoeal Disease,2011,15,14.0,0.0,20.2602964,85.8394521,0.03315598691,310.132,,2011-04-15
Odisha,Bhubaneshwar,Acute Diarrhoeal Disease,2011,25,21.0,0.0,20.2602964,85.8394521,0.9499887962,304.24,10.0,2011-06-23
Odisha,Boudh,Acute Diarrhoeal Disease,2016,18,34.0,0.0,20.8415619,84.3213321,0.03289342898,317.068,10.0,2016-05-02
Odisha,Cuttack,Acute Diarrhoeal Disease,2010,23,70.0,0.0,20.4686,85.8792,0.0274700454,310.1,11.0,2010-06-11
Odisha,Cuttack,Acute Diarrhoeal Disease,2012,4,31.0,0.0,20.4686,85.8792,0.0002184407596,299.50333340000003,8.0,2012-01-23
Odisha,Cuttack,Acute Diarrhoeal Disease,2012,41,38.0,0.0,20.4686,85.8792,0.4640559029,296.12,14.0,2012-10-11
Odisha,Cuttack,Acute Diarrhoeal Disease,2013,14,143.0,0.0,20.4686,85.8792,0.01913998704,310.73,,2013-04-06
Odisha,Cuttack,Acute Diarrhoeal Disease,2015,33,27.0,0.0,20.4686,85.8792,0.4942899032,302.255,,2015-08-13
Odisha,Cuttack,Acute Diarrhoeal Disease,2015,46,23.0,0.0,20.4686,85.8792,6.72e-05,301.392,15.0,2015-11-14
Odisha,Cuttack,Acute Diarrhoeal Disease,2015,50,24.0,0.0,20.4686,85.8792,0.008405618419,301.4866666,7.0,2015-12-12
Odisha,Cuttack,Acute Diarrhoeal Disease,2016,17,19.0,0.0,20.4686,85.8792,0.0009369086401,314.24,6.0,2016-04-28
Odisha,Cuttack,Acute Diarrhoeal Disease,2016,34,13.0,0.0,20.4686,85.8792,0.9944064646,302.7866666,,2016-08-27
Odisha,Cuttack,Cholera,2013,43,23.0,1.0,20.4686,85.8792,2.044271711,299.66,17.0,2013-10-27
Odisha,Cuttack,Cholera,2014,35,14.0,0.0,20.4686,85.8792,0.683741421,303.56,,2014-08-29
Odisha,Deogarh,Acute Diarrhoeal Disease,2014,30,17.0,0.0,21.5370786,84.7301184,1.787307927,,3.0,2014-07-22
Odisha,Dhenkanal,Acute Diarrhoeal Disease,2011,7,24.0,0.0,20.75,85.5,0.0002887690815,304.6066666,9.0,2011-02-15
Odisha,Dhenkanal,Acute Diarrhoeal Disease,2011,13,10.0,0.0,20.75,85.5,0.008788776216,309.5,10.0,2011-04-01
Odisha,Dhenkanal,Acute Diarrhoeal Disease,2011,45,35.0,2.0,20.75,85.5,5.82e-05,303.22400000000005,16.0,2011-11-12
Odisha,Dhenkanal,Acute Diarrhoeal Disease,2012,10,13.0,1.0,20.75,85.5,0.002864224012,307.11333340000004,10.0,2012-03-07
Odisha,Dhenkanal,Acute Diarrhoeal Disease,2012,17,5.0,1.0,20.75,85.5,0.04012482251,310.8766666,9.0,2012-04-23
Odisha,Dhenkanal,Acute Diarrhoeal Disease,2012,21,10.0,0.0,20.75,85.5,0.01931445449,308.492,,2012-05-24
Odisha,Dhenkanal,Acute Diarrhoeal Disease,2013,15,27.0,0.0,20.75,85.5,0.005547986148,313.74333340000004,8.0,2013-04-12
Odisha,Dhenkanal,Acute Diarrhoeal Disease,2013,26,28.0,0.0,20.75,85.5,1.067872922,296.4133334,6.0,2013-06-30
Odisha,Dhenkanal,Acute Diarrhoeal Disease,2013,40,15.0,0.0,20.75,85.5,1.113986432,301.0866666,22.0,2013-10-06
Odisha,Dhenkanal,Acute Diarrhoeal Disease,2013,41,18.0,0.0,20.75,85.5,0.438534058,301.844,,2013-10-08
Odisha,Dhenkanal,Acute Diarrhoeal Disease,2013,42,10.0,0.0,20.75,85.5,1.410740945,299.1266666,22.0,2013-10-18
Odisha,Dhenkanal,Acute Diarrhoeal Disease,2013,43,23.0,0.0,20.75,85.5,0.8389040294,300.48,,2013-10-23
Odisha,Dhenkanal,Acute Diarrhoeal Disease,2016,24,20.0,0.0,20.75,85.5,0.4454927403,,12.0,2016-06-19
Odisha,Dhenkanal,Acute Diarrhoeal Disease,2016,34,51.0,0.0,20.75,85.5,0.6400320895,302.90500000000003,,2016-08-28
Odisha,Dhenkanal,Acute Diarrhoeal Disease,2022,21,37.0,0.0,20.75,85.5,0.006900563323,305.02,16.0,2022-05-23
Odisha,Dhenkanal,Cholera,2019,33,15.0,0.0,20.75,85.5,1.545526329,300.48,15.0,2019-08-18
Odisha,Gajapati,Dengue,2010,29,85.0,0.0,19.19557415,84.19297736,0.6064941497,298.5466666,17.0,2010-07-21
Odisha,Ganjam,Acute Diarrhoeal Disease,2010,25,28.0,0.0,19.4129711,85.04710406,,305.57,9.0,2010-06-23
Odisha,Ganjam,Acute Diarrhoeal Disease,2010,28,11.0,0.0,19.4129711,85.04710406,,300.93333340000004,,2010-07-12
Odisha,Ganjam,Acute Diarrhoeal Disease,2011,5,6.0,0.0,19.4129711,85.04710406,,301.248,,2011-01-31
Odisha,Ganjam,Acute Diarrhoeal Disease,2011,6,32.0,0.0,19.4129711,85.04710406,,302.952,8.0,2011-02-13
Odisha,Ganjam,Acute Diarrhoeal Disease,2011,7,33.0,0.0,19.4129711,85.04710406,,302.72966670000005,9.0,2011-02-17
Odisha,Ganjam,Acute Diarrhoeal Disease,2011,10,13.0,0.0,19.4129711,85.04710406,,305.24,12.0,2011-03-08
Odisha,Ganjam,Acute Diarrhoeal Disease,2011,13,18.0,0.0,19.4129711,85.04710406,,304.964,,2011-03-30
Odisha,Ganjam,Acute Diarrhoeal Disease,2011,30,12.0,0.0,19.4129711,85.04710406,,304.05,9.0,2011-07-25
Odisha,Ganjam,Acute Diarrhoeal Disease,2011,40,18.0,1.0,19.4129711,85.04710406,,301.95,19.0,2011-10-04
Odisha,Ganjam,Acute Diarrhoeal Disease,2012,52,45.0,0.0,19.4129711,85.04710406,,298.0666666,,2012-12-25
Odisha,Ganjam,Acute Diarrhoeal Disease,2013,2,12.0,0.0,19.4129711,85.04710406,,298.04400000000004,,2013-01-09
Odisha,Ganjam,Acute Diarrhoeal Disease,2013,12,12.0,0.0,19.4129711,85.04710406,,305.0233334,14.0,2013-03-24
Odisha,Ganjam,Acute Diarrhoeal Disease,2013,32,67.0,0.0,19.4129711,85.04710406,,303.90000000000003,6.0,2013-08-09
Odisha,Ganjam,Acute Diarrhoeal Disease,2013,46,56.0,0.0,19.4129711,85.04710406,,299.848,,2013-11-16
Odisha,Ganjam,Acute Diarrhoeal Disease,2013,52,21.0,0.0,19.4129711,85.04710406,,300.0933334,,2013-12-27
Odisha,Ganjam,Acute Diarrhoeal Disease,2014,1,24.0,0.0,19.4129711,85.04710406,,299.916,,2014-01-01
Odisha,Ganjam,Acute Diarrhoeal Disease,2014,23,22.0,0.0,19.4129711,85.04710406,,303.2133334,8.0,2014-06-07
Odisha,Ganjam,Acute Diarrhoeal Disease,2014,25,28.0,0.0,19.4129711,85.04710406,,310.55,2.0,2014-06-20
Odisha,Ganjam,Acute Diarrhoeal Disease,2014,26,15.0,0.0,19.4129711,85.04710406,,,4.0,2014-06-28
Odisha,Ganjam,Acute Diarrhoeal Disease,2014,28,15.0,0.0,19.4129711,85.04710406,,302.92,0.0,2014-07-13
Odisha,Ganjam,Acute Diarrhoeal Disease,2014,29,20.0,1.0,19.4129711,85.04710406,,,0.0,2014-07-18
Odisha,Ganjam,Acute Diarrhoeal Disease,2014,33,19.0,1.0,19.4129711,85.04710406,,303.59000000000003,10.0,2014-08-17
Odisha,Ganjam,Acute Diarrhoeal Disease,2014,34,20.0,0.0,19.4129711,85.04710406,,302.4866666,8.0,2014-08-22
Odisha,Ganjam,Acute Diarrhoeal Disease,2014,41,15.0,1.0,19.4129711,85.04710406,,300.476,10.0,2014-10-10
Odisha,Ganjam,Acute Diarrhoeal Disease,2015,5,21.0,0.0,19.4129711,85.04710406,,298.7966666,,2015-01-26
Odisha,Ganjam,Acute Diarrhoeal Disease,2015,30,23.0,0.0,19.4129711,85.04710406,,306.56,11.0,2015-07-24
Odisha,Ganjam,Acute Diarrhoeal Disease,2015,33,50.0,1.0,19.4129711,85.04710406,,305.25333340000003,,2015-08-13
Odisha,Ganjam,Acute Diarrhoeal Disease,2015,39,20.0,0.0,19.4129711,85.04710406,,301.83,,2015-09-21
Odisha,Ganjam,Acute Diarrhoeal Disease,2015,49,19.0,0.0,19.4129711,85.04710406,,300.53000000000003,,2015-12-04
Odisha,Ganjam,Acute Diarrhoeal Disease,2016,8,43.0,0.0,19.4129711,85.04710406,,,,2016-02-25
Odisha,Ganjam,Acute Diarrhoeal Disease,2016,32,27.0,0.0,19.4129711,85.04710406,,,1.0,2016-08-10
Odisha,Ganjam,Acute Diarrhoeal Disease,2016,33,36.0,0.0,19.4129711,85.04710406,,303.87,6.0,2016-08-17
Odisha,Ganjam,Acute Diarrhoeal Disease,2016,37,30.0,0.0,19.4129711,85.04710406,,,10.0,2016-09-15
Odisha,Ganjam,Acute Diarrhoeal Disease,2016,41,31.0,0.0,19.4129711,85.04710406,,301.075,22.0,2016-10-16
Odisha,Ganjam,Acute Diarrhoeal Disease,2016,49,26.0,1.0,19.4129711,85.04710406,,300.4373333,,2016-12-06
Odisha,Ganjam,Acute Diarrhoeal Disease,2019,26,19.0,0.0,19.4129711,85.04710406,,303.99333340000004,,2019-06-26
Odisha,Ganjam,Acute Diarrhoeal Disease,2019,39,113.0,0.0,19.4129711,85.04710406,,297.14,5.0,2019-09-28
Odisha,Ganjam,Acute Diarrhoeal Disease,2019,44,30.0,0.0,19.4129711,85.04710406,,296.34000000000003,10.0,2019-10-29
Odisha,Ganjam,Acute Diarrhoeal Disease,2019,47,13.0,0.0,19.4129711,85.04710406,,300.59000000000003,,2019-11-22
Odisha,Ganjam,Acute Diarrhoeal Disease,2022,9,83.0,0.0,19.4129711,85.04710406,,304.2933334,,2022-03-05
Odisha,Ganjam,Acute Diarrhoeal Disease,2022,13,69.0,0.0,19.4129711,85.04710406,,303.648,11.0,2022-04-03
Odisha,Ganjam,Acute Diarrhoeal Disease,2022,14,39.0,0.0,19.4129711,85.04710406,,302.56,12.0,2022-04-08
Odisha,Ganjam,Acute Diarrhoeal Disease,2022,15,32.0,0.0,19.4129711,85.04710406,,303.004,12.0,2022-04-11
Odisha,Ganjam,Acute Diarrhoeal Disease,2022,17,29.0,0.0,19.4129711,85.04710406,,306.316,11.0,2022-04-26
Odisha,Ganjam,Acute Diarrhoeal Disease,2022,19,22.0,0.0,19.4129711,85.04710406,,302.8666666,11.0,2022-05-10
Odisha,Ganjam,Chikungunya,2012,15,79.0,0.0,19.4129711,85.04710406,,306.5933334,,2012-04-14
Odisha,Ganjam,Chikungunya,2012,21,43.0,0.0,19.4129711,85.04710406,,305.76,,2012-05-24
Odisha,Ganjam,Chikungunya,2015,37,56.0,0.0,19.4129711,85.04710406,,302.99,7.0,2015-09-12
Odisha,Ganjam,Cholera,2014,1,83.0,0.0,19.4129711,85.04710406,,299.892,,2014-01-01
Odisha,Ganjam,Cholera,2016,43,44.0,0.0,19.4129711,85.04710406,,299.08,15.0,2016-10-26
Odisha,Ganjam,Cholera,2022,16,23.0,0.0,19.4129711,85.04710406,,304.55333340000004,11.0,2022-04-21
Odisha,Ganjam,Malaria,2010,22,102.0,0.0,19.4129711,85.04710406,,301.345,5.0,2010-06-03
Odisha,Ganjam,Malaria,2011,22,102.0,0.0,19.4129711,85.04710406,,308.0,9.0,2011-06-03
Odisha,Jagatsinghpur,Acute Diarrhoeal Disease,2013,4,14.0,0.0,20.2593872,86.1660878,0.01443052243,299.805,,2013-01-24
Odisha,Jagatsinghpur,Acute Diarrhoeal Disease,2013,50,12.0,0.0,20.2593872,86.1660878,0.1212326166,295.684,6.0,2013-12-13
Odisha,Jagatsinghpur,Acute Diarrhoeal Disease,2019,4,21.0,0.0,20.2593872,86.1660878,0.003888925039,302.14,6.0,2019-01-27
Odisha,Jajpur,Acute Diarrhoeal Disease,2013,15,48.0,0.0,20.8522696,86.3385714,0.0002892250857,315.64,5.0,2013-04-10
Odisha,Jajpur,Acute Diarrhoeal Disease,2014,3,16.0,0.0,20.8522696,86.3385714,0.001353304164,298.35,6.0,2014-01-18
Odisha,Jajpur,Acute Diarrhoeal Disease,2016,35,23.0,1.0,20.8522696,86.3385714,0.6029790242,302.675,11.0,2016-08-29
Odisha,Jajpur,Acute Diarrhoeal Disease,2016,38,15.0,0.0,20.8522696,86.3385714,0.564133014,300.596,13.0,2016-09-24
Odisha,Jajpur,Acute Diarrhoeal Disease,2016,40,10.0,0.0,20.8522696,86.3385714,0.9730709427,299.4266666,25.0,2016-10-03
Odisha,Jajpur,Acute Diarrhoeal Disease,2016,51,33.0,0.0,20.8522696,86.3385714,7.76e-05,299.35,9.0,2016-12-22
Odisha,Jajpur,Acute Diarrhoeal Disease,2017,39,21.0,0.0,20.8522696,86.3385714,0.3167818471,302.0933334,20.0,2017-09-27
Odisha,Jajpur,Acute Diarrhoeal Disease,2019,16,16.0,0.0,20.8522696,86.3385714,0.06346748876,309.444,7.0,2019-04-21
Odisha,Jajpur,Acute Diarrhoeal Disease,2021,5,35.0,0.0,20.8522696,86.3385714,7.82e-05,299.9866666,5.0,2021-02-04
Odisha,Jajpur,Chikungunya,2019,45,202.0,0.0,20.8522696,86.3385714,0.7888433418,298.7933334,18.0,2019-11-10
Odisha,Jharsuguda,Acute Diarrhoeal Disease,2014,30,20.0,0.0,21.87705125,84.00905064,1.712275361,,5.0,2014-07-25
Odisha,Jharsuguda,Acute Diarrhoeal Disease,2019,41,23.0,0.0,21.87705125,84.00905064,0.516072514,298.97,28.0,2019-10-13
Odisha,Jharsuguda,Acute Diarrhoeal Disease,2019,44,41.0,0.0,21.87705125,84.00905064,0.4479795559,299.6546667,19.0,2019-10-28
Odisha,Jharsuguda,Acute Diarrhoeal Disease,2019,47,44.0,0.0,21.87705125,84.00905064,2.74e-05,300.0966666,16.0,2019-11-18
Odisha,Kalahandi,Acute Diarrhoeal Disease,2009,31,217.0,24.0,19.75,83.0,0.4728685269,,13.0,2009-07-31
Odisha,Kalahandi,Acute Diarrhoeal Disease,2014,8,34.0,0.0,19.75,83.0,0.1591732195,302.18333340000004,,2014-02-18
Odisha,Kalahandi,Acute Diarrhoeal Disease,2014,19,11.0,1.0,19.75,83.0,0.1956660513,311.6966666,10.0,2014-05-07
Odisha,Kalahandi,Acute Diarrhoeal Disease,2015,27,41.0,0.0,19.75,83.0,1.813556761,304.25,13.0,2015-07-05
Odisha,Kalahandi,Acute Diarrhoeal Disease,2015,39,25.0,0.0,19.75,83.0,0.9602309862,301.83,27.0,2015-09-23
Odisha,Kalahandi,Acute Diarrhoeal Disease,2016,31,23.0,0.0,19.75,83.0,0.6221954386499999,302.56,9.0,2016-08-01
Odisha,Kalahandi,Acute Diarrhoeal Disease,2016,32,61.0,3.0,19.75,83.0,1.302949747,,4.0,2016-08-10
Odisha,Kalahandi,Acute Diarrhoeal Disease,2016,37,59.0,1.0,19.75,83.0,1.216044425,300.25,,2016-09-12
Odisha,Kalahandi,Acute Diarrhoeal Disease,2016,39,20.0,3.0,19.75,83.0,0.8737518804,299.65000000000003,20.0,2016-10-02
Odisha,Kalahandi,Acute Diarrhoeal Disease,2016,40,20.0,2.0,19.75,83.0,0.8521047124,300.16,24.0,2016-10-09
Odisha,Kalahandi,Acute Diarrhoeal Disease,2018,10,11.0,0.0,19.75,83.0,0.0001871476855,308.4733334,8.0,2018-03-08
Odisha,Kalahandi,Acute Diarrhoeal Disease,2018,28,9.0,1.0,19.75,83.0,0.9829494613,,2.0,2018-07-14
Odisha,Kalahandi,Acute Diarrhoeal Disease,2019,19,27.0,0.0,19.75,83.0,0.001358605569,314.2966666,10.0,2019-05-10
Odisha,Kalahandi,Acute Diarrhoeal Disease,2019,40,32.0,1.0,19.75,83.0,0.8651910099,302.13,,2019-09-30
Odisha,Kalahandi,Acute Diarrhoeal Disease,2021,12,12.0,0.0,19.75,83.0,0.02773092518,310.964,8.0,2021-03-25
Odisha,Kandhamal,Acute Diarrhoeal Disease,2011,10,11.0,0.0,20.13069385,84.07904761,0.002666833334,307.7733334,11.0,2011-03-12
Odisha,Kandhamal,Acute Diarrhoeal Disease,2013,47,24.0,0.0,20.13069385,84.07904761,0.01192515143,298.55,19.0,2013-11-20
Odisha,Kandhamal,Acute Diarrhoeal Disease,2016,4,47.0,0.0,20.13069385,84.07904761,0.0001721478881,300.808,11.0,2016-01-30
Odisha,Kandhamal,Acute Diarrhoeal Disease,2016,25,21.0,0.0,20.13069385,84.07904761,0.5988880781,310.44,11.0,2016-06-23
Odisha,Kandhamal,Acute Diarrhoeal Disease,2020,11,64.0,0.0,20.13069385,84.07904761,0.06074317802,301.5,,2020-03-13
Odisha,Kandhamal,Acute Diarrhoeal Disease,2021,13,10.0,0.0,20.13069385,84.07904761,0.0009612371809,309.16400000000004,9.0,2021-04-04
Odisha,Kandhamal,Acute Diarrhoeal Disease,2022,16,11.0,0.0,20.13069385,84.07904761,0.01136203033,310.692,10.0,2022-04-18
Odisha,Kendrapara,Acute Diarrhoeal Disease,2013,22,15.0,0.0,20.50040085,86.43170623,0.6136865464,307.59000000000003,4.0,2013-05-30
Odisha,Kendrapara,Acute Diarrhoeal Disease,2013,36,13.0,0.0,20.50040085,86.43170623,1.249669696,302.5733334,,2013-09-06
Odisha,Kendrapara,Acute Diarrhoeal Disease,2016,29,16.0,0.0,20.50040085,86.43170623,0.7783846406,300.32,,2016-07-18
Odisha,Kendrapara,Cholera,2014,3,94.0,0.0,20.50040085,86.43170623,0.0009299637002,299.64,6.0,2014-01-14
Odisha,Kendrapara,Cholera,2014,32,13.0,0.0,20.50040085,86.43170623,1.347387979,303.1,5.0,2014-08-09
Odisha,Keonjhar,Acute Diarrhoeal Disease,2013,33,18.0,0.0,21.5,85.5,0.6153822204,300.735,19.0,2013-08-18
Odisha,Keonjhar,Acute Diarrhoeal Disease,2014,9,16.0,1.0,21.5,85.5,0.008689526715,299.1633334,,2014-02-26
Odisha,Keonjhar,Acute Diarrhoeal Disease,2014,19,10.0,0.0,21.5,85.5,0.07171775618,310.88,12.0,2014-05-07
Odisha,Keonjhar,Acute Diarrhoeal Disease,2014,21,24.0,0.0,21.5,85.5,0.0121281075,312.3933334,13.0,2014-05-22
Odisha,Keonjhar,Acute Diarrhoeal Disease,2016,7,43.0,0.0,21.5,85.5,0.01957717927,302.0766666,11.0,2016-02-16
Odisha,Keonjhar,Acute Diarrhoeal Disease,2016,37,19.0,0.0,21.5,85.5,1.110281398,300.15000000000003,22.0,2016-09-14
Odisha,Keonjhar,Acute Diarrhoeal Disease,2018,45,7.0,0.0,21.5,85.5,0.05571720972,299.8233334,23.0,2018-11-06
Odisha,Keonjhar,Acute Diarrhoeal Disease,2019,26,13.0,0.0,21.5,85.5,0.1884896995,303.79,6.0,2019-06-29
Odisha,Khordha,Acute Diarrhoeal Disease,2015,49,29.0,0.0,20.22564715,85.56059465,0.004909242231,302.00333340000003,11.0,2015-12-01
Odisha,Khordha,Acute Diarrhoeal Disease,2016,44,15.0,0.0,20.22564715,85.56059465,0.05690854157,301.73,18.0,2016-11-03
Odisha,Khordha,Acute Diarrhoeal Disease,2018,32,9.0,0.0,20.22564715,85.56059465,1.672595952,302.45,9.0,2018-08-10
Odisha,Khordha,Acute Diarrhoeal Disease,2019,38,9.0,1.0,20.22564715,85.56059465,0.4374985599,301.1733334,16.0,2019-09-19
Odisha,Khordha,Acute Diarrhoeal Disease,2022,23,7.0,0.0,20.22564715,85.56059465,0.001571475845,308.04,,2022-06-10
Odisha,Khordha,Cholera,2014,28,10.0,0.0,20.22564715,85.56059465,0.8573744618,303.2,10.0,2014-07-10
Odisha,Khurda,Acute Diarrhoeal Disease,2009,29,21.0,1.0,20.1540594,85.7086509,3.19228112,300.2,3.0,2009-07-18
Odisha,Khurda,Acute Diarrhoeal Disease,2010,9,57.0,0.0,20.1540594,85.7086509,0.001070282803,309.7333334,,2010-03-05
Odisha,Khurda,Acute Diarrhoeal Disease,2015,27,24.0,0.0,20.1540594,85.7086509,0.4721058709,306.23,10.0,2015-07-01
Odisha,Khurda,Acute Diarrhoeal Disease,2016,17,18.0,0.0,20.1540594,85.7086509,0.02004142418,314.445,6.0,2016-05-01
Odisha,Khurda,Acute Diarrhoeal Disease,2016,38,47.0,0.0,20.1540594,85.7086509,0.7937552955,299.49649999999997,12.5,2016-09-19
Odisha,Khurda,Acute Diarrhoeal Disease,2016,39,63.0,0.0,20.1540594,85.7086509,1.112520106,300.39,20.0,2016-10-02
Odisha,Khurda,Acute Diarrhoeal Disease,2016,41,11.0,0.0,20.1540594,85.7086509,0.6148535484,297.0,20.0,2016-10-12
Odisha,Khurda,Acute Diarrhoeal Disease,2016,46,15.0,0.0,20.1540594,85.7086509,0.0001036839895,301.144,16.0,2016-11-14
Odisha,Khurda,Acute Diarrhoeal Disease,2016,48,22.0,0.0,20.1540594,85.7086509,8.62e-05,301.4966666,,2016-12-01
Odisha,Khurda,Acute Diarrhoeal Disease,2016,50,11.0,0.0,20.1540594,85.7086509,0.001289826525,300.0733334,,2016-12-17
Odisha,Khurda,Acute Diarrhoeal Disease,2018,5,20.0,0.0,20.1540594,85.7086509,0.0001171678108,303.48,7.0,2018-02-04
Odisha,Khurda,Acute Diarrhoeal Disease,2019,35,16.0,1.0,20.1540594,85.7086509,1.355970819,300.8,7.0,2019-08-31
Odisha,Koraput,Acute Diarrhoeal Disease,2010,33,10.0,2.0,18.7232023,82.60811828,0.5560101106,300.86,13.0,2010-08-19
Odisha,Koraput,Acute Diarrhoeal Disease,2012,4,6.0,1.0,18.7232023,82.60811828,0.0001387414333,301.7266666,10.0,2012-01-23
Odisha,Koraput,Acute Diarrhoeal Disease,2013,4,12.0,0.0,18.7232023,82.60811828,0.0005158167415,301.948,11.0,2013-01-22
Odisha,Koraput,Acute Diarrhoeal Disease,2013,21,23.0,0.0,18.7232023,82.60811828,0.02501081263,308.556,15.0,2013-05-20
Odisha,Koraput,Acute Diarrhoeal Disease,2015,31,26.0,1.0,18.7232023,82.60811828,0.5358367367,,,2015-07-27
Odisha,Koraput,Acute Diarrhoeal Disease,2016,5,11.0,0.0,18.7232023,82.60811828,0.0001469061965,305.28000000000003,,2016-02-02
Odisha,Koraput,Acute Diarrhoeal Disease,2016,21,30.0,0.0,18.7232023,82.60811828,0.6730653508,304.5733334,,2016-05-23
Odisha,Koraput,Acute Diarrhoeal Disease,2016,30,14.0,0.0,18.7232023,82.60811828,1.146740569,303.36,,2016-07-27
Odisha,Koraput,Acute Diarrhoeal Disease,2017,2,15.0,0.0,18.7232023,82.60811828,0.0003563634079,300.6866666,12.0,2017-01-11
Odisha,Koraput,Acute Diarrhoeal Disease,2017,5,22.0,1.0,18.7232023,82.60811828,0.02549084525,303.86,,2017-02-01
Odisha,Koraput,Acute Diarrhoeal Disease,2017,9,7.0,0.0,18.7232023,82.60811828,7.1e-05,308.68,,2017-03-05
Odisha,Koraput,Acute Diarrhoeal Disease,2017,14,13.0,0.0,18.7232023,82.60811828,0.0207547236,311.928,10.0,2017-04-05
Odisha,Koraput,Acute Diarrhoeal Disease,2017,15,27.0,0.0,18.7232023,82.60811828,0.0001505471389,312.9366666,,2017-04-15
Odisha,Koraput,Acute Diarrhoeal Disease,2017,46,12.0,0.0,18.7232023,82.60811828,0.2547019761,297.94,,2017-11-17
Odisha,Koraput,Acute Diarrhoeal Disease,2018,18,20.0,0.0,18.7232023,82.60811828,0.09129831504,308.49,15.0,2018-05-03
Odisha,Koraput,Acute Diarrhoeal Disease,2018,25,40.0,0.0,18.7232023,82.60811828,0.07753796441,303.676,12.0,2018-06-19
Odisha,Koraput,Acute Diarrhoeal Disease,2019,3,11.0,0.0,18.7232023,82.60811828,8.11e-05,299.68,12.0,2019-01-20
Odisha,Koraput,Acute Diarrhoeal Disease,2019,11,13.0,0.0,18.7232023,82.60811828,0.005392221548,306.388,10.0,2019-03-11
Odisha,Koraput,Acute Diarrhoeal Disease,2020,6,20.0,0.0,18.7232023,82.60811828,0.03922885498,300.85,12.0,2020-02-08
Odisha,Koraput,Acute Diarrhoeal Disease,2021,17,9.0,0.0,18.7232023,82.60811828,0.02873045432,310.112,,2021-05-01
Odisha,Koraput,Acute Diarrhoeal Disease,2021,38,22.0,2.0,18.7232023,82.60811828,0.6516250059,299.14,9.0,2021-09-26
Odisha,Koraput,Acute Diarrhoeal Disease,2022,6,15.0,0.0,18.7232023,82.60811828,0.0004905797777,300.5566666,12.0,2022-02-11
Odisha,Koraput,Acute Diarrhoeal Disease,2022,9,9.0,0.0,18.7232023,82.60811828,5.11e-05,306.932,11.0,2022-03-04
Odisha,Koraput,Acute Diarrhoeal Disease,2022,12,41.0,0.0,18.7232023,82.60811828,0.0004851654548,307.552,,2022-03-22
Odisha,Koraput,Acute Diarrhoeal Disease,2022,13,8.0,0.0,18.7232023,82.60811828,0.0006149952725,308.19333340000003,11.0,2022-03-28
Odisha,Malkangiri,Acute Diarrhoeal Disease,2011,9,25.0,0.0,18.35835435,81.89823749,0.02051106396,304.13,12.0,2011-03-03
Odisha,Malkangiri,Acute Diarrhoeal Disease,2011,11,29.0,1.0,18.35835435,81.89823749,0.0001368520881,308.61333340000004,12.0,2011-03-18
Odisha,Malkangiri,Malaria,2009,42,123.0,0.0,18.35835435,81.89823749,0.07796978112,300.1966666,31.0,2009-10-13
Odisha,Malkangiri,Malaria,2011,27,76.0,0.0,18.35835435,81.89823749,1.351279958,,11.0,2011-07-07
Odisha,Malkangiri,Malaria,2015,26,167.0,0.0,18.35835435,81.89823749,0.5675604978,300.56,10.0,2015-06-28
Odisha,Mayurbhanj,Acute Diarrhoeal Disease,2010,17,17.0,0.0,21.75,86.5,0.2415507583,309.3333334,10.0,2010-04-29
Odisha,Mayurbhanj,Acute Diarrhoeal Disease,2011,7,19.0,0.0,21.75,86.5,0.0001059390447,304.1866666,10.0,2011-02-14
Odisha,Mayurbhanj,Acute Diarrhoeal Disease,2012,9,35.0,0.0,21.75,86.5,8.55e-05,306.0866666,10.0,2012-03-02
Odisha,Mayurbhanj,Acute Diarrhoeal Disease,2012,28,13.0,0.0,21.75,86.5,0.9934761258,,6.0,2012-07-09
Odisha,Mayurbhanj,Acute Diarrhoeal Disease,2013,52,19.0,1.0,21.75,86.5,0.005317007482,299.2933334,12.0,2013-12-25
Odisha,Mayurbhanj,Acute Diarrhoeal Disease,2014,11,13.0,1.0,21.75,86.5,0.1308604665,303.95,,2014-03-14
Odisha,Mayurbhanj,Acute Diarrhoeal Disease,2014,28,22.0,1.0,21.75,86.5,1.183433548,300.205,,2014-07-12
Odisha,Mayurbhanj,Acute Diarrhoeal Disease,2015,34,32.0,0.0,21.75,86.5,0.8985001324,300.44,,2015-08-20
Odisha,Mayurbhanj,Acute Diarrhoeal Disease,2015,48,13.0,0.0,21.75,86.5,5.75e-05,301.4066666,,2015-11-24
Odisha,Mayurbhanj,Acute Diarrhoeal Disease,2016,13,23.0,0.0,21.75,86.5,0.3049264023,306.24,14.0,2016-04-03
Odisha,Mayurbhanj,Acute Diarrhoeal Disease,2016,36,28.0,0.0,21.75,86.5,1.590226785,,11.0,2016-09-07
Odisha,Mayurbhanj,Acute Diarrhoeal Disease,2016,44,11.0,0.0,21.75,86.5,0.2117027874,300.236,23.0,2016-11-01
Odisha,Mayurbhanj,Acute Diarrhoeal Disease,2019,37,11.0,0.0,21.75,86.5,0.8635627956,300.54,10.0,2019-09-11
Odisha,Mayurbhanj,Acute Diarrhoeal Disease,2019,48,9.0,0.0,21.75,86.5,0.0004240180203,299.768,18.0,2019-11-26
Odisha,Mayurbhanj,Acute Diarrhoeal Disease,2021,24,18.0,0.0,21.75,86.5,1.686497547,,14.0,2021-06-20
Odisha,Mayurbhanj,Acute Diarrhoeal Disease,2022,22,73.0,0.0,21.75,86.5,0.1835894759,304.444,14.0,2022-05-31
Odisha,Mayurbhanj,Cholera,2019,34,29.0,0.0,21.75,86.5,2.1223141295,300.6866666,7.0,2019-08-24
Odisha,Nabarangpur,Acute Diarrhoeal Disease,2011,13,183.0,0.0,19.2288319,82.5668344,0.0001809514382,311.44,8.0,2011-04-02
Odisha,Nawapara,Acute Diarrhoeal Disease,2016,31,13.0,1.0,20.8085208,82.5340241,0.5937192147,304.98,14.0,2016-08-01
Odisha,Nayagarh,Acute Diarrhoeal Disease,2009,40,30.0,0.0,20.1160666,85.11195644,1.691448537,301.1,14.0,2009-10-02
Odisha,Nayagarh,Acute Diarrhoeal Disease,2011,31,47.0,0.0,20.1160666,85.11195644,0.1573681732,301.616,20.0,2011-08-01
Odisha,Nayagarh,Acute Diarrhoeal Disease,2011,40,45.0,0.0,20.1160666,85.11195644,0.1459894622,302.34000000000003,,2011-10-08
Odisha,Nayagarh,Acute Diarrhoeal Disease,2012,4,15.0,0.0,20.1160666,85.11195644,0.0003786070689,300.468,12.0,2012-01-26
Odisha,Nayagarh,Acute Diarrhoeal Disease,2012,29,12.0,0.0,20.1160666,85.11195644,2.113635255,302.96,8.0,2012-07-22
Odisha,Nayagarh,Acute Diarrhoeal Disease,2013,48,13.0,0.0,20.1160666,85.11195644,0.03465340746,300.54,15.0,2013-11-28
Odisha,Nayagarh,Acute Diarrhoeal Disease,2015,27,30.0,0.0,20.1160666,85.11195644,0.3039016719,305.7666666,18.0,2015-06-29
Odisha,Nayagarh,Acute Diarrhoeal Disease,2016,30,37.0,0.0,20.1160666,85.11195644,1.0078808,298.5,19.0,2016-07-28
Odisha,Nayagarh,Acute Diarrhoeal Disease,2016,40,92.0,0.0,20.1160666,85.11195644,1.081365915,300.072,19.0,2016-10-09
Odisha,Nayagarh,Acute Diarrhoeal Disease,2016,41,15.0,0.0,20.1160666,85.11195644,1.118185934,299.196,19.0,2016-10-10
Odisha,Nayagarh,Acute Diarrhoeal Disease,2016,44,51.0,0.0,20.1160666,85.11195644,0.0659307424,300.82,25.0,2016-11-03
Odisha,Nayagarh,Acute Diarrhoeal Disease,2016,48,21.0,0.0,20.1160666,85.11195644,5e-05,300.9633334,18.0,2016-11-30
Odisha,Nayagarh,Acute Diarrhoeal Disease,2017,1,13.0,0.0,20.1160666,85.11195644,0.005766175295,300.312,,2017-01-08
Odisha,Nayagarh,Acute Diarrhoeal Disease,2018,37,12.0,0.0,20.1160666,85.11195644,1.339343988,301.77,26.0,2018-09-11
Odisha,Nayagarh,Acute Diarrhoeal Disease,2021,17,31.0,1.0,20.1160666,85.11195644,0.01201217272,312.47,,2021-04-30
Odisha,Nuapada,Cholera,2012,32,17.0,1.0,20.76909975,82.51862846,1.16715281,,6.0,2012-08-10
Odisha,Puri,Acute Diarrhoeal Disease,2009,44,11.0,0.0,19.8076083,85.8252538,8.24e-05,301.62,14.0,2009-10-28
Odisha,Puri,Acute Diarrhoeal Disease,2010,52,20.0,0.0,19.8076083,85.8252538,4.94e-05,297.7766666,7.0,2011-01-02
Odisha,Puri,Acute Diarrhoeal Disease,2011,5,39.0,2.0,19.8076083,85.8252538,0.0031458300355,301.4123333,7.0,2011-02-02
Odisha,Puri,Acute Diarrhoeal Disease,2011,9,16.0,0.0,19.8076083,85.8252538,4.09e-05,303.76,11.0,2011-03-01
Odisha,Puri,Acute Diarrhoeal Disease,2011,10,41.0,0.0,19.8076083,85.8252538,0.0001944522698,307.8533334,11.0,2011-03-10
Odisha,Puri,Acute Diarrhoeal Disease,2011,17,12.0,0.0,19.8076083,85.8252538,0.1703237418,306.46,8.0,2011-04-27
Odisha,Puri,Acute Diarrhoeal Disease,2011,24,26.0,0.0,19.8076083,85.8252538,1.512027125,307.1066666,,2011-06-17
Odisha,Puri,Acute Diarrhoeal Disease,2013,45,22.0,0.0,19.8076083,85.8252538,0.001953338867,301.1033334,14.0,2013-11-04
Odisha,Puri,Acute Diarrhoeal Disease,2014,2,78.0,0.0,19.8076083,85.8252538,0.0062348152615,299.70799999999997,,2014-01-08
Odisha,Puri,Acute Diarrhoeal Disease,2014,7,22.0,0.0,19.8076083,85.8252538,0.0001345098266,304.97,,2014-02-10
Odisha,Puri,Acute Diarrhoeal Disease,2014,19,21.0,0.0,19.8076083,85.8252538,0.02652885219,311.384,8.0,2014-05-10
Odisha,Puri,Acute Diarrhoeal Disease,2014,29,12.0,0.0,19.8076083,85.8252538,1.050874439,300.90000000000003,5.0,2014-07-17
Odisha,Puri,Acute Diarrhoeal Disease,2015,24,11.0,0.0,19.8076083,85.8252538,0.1981705839,308.72,7.0,2015-06-12
Odisha,Puri,Acute Diarrhoeal Disease,2016,2,11.0,0.0,19.8076083,85.8252538,0.000293769061,296.9966666,7.0,2016-01-15
Odisha,Puri,Acute Diarrhoeal Disease,2021,5,350.0,0.0,19.8076083,85.8252538,0.003205307448,301.12,9.0,2021-02-06
Odisha,Puri,Chikungunya,2009,38,79.0,0.0,19.8076083,85.8252538,0.6457313805,301.556,14.0,2009-09-20
Odisha,Rayagada,Acute Diarrhoeal Disease,2013,17,20.0,0.0,19.17209585,83.33503085,0.8602560748,305.035,13.0,2013-04-25
Odisha,Rayagada,Acute Diarrhoeal Disease,2014,39,129.0,0.0,19.17209585,83.33503085,0.1738938344,301.7066666,30.0,2014-09-27
Odisha,Rayagada,Acute Diarrhoeal Disease,2016,17,15.0,0.0,19.17209585,83.33503085,0.3683209718,313.71,,2016-04-30
Odisha,Rayagada,Acute Diarrhoeal Disease,2016,47,33.0,0.0,19.17209585,83.33503085,0.02822704287,298.77,21.0,2016-11-21
Odisha,Rayagada,Acute Diarrhoeal Disease,2019,32,13.0,0.0,19.17209585,83.33503085,1.409028237,300.76,13.0,2019-08-11
Odisha,Rayagada,Acute Diarrhoeal Disease,2019,36,28.0,2.0,19.17209585,83.33503085,1.098967228,,15.0,2019-09-02
Odisha,Rayagada,Acute Diarrhoeal Disease,2020,1,31.0,0.0,19.17209585,83.33503085,0.03182859956,296.4833334,16.0,2020-01-03
Odisha,Rayagada,Acute Diarrhoeal Disease,2021,48,11.0,0.0,19.17209585,83.33503085,0.2974712639,297.63,18.0,2021-12-05
Odisha,Rayagada,Cholera,2010,31,784.0,39.0,19.17209585,83.33503085,1.778999966,,15.0,2010-08-06
Odisha,Rayagada,Cholera,2012,37,37.0,3.0,19.17209585,83.33503085,0.7582775659,298.74,13.0,2012-09-11
Odisha,Rayagada,Cholera,2013,30,22.0,0.0,19.17209585,83.33503085,2.699308366,,,2013-07-27
Odisha,Rayagada,Cholera,2016,28,10.0,2.0,19.17209585,83.33503085,0.9703402027,302.12,11.0,2016-07-16
Odisha,Sambalpur,Acute Diarrhoeal Disease,2009,36,22.0,0.0,21.4706422,83.9836858,0.530519378,300.21500000000003,20.0,2009-09-03
Odisha,Sambalpur,Acute Diarrhoeal Disease,2011,42,22.0,0.0,21.4706422,83.9836858,0.074976828,301.384,,2011-10-23
Odisha,Sambalpur,Acute Diarrhoeal Disease,2013,16,19.0,0.0,21.4706422,83.9836858,0.05533468677,308.0866666,10.0,2013-04-18
Odisha,Sambalpur,Acute Diarrhoeal Disease,2013,33,12.0,0.0,21.4706422,83.9836858,0.5017319065,300.4733334,11.0,2013-08-18
Odisha,Sambalpur,Acute Diarrhoeal Disease,2014,30,11.0,0.0,21.4706422,83.9836858,1.989194879,,5.0,2014-07-21
Odisha,Sonepur,Acute Diarrhoeal Disease,2015,31,39.0,0.0,20.8453864,83.909083,0.8327500104,303.12,4.0,2015-07-30
Odisha,Sonepur,Acute Diarrhoeal Disease,2015,36,7.0,1.0,20.8453864,83.909083,0.5013204062,302.38,,2015-09-05
Odisha,Subarnapur,Acute Diarrhoeal Disease,2012,33,24.0,0.0,19.08143,84.5144503,1.650992175,300.34000000000003,13.0,2012-08-18
Odisha,Subarnapur,Acute Diarrhoeal Disease,2013,33,19.0,0.0,19.08143,84.5144503,0.708920688,298.78000000000003,9.0,2013-08-15
Odisha,Subarnapur,Acute Diarrhoeal Disease,2013,37,17.0,0.0,19.08143,84.5144503,0.7558107521,301.485,,2013-09-13
Odisha,Subarnapur,Acute Diarrhoeal Disease,2013,40,42.0,0.0,19.08143,84.5144503,1.086071011,303.2433333,24.0,2013-10-02
Odisha,Subarnapur,Acute Diarrhoeal Disease,2013,43,14.0,0.0,19.08143,84.5144503,0.6288229791,301.4366666,19.0,2013-10-22
Odisha,Subarnapur,Acute Diarrhoeal Disease,2015,36,8.0,1.0,19.08143,84.5144503,1.056929921,305.54,,2015-09-05
Odisha,Sundargarh,Acute Diarrhoeal Disease,2009,28,76.0,1.0,22.1181799,84.0361994,1.439698713,,4.0,2009-07-09
Odisha,Sundargarh,Acute Diarrhoeal Disease,2011,28,12.0,0.0,22.13327195,83.9796528,0.7137109566,299.93,,2011-07-12
Odisha,Sundargarh,Acute Diarrhoeal Disease,2013,36,24.0,0.0,22.13327195,83.9796528,0.473316134,,,2013-09-05
Odisha,Sundargarh,Acute Diarrhoeal Disease,2014,6,41.0,0.0,22.13327195,83.9796528,6.78e-05,301.7633334,8.0,2014-02-06
Odisha,Sundargarh,Acute Diarrhoeal Disease,2021,42,16.0,0.0,22.13327195,83.9796528,0.3894156537,301.96,16.0,2021-10-22
Odisha,Sundargarh,Malaria,2009,36,10.0,3.0,22.13327195,83.9796528,0.8983162854,302.19,14.0,2009-08-31
Puducherry,Karaikal,Acute Diarrhoeal Disease,2018,8,18.0,0.0,10.91571,79.8375761,0.02075294889,305.015,10.0,2018-02-19
Puducherry,Karaikal,Acute Diarrhoeal Disease,2022,21,113.0,0.0,10.91571,79.8375761,0.03765778924,306.88,11.0,2022-05-26
Puducherry,Karaikal,Dengue,2016,41,4.0,1.0,10.91571,79.8375761,0.1481082706,308.24,11.0,2016-10-16
Puducherry,Karaikal,Dengue,2017,30,32.0,0.0,10.91571,79.8375761,0.01818876568,311.3,9.0,2017-07-24
Puducherry,Karaikal,Dengue,2019,41,78.0,0.0,10.91571,79.8375761,0.07364809594,304.36400000000003,,2019-10-07
Puducherry,Mahe,Dengue,2019,26,4.0,0.0,11.7021978,75.5364701,0.8563175475,300.71,19.0,2019-06-29
Puducherry,Pondicherry,Chikungunya,2018,33,27.0,0.0,11.9340568,79.8306447,0.2792371655,,8.0,2018-08-16
Puducherry,Pondicherry,Dengue,2017,38,55.0,0.0,11.9340568,79.8306447,0.3985309936,293.86,11.0,2017-09-18
Puducherry,Pondicherry,Dengue,2019,40,79.0,1.0,11.9340568,79.8306447,0.4218353432,302.5466666,,2019-09-30
Puducherry,Puducherry,Acute Diarrhoeal Disease,2019,2,17.0,0.0,11.9340568,79.8306447,0.001047460162,302.0,10.0,2019-01-10
Puducherry,Puducherry,Acute Diarrhoeal Disease,2021,8,108.0,0.0,11.9340568,79.8306447,0.1317422113,303.5733334,8.0,2021-02-22
Puducherry,Puducherry,Chikungunya,2010,1,8.0,0.0,11.9340568,79.8306447,0.03498111588,300.115,10.0,2010-01-04
Puducherry,Puducherry,Chikungunya,2018,44,32.0,0.0,11.9340568,79.8306447,0.02062496327,302.92,9.0,2018-10-29
Puducherry,Puducherry,Chikungunya,2019,14,7.0,0.0,11.9340568,79.8306447,0.0008623288635,312.7,8.0,2019-04-01
Puducherry,Puducherry,Cholera,2010,25,11.0,0.0,11.9340568,79.8306447,0.2254894541,308.8466666,11.0,2010-06-22
Puducherry,Puducherry,Cholera,2010,26,13.0,0.0,11.9340568,79.8306447,0.178446875,309.05333340000004,12.0,2010-06-29
Puducherry,Puducherry,Cholera,2010,44,5.0,0.0,11.9340568,79.8306447,0.545403365,300.72,7.0,2010-11-04
Puducherry,Puducherry,Cholera,2020,14,2.0,0.0,11.9340568,79.8306447,0.0002428910523,310.56333340000003,9.0,2020-04-01
Puducherry,Puducherry,Dengue,2009,43,12.0,0.0,11.9340568,79.8306447,0.007798977484,308.008,10.0,2009-10-22
Puducherry,Puducherry,Dengue,2010,5,10.0,0.0,11.9340568,79.8306447,0.04779155861,301.0733334,,2010-02-01
Puducherry,Puducherry,Dengue,2011,42,194.0,2.0,11.9340568,79.8306447,0.6229287584,303.40000000000003,11.0,2011-10-18
Puducherry,Puducherry,Dengue,2012,40,1965.0,0.0,11.9340568,79.8306447,0.02874492961,307.34000000000003,,2012-10-07
Puducherry,Puducherry,Dengue,2012,41,13357.0,0.0,11.9340568,79.8306447,0.04078485679,307.34000000000003,11.0,2012-10-08
Puducherry,Puducherry,Dengue,2014,35,23.0,0.0,11.9340568,79.8306447,0.1876158662,302.83,9.0,2014-08-25
Puducherry,Puducherry,Dengue,2016,37,6.0,1.0,11.9340568,79.8306447,0.01320987611,308.71500000000003,,2016-09-12
Puducherry,Puducherry,Dengue,2016,38,3.0,1.0,11.9340568,79.8306447,0.111432833,308.4733334,9.0,2016-09-19
Puducherry,Puducherry,Dengue,2019,36,32.0,0.0,11.9340568,79.8306447,0.1442798032,309.95,13.0,2019-09-02
Puducherry,Puducherry,Dengue,2021,2,6.0,0.0,11.9340568,79.8306447,0.8757740871,300.28000000000003,8.0,2021-01-11
Puducherry,Puducherry,Dengue,2021,4,13.0,0.0,11.9340568,79.8306447,0.05978804278,300.11,,2021-01-25
Puducherry,Puducherry,Dengue,2021,9,11.0,0.0,11.9340568,79.8306447,0.00108310766,306.952,10.0,2021-03-01
Puducherry,Puducherry & Karaikal,Dengue,2018,48,49.0,0.0,10.9850622,79.8443779,0.7038467396,299.76,16.0,2018-11-26
Punjab,Amritsar,Acute Diarrhoeal Disease,2012,38,20.0,0.0,31.6343083,74.8736788,0.57443161,297.45,16.0,2012-09-19
Punjab,Amritsar,Acute Diarrhoeal Disease,2013,31,15.0,0.0,31.6343083,74.8736788,0.8243881827,301.9866666,16.0,2013-08-03
Punjab,Amritsar,Acute Diarrhoeal Disease,2016,21,43.0,0.0,31.6343083,74.8736788,0.1034610308,310.492,4.0,2016-05-29
Punjab,Amritsar,Cholera,2012,45,17.0,0.0,31.6343083,74.8736788,0.007137847201,300.93,,2012-11-07
Punjab,Barnala,Acute Diarrhoeal Disease,2009,27,408.0,0.0,30.3704685,75.50401742,0.4210993467,306.325,6.0,2009-07-05
Punjab,Barnala,Acute Diarrhoeal Disease,2010,29,276.0,0.0,30.3704685,75.50401742,0.2159654165,304.96,,2010-07-20
Punjab,Barnala,Acute Diarrhoeal Disease,2011,36,33.0,0.0,30.3704685,75.50401742,0.4208269424,303.02,28.0,2011-09-08
Punjab,Barnala,Acute Diarrhoeal Disease,2016,23,7.0,1.0,30.3704685,75.50401742,0.05296672756,310.72,2.0,2016-06-12
Punjab,Barnala,Acute Diarrhoeal Disease,2016,32,34.0,1.0,30.3704685,75.50401742,0.4538810617,302.66,31.0,2016-08-10
Punjab,Barnala,Acute Diarrhoeal Disease,2017,29,12.0,0.0,30.3704685,75.50401742,1.059996735,300.94,11.0,2017-07-17
Punjab,Bathinda,Acute Diarrhoeal Disease,2016,29,67.0,0.0,30.17911535,75.04710156,0.2584293384,303.016,13.0,2016-07-23
Punjab,Bathinda,Acute Diarrhoeal Disease,2017,10,12.0,0.0,30.17911535,75.04710156,0.001377837431,296.02,,2017-03-06
Punjab,Fatehgarh Sahib,Acute Diarrhoeal Disease,2009,36,53.0,0.0,30.6466737,76.3887563,1.028256374,300.1333334,,2009-09-05
Punjab,Fatehgarh Sahib,Acute Diarrhoeal Disease,2010,33,50.0,0.0,30.6466737,76.3887563,0.6150758466,301.62,17.0,2010-08-18
Punjab,Fatehgarh Sahib,Acute Diarrhoeal Disease,2016,32,15.0,1.0,30.6466737,76.3887563,1.258735145,300.48,27.0,2016-08-13
Punjab,Fatehgarh Sahib,Acute Diarrhoeal Disease,2018,34,52.0,0.0,30.6466737,76.3887563,0.3161535523,299.3933334,24.0,2018-08-25
Punjab,Fatehgarh Sahib,Acute Diarrhoeal Disease,2019,34,43.0,0.0,30.6466737,76.3887563,1.993092932,299.955,29.0,2019-08-22
Punjab,Ferozepur,Acute Diarrhoeal Disease,2018,28,59.0,0.0,30.6839733,76.3594033,0.1580013215,304.3533334,5.0,2018-07-14
Punjab,Gurdaspur,Acute Diarrhoeal Disease,2009,33,20.0,0.0,32.166667,75.316667,0.1441968059,303.29,13.0,2009-08-15
Punjab,Gurdaspur,Acute Diarrhoeal Disease,2010,32,3.0,2.0,32.166667,75.316667,1.161508195,309.23,7.0,2010-08-10
Punjab,Gurdaspur,Acute Diarrhoeal Disease,2011,5,39.0,0.0,32.166667,75.316667,0.001985911746,287.50333340000003,,2011-02-01
Punjab,Gurdaspur,Acute Diarrhoeal Disease,2012,18,17.0,0.0,32.166667,75.316667,0.1940821393,303.732,5.0,2012-05-02
Punjab,Gurdaspur,Acute Diarrhoeal Disease,2017,13,57.0,0.0,32.166667,75.316667,6.85e-05,299.98,11.0,2017-04-01
Punjab,Gurdaspur,Acute Diarrhoeal Disease,2018,42,40.0,0.0,32.166667,75.316667,0.06629035306,299.61,,2018-10-16
Punjab,Gurdaspur,Acute Diarrhoeal Disease,2019,43,10.0,0.0,32.166667,75.316667,0.01981044532,300.488,,2019-10-24
Punjab,Gurdaspur,Acute Diarrhoeal Disease,2019,49,19.0,0.0,32.166667,75.316667,5.62e-05,292.4233334,6.0,2019-12-07
Punjab,Gurdaspur,Cholera,2012,26,50.0,0.0,32.166667,75.316667,0.04147596146,310.79,3.0,2012-07-01
Punjab,Gurdaspur,Cholera,2012,40,383.0,18.0,32.166667,75.316667,0.0001070380447,304.29,16.0,2012-10-05
Punjab,Gurdaspur,Cholera,2013,38,22.0,0.0,32.166667,75.316667,0.06276237649,299.4033334,18.0,2013-09-17
Punjab,Gurdaspur,Cholera,2019,29,2.0,1.0,32.166667,75.316667,0.3756475507,300.1733334,,2019-07-20
Punjab,Hoshiarpur,Acute Diarrhoeal Disease,2009,34,40.0,0.0,31.60857425,75.84644247,0.8512414584,299.02,,2009-08-21
Punjab,Hoshiarpur,Acute Diarrhoeal Disease,2011,18,37.0,0.0,31.60857425,75.84644247,0.04116704934,308.2466666,8.0,2011-05-03
Punjab,Hoshiarpur,Acute Diarrhoeal Disease,2011,39,15.0,0.0,31.60857425,75.84644247,0.1526427222,302.5333334,15.0,2011-10-02
Punjab,Hoshiarpur,Acute Diarrhoeal Disease,2012,42,40.0,0.0,31.60857425,75.84644247,0.01672340379,301.7866666,13.0,2012-10-20
Punjab,Hoshiarpur,Acute Diarrhoeal Disease,2019,29,11.0,0.0,31.60857425,75.84644247,0.5697781468,295.94,8.0,2019-07-18
Punjab,Hoshiarpur,Cholera,2012,30,45.0,0.0,31.60857425,75.84644247,0.1160651696,303.27500000000003,16.0,2012-07-24
Punjab,Hoshiarpur,Cholera,2012,31,80.0,0.0,31.60857425,75.84644247,1.148769571,298.8266666,20.0,2012-08-05
Punjab,Hoshiarpur,Cholera,2014,29,86.0,0.0,31.60857425,75.84644247,0.5101043947,305.85,,2014-07-20
Punjab,Hoshiarpur,Cholera,2015,35,18.0,0.0,31.60857425,75.84644247,0.5658128235,300.4666666,21.0,2015-08-26
Punjab,Hoshiarpur,Cholera,2016,35,34.0,0.0,31.60857425,75.84644247,0.2459495337,302.15000000000003,23.0,2016-09-03
Punjab,Hoshiarpur,Cholera,2018,29,355.0,4.0,31.60857425,75.84644247,1.003500193,302.785,12.0,2018-07-21
Punjab,Hoshiarpur,Cholera,2018,39,22.0,0.0,31.60857425,75.84644247,3.174566892,299.93,,2018-09-29
Punjab,Hoshiarpur,Cholera,2019,11,98.0,0.0,31.60857425,75.84644247,0.2177767322,296.14,,2019-03-13
Punjab,Hoshiarpur,Cholera,2019,35,72.0,0.0,31.60857425,75.84644247,0.1590550786,303.22,,2019-08-28
Punjab,Hoshiarpur,Cholera,2019,37,123.0,1.0,31.60857425,75.84644247,0.1801431669,301.04,,2019-09-14
Punjab,Jalandhar,Acute Diarrhoeal Disease,2009,33,116.0,0.0,31.29201065,75.56805772,0.1552191933,302.06,12.0,2009-08-16
Punjab,Jalandhar,Acute Diarrhoeal Disease,2010,28,202.0,1.0,31.29201065,75.56805772,1.013256608,302.964,8.0,2010-07-14
Punjab,Jalandhar,Acute Diarrhoeal Disease,2010,33,14.0,0.0,31.29201065,75.56805772,0.8519237656,298.31,15.0,2010-08-17
Punjab,Jalandhar,Acute Diarrhoeal Disease,2011,12,96.0,0.0,31.29201065,75.56805772,0.0003064361425,301.19333340000003,13.0,2011-03-27
Punjab,Jalandhar,Acute Diarrhoeal Disease,2011,20,35.0,0.0,31.29201065,75.56805772,0.3009952221,311.09000000000003,4.0,2011-05-22
Punjab,Jalandhar,Acute Diarrhoeal Disease,2011,22,223.0,1.0,31.292010649999998,75.56805772,0.4916258805,306.788,5.0,2011-06-03
Punjab,Jalandhar,Acute Diarrhoeal Disease,2013,34,99.0,0.0,31.29201065,75.56805772,0.3261515992,302.065,22.0,2013-08-24
Punjab,Jalandhar,Acute Diarrhoeal Disease,2015,37,12.0,0.0,31.29201065,75.56805772,0.01932411427,303.37333340000004,19.0,2015-09-11
Punjab,Jalandhar,Acute Diarrhoeal Disease,2016,23,20.0,0.0,31.29201065,75.56805772,0.003103500839,314.46,4.0,2016-06-06
Punjab,Jalandhar,Acute Diarrhoeal Disease,2016,31,54.0,2.0,31.29201065,75.56805772,0.07575980691,303.188,17.0,2016-08-05
Punjab,Jalandhar,Acute Diarrhoeal Disease,2018,30,10.0,0.0,31.29201065,75.56805772,0.9107250577,300.48,11.0,2018-07-29
Punjab,Jalandhar,Acute Diarrhoeal Disease,2020,3,57.0,0.0,31.29201065,75.56805772,0.4007016984,284.015,,2020-01-17
Punjab,Jalandhar,Cholera,2010,33,167.0,0.0,31.29201065,75.56805772,0.8519237656,298.31,15.0,2010-08-17
Punjab,Jalandhar,Cholera,2011,38,163.0,0.0,31.29201065,75.56805772,0.05062222581,300.94333340000003,16.0,2011-09-23
Punjab,Jalandhar,Cholera,2011,40,214.0,0.0,31.29201065,75.56805772,0.02711370323,302.3266666,,2011-10-07
Punjab,Jalandhar,Cholera,2016,28,39.0,0.0,31.29201065,75.56805772,0.1381792998,304.2733334,8.0,2016-07-12
Punjab,Jalandhar,Cholera,2016,31,165.0,0.0,31.29201065,75.56805772,0.5513407041,301.6466666,16.0,2016-08-01
Punjab,Jalandhar,Cholera,2017,25,414.0,1.0,31.29201065,75.56805772,0.4262215264,308.59000000000003,5.0,2017-06-23
Punjab,Jalandhar,Cholera,2019,29,6.0,0.0,31.29201065,75.56805772,0.7135613795,,4.0,2019-07-18
Punjab,Kapurthala,Acute Diarrhoeal Disease,2011,29,121.0,0.0,31.38524095,75.30552274,0.1477764457,301.24,10.0,2011-07-22
Punjab,Kapurthala,Acute Diarrhoeal Disease,2016,20,14.0,0.0,31.38524095,75.30552274,0.02889629928,316.9033334,4.0,2016-05-21
Punjab,Kapurthala,Acute Diarrhoeal Disease,2018,28,54.0,0.0,31.38524095,75.30552274,0.2033935281,306.1866666,4.0,2018-07-09
Punjab,Kapurthala,Acute Diarrhoeal Disease,2021,42,120.0,0.0,31.38524095,75.30552274,0.01738471023,303.676,8.0,2021-10-18
Punjab,Kapurthala,Acute Diarrhoeal Disease,2022,17,11.0,0.0,31.38524095,75.30552274,0.01893975441,310.79200000000003,5.0,2022-04-25
Punjab,Ludhiana,Acute Diarrhoeal Disease,2009,31,50.0,1.0,30.9090157,75.851601,0.5697198134,300.64,12.0,2009-07-31
Punjab,Ludhiana,Acute Diarrhoeal Disease,2010,1,104.0,0.0,30.9090157,75.851601,0.1381749207,285.024,,2010-01-09
Punjab,Ludhiana,Acute Diarrhoeal Disease,2010,34,94.0,6.0,30.9090157,75.851601,0.8023753753,296.3466666,20.0,2010-08-26
Punjab,Ludhiana,Acute Diarrhoeal Disease,2012,36,23.0,0.0,30.9090157,75.851601,0.3804508208,301.175,23.0,2012-09-06
Punjab,Ludhiana,Acute Diarrhoeal Disease,2014,20,11.0,1.0,30.9090157,75.851601,0.1493703666,308.82,5.0,2014-05-18
Punjab,Ludhiana,Acute Diarrhoeal Disease,2018,25,154.0,3.0,30.9090157,75.851601,0.1338855775,310.9466666,,2018-06-18
Punjab,Ludhiana,Cholera,2010,27,4.0,0.0,30.9090157,75.851601,0.2159989875,301.4066666,7.0,2010-07-06
Punjab,Ludhiana,Cholera,2011,29,7.0,0.0,30.9090157,75.851601,0.0841842583,304.45,12.0,2011-07-23
Punjab,Ludhiana,Cholera,2013,36,15.0,0.0,30.9090157,75.851601,0.08945550733,300.3566666,,2013-09-05
Punjab,Ludhiana,Cholera,2014,30,63.0,3.0,30.9090157,75.851601,0.2257159692,304.5666666,10.0,2014-07-22
Punjab,Ludhiana,Cholera,2014,33,10.0,0.0,30.9090157,75.851601,0.3254602861,301.436,17.0,2014-08-16
Punjab,Ludhiana,Cholera,2015,32,414.0,4.0,30.9090157,75.851601,0.3646139887,302.02500000000003,16.0,2015-08-03
Punjab,Ludhiana,Cholera,2017,25,86.0,0.0,30.9090157,75.851601,0.4262215264,308.59000000000003,5.0,2017-06-23
Punjab,Ludhiana,Cholera,2017,28,171.0,1.0,30.9090157,75.851601,0.3141627469,302.276,,2017-07-12
Punjab,Ludhiana,Cholera,2017,30,106.0,0.0,30.9090157,75.851601,0.3380100873,303.344,13.0,2017-07-30
Punjab,Ludhiana,Cholera,2017,33,459.0,1.0,30.9090157,75.851601,0.2742482473,301.36,19.0,2017-08-14
Punjab,Ludhiana,Cholera,2018,29,141.0,2.0,30.9090157,75.851601,1.220616067,302.7966667,9.0,2018-07-20
Punjab,Ludhiana,Cholera,2018,35,38.0,0.0,30.9090157,75.851601,0.1693048074,299.216,,2018-08-28
Punjab,Ludhiana,Cholera,2018,37,12.0,0.0,30.9090157,75.851601,0.6080944717,301.94,20.0,2018-09-12
Punjab,Mansa,Acute Diarrhoeal Disease,2011,40,60.0,0.0,29.8769971,75.48898661,0.0002398606821,302.14,21.0,2011-10-06
Punjab,Mansa,Acute Diarrhoeal Disease,2018,17,460.0,0.0,29.8769971,75.48898661,0.01229185383,310.1766666,3.0,2018-04-24
Punjab,Moga,Acute Diarrhoeal Disease,2009,32,20.0,0.0,30.7839866,75.16057423,0.1057811037,301.228,18.0,2009-08-06
Punjab,Moga,Acute Diarrhoeal Disease,2011,36,11.0,0.0,30.7839866,75.16057423,0.3475274223,300.76,,2011-09-05
Punjab,Moga,Acute Diarrhoeal Disease,2011,37,15.0,0.0,30.7839866,75.16057423,0.8335160261,299.35,24.0,2011-09-18
Punjab,Moga,Acute Diarrhoeal Disease,2018,28,7.0,0.0,30.7839866,75.16057423,0.3783828603,304.27500000000003,7.0,2018-07-14
Punjab,Moga,Acute Diarrhoeal Disease,2019,27,13.0,0.0,30.7839866,75.16057423,0.0654870152,308.964,3.0,2019-07-01
Punjab,Moga,Acute Diarrhoeal Disease,2020,5,68.0,0.0,30.7839866,75.16057423,0.1776788307,289.6733334,,2020-02-01
Punjab,Moga,Cholera,2012,40,109.0,1.0,30.7839866,75.16057423,0.000561599295,303.91,,2012-10-07
Punjab,Moga,Cholera,2014,44,13.0,0.0,30.7839866,75.16057423,0.0447774158,301.81,6.0,2014-10-30
Punjab,Moga,Cholera,2016,29,326.0,0.0,30.7839866,75.16057423,0.1628037717,302.7066666,16.0,2016-07-24
Punjab,Moga,Cholera,2017,27,21.0,0.0,30.7839866,75.16057423,0.131497755,302.03200000000004,5.0,2017-07-06
Punjab,Mohali,Acute Diarrhoeal Disease,2009,25,73.0,0.0,30.7041168,76.7176885,0.01191979222,312.9233334,5.0,2009-06-21
Punjab,Mohali,Cholera,2009,25,412.0,0.0,30.7041168,76.7176885,0.01251929838,314.3433334,5.0,2009-06-16
Punjab,Mohali,Cholera,2013,35,46.0,0.0,30.7041168,76.7176885,0.1379093667,300.9966666,,2013-08-29
Punjab,Muktsar,Acute Diarrhoeal Disease,2016,33,15.0,0.0,30.4692,74.5182,0.1496760657,301.644,23.0,2016-08-15
Punjab,Muktsar,Acute Diarrhoeal Disease,2019,26,12.0,0.0,30.4692,74.5182,0.09348640128,308.936,,2019-06-26
Punjab,Nawanshahr,Acute Diarrhoeal Disease,2020,23,37.0,0.0,31.1268889,76.15768481,0.3439373856,306.935,10.0,2020-06-04
Punjab,Patiala,Acute Diarrhoeal Disease,2012,21,30.0,0.0,30.2090874,76.33987209,0.003398637663,315.1866666,3.0,2012-05-26
Punjab,Patiala,Acute Diarrhoeal Disease,2012,33,18.0,0.0,30.2090874,76.33987209,0.4128820429,301.548,,2012-08-19
Punjab,Patiala,Acute Diarrhoeal Disease,2013,27,12.0,0.0,30.2090874,76.33987209,0.2895728397,305.595,5.0,2013-07-07
Punjab,Patiala,Acute Diarrhoeal Disease,2016,32,28.0,0.0,30.2090874,76.33987209,0.6933094487,302.6266666,20.0,2016-08-09
Punjab,Patiala,Acute Diarrhoeal Disease,2017,19,22.0,0.0,30.2090874,76.33987209,0.01948679743,311.54400000000004,,2017-05-08
Punjab,Patiala,Acute Diarrhoeal Disease,2018,30,71.0,0.0,30.2090874,76.33987209,1.170283469,,10.0,2018-07-24
Punjab,Patiala,Acute Diarrhoeal Disease,2018,38,19.0,0.0,30.2090874,76.33987209,0.003788368621,301.24333340000004,,2018-09-21
Punjab,Patiala,Acute Diarrhoeal Disease,2021,3,41.0,0.0,30.2090874,76.33987209,0.002698492666,291.34000000000003,16.0,2021-01-18
Punjab,Patiala,Acute Diarrhoeal Disease,2021,26,20.0,1.0,30.2090874,76.33987209,0.02640826338,306.4133334,4.0,2021-06-29
Punjab,Patiala,Acute Diarrhoeal Disease,2021,44,49.0,0.0,30.2090874,76.33987209,0.002883805667,299.76,4.0,2021-11-04
Punjab,Patiala,Acute Diarrhoeal Disease,2022,15,218.0,2.0,30.2090874,76.33987209,0.0004382394791,311.5233334,5.0,2022-04-11
Punjab,Patiala,Acute Diarrhoeal Disease,2022,24,283.0,0.0,30.2090874,76.33987209,0.01315846829,312.0266666,3.0,2022-06-15
Punjab,Patiala,Cholera,2012,30,35.0,0.0,30.2090874,76.33987209,0.1044610004,303.21500000000003,11.0,2012-07-23
Punjab,Patiala,Cholera,2012,36,17.0,1.0,30.2090874,76.33987209,0.3715674042,296.752,,2012-09-04
Punjab,Patiala,Cholera,2014,30,28.0,0.0,30.2090874,76.33987209,0.1538627421,304.29,,2014-07-27
Punjab,Patiala,Cholera,2016,23,480.0,2.0,30.2090874,76.33987209,0.02500362103,314.3266666,3.0,2016-06-06
Punjab,Patiala,Cholera,2019,24,141.0,2.0,30.2090874,76.33987209,0.02437384092,315.21,3.0,2019-06-16
Punjab,Patiala,Malaria,2011,35,5.0,3.0,30.2090874,76.33987209,0.5662339261,302.34000000000003,28.0,2011-08-30
Punjab,Roopnagar,Acute Diarrhoeal Disease,2009,33,94.0,0.0,30.9688367,76.526088,0.1790536523,299.6533334,,2009-08-12
Punjab,Roopnagar,Acute Diarrhoeal Disease,2016,12,42.0,0.0,30.9688367,76.526088,0.01270124195,299.18333340000004,12.0,2016-03-26
Punjab,Roopnagar,Acute Diarrhoeal Disease,2018,3,37.0,0.0,30.9688367,76.526088,6.4e-05,291.2933334,12.0,2018-01-21
Punjab,Rupnagar,Acute Diarrhoeal Disease,2012,23,24.0,1.0,31.09168085,76.52726739,0.04968281096,312.895,,2012-06-09
Punjab,Rupnagar,Acute Diarrhoeal Disease,2016,28,70.0,0.0,31.09168085,76.52726739,0.1248681535,302.93,,2016-07-11
Punjab,Rupnagar,Acute Diarrhoeal Disease,2017,15,25.0,0.0,31.09168085,76.52726739,0.1987305729,301.6333334,11.0,2017-04-12
Punjab,Rupnagar,Acute Diarrhoeal Disease,2017,25,61.0,0.0,31.09168085,76.52726739,0.6116129531,306.6,12.0,2017-06-24
Punjab,S.A.S Nagar,Acute Diarrhoeal Disease,2010,28,100.0,0.0,30.7041168,76.7176885,0.4547184123,301.505,10.0,2010-07-16
Punjab,S.A.S Nagar,Acute Diarrhoeal Disease,2012,21,133.0,0.0,30.7041168,76.7176885,0.00313175938,310.8166666,5.0,2012-05-22
Punjab,S.A.S Nagar,Acute Diarrhoeal Disease,2012,24,173.0,0.0,30.7041168,76.7176885,0.01710492682,314.172,5.0,2012-06-11
Punjab,S.A.S Nagar,Acute Diarrhoeal Disease,2015,17,40.0,0.0,30.7041168,76.7176885,0.06508126192,303.476,,2015-04-22
Punjab,S.A.S Nagar,Acute Diarrhoeal Disease,2015,42,18.0,1.0,30.7041168,76.7176885,0.01927856949,302.93,13.0,2015-10-14
Punjab,S.A.S Nagar,Acute Diarrhoeal Disease,2018,27,18.0,0.0,30.7041168,76.7176885,0.4432133977,302.77,9.0,2018-07-05
Punjab,S.A.S Nagar,Acute Diarrhoeal Disease,2018,52,12.0,0.0,30.7041168,76.7176885,7.52e-05,290.5233334,12.0,2018-12-25
Punjab,S.A.S Nagar,Acute Diarrhoeal Disease,2019,7,8.0,0.0,30.7041168,76.7176885,0.7055489849,290.188,12.0,2019-02-12
Punjab,S.A.S Nagar,Acute Diarrhoeal Disease,2019,16,18.0,0.0,30.7041168,76.7176885,0.3997254864,306.5466666,8.0,2019-04-18
Punjab,S.A.S Nagar,Acute Diarrhoeal Disease,2019,30,24.0,0.0,30.7041168,76.7176885,0.2836651093,304.1333334,14.0,2019-07-24
Punjab,S.A.S Nagar,Acute Diarrhoeal Disease,2019,31,10.0,0.0,30.7041168,76.7176885,0.7007146467,303.85,14.0,2019-08-03
Punjab,S.A.S Nagar,Acute Diarrhoeal Disease,2019,39,129.0,0.0,30.7041168,76.7176885,0.2011654714,300.184,22.0,2019-09-28
Punjab,S.A.S Nagar,Acute Diarrhoeal Disease,2019,40,129.0,0.0,30.7041168,76.7176885,0.7506370687,299.225,16.0,2019-10-03
Punjab,S.A.S Nagar,Acute Diarrhoeal Disease,2019,42,14.0,0.0,30.7041168,76.7176885,0.01480053379,302.2333334,16.0,2019-10-14
Punjab,S.A.S Nagar,Acute Diarrhoeal Disease,2021,36,138.0,0.0,30.7041168,76.7176885,0.230550585,303.05,,2021-09-06
Punjab,S.A.S Nagar,Acute Diarrhoeal Disease,2021,40,15.0,0.0,30.7041168,76.7176885,0.04597623432,302.2866666,15.0,2021-10-10
Punjab,S.A.S Nagar,Acute Diarrhoeal Disease,2021,41,26.0,0.0,30.7041168,76.7176885,0.0002589841601,305.0,13.0,2021-10-17
Punjab,S.A.S Nagar,Acute Diarrhoeal Disease,2022,17,113.0,0.0,30.7041168,76.7176885,0.00900936075,309.4233334,6.0,2022-04-25
Punjab,S.A.S Nagar,Acute Diarrhoeal Disease,2022,19,18.0,0.0,30.7041168,76.7176885,0.03361474363,307.8933334,7.0,2022-05-11
Punjab,S.A.S Nagar,Cholera,2012,21,15.0,0.0,30.7041168,76.7176885,0.00313175938,310.8166666,5.0,2012-05-22
Punjab,S.A.S Nagar,Cholera,2012,27,7.0,0.0,30.7041168,76.7176885,0.1163993226,311.04,4.0,2012-07-04
Punjab,S.A.S Nagar,Cholera,2017,3,103.0,0.0,30.7041168,76.7176885,0.1335549893,286.992,11.0,2017-01-19
Punjab,S.A.S Nagar,Cholera,2017,9,135.0,0.0,30.7041168,76.7176885,0.006693405674,296.8766666,16.0,2017-03-01
Punjab,S.A.S Nagar,Cholera,2018,35,15.0,1.0,30.7041168,76.7176885,0.2640002865,299.876,18.0,2018-08-27
Punjab,Sahibzada Ajit Singh Nagar,Acute Diarrhoeal Disease,2021,23,342.0,0.0,30.7041168,76.7176885,0.1349510589,307.21,,2021-06-09
Punjab,Sangrur,Acute Diarrhoeal Disease,2009,30,15.0,0.0,30.2093363,75.81842243,0.1600339974,304.81333340000003,,2009-07-20
Punjab,Sangrur,Acute Diarrhoeal Disease,2021,29,20.0,0.0,30.2093363,75.81842243,1.065992561,299.98,19.0,2021-07-24
Punjab,Sangrur,Acute Diarrhoeal Disease,2021,32,68.0,0.0,30.2093363,75.81842243,0.05516396388,300.0433334,,2021-08-13
Punjab,Sangrur,Acute Diarrhoeal Disease,2021,38,14.0,0.0,30.2093363,75.81842243,1.002353163,299.8066666,33.0,2021-09-24
Punjab,Sangrur,Cholera,2014,39,94.0,0.0,30.2093363,75.81842243,0.01133081453,302.30333340000004,20.0,2014-09-23
Punjab,Sangrur,Cholera,2017,28,124.0,0.0,30.2093363,75.81842243,0.2316729127,300.82,,2017-07-12
Punjab,Sbs Nagar,Acute Diarrhoeal Disease,2021,45,73.0,0.0,30.8260412,75.1989654,0.0007596994465,301.37333340000004,,2021-11-09
Punjab,Shahid Bhagat Singh Nagar,Acute Diarrhoeal Disease,2013,33,15.0,0.0,31.1239515,76.1201871,0.9829391138,299.87333340000004,20.0,2013-08-18
Punjab,Shahid Bhagat Singh Nagar,Acute Diarrhoeal Disease,2015,3,45.0,0.0,31.1239515,76.1201871,0.1243184449,286.27,10.0,2015-01-15
Punjab,Shahid Bhagat Singh Nagar,Acute Diarrhoeal Disease,2021,18,19.0,0.0,31.1239515,76.1201871,0.2613503669,307.13,,2021-05-08
Punjab,Shahid Bhagat Singh Nagar,Acute Diarrhoeal Disease,2021,39,25.0,0.0,31.1239515,76.1201871,0.06016452786,301.12,23.0,2021-10-01
Punjab,Sri Muktsar Sahib,Dengue,2011,21,26.0,0.0,30.4692,74.5182,0.1699077818,315.1,2.0,2011-05-23
Rajasthan,Ajmer,Acute Diarrhoeal Disease,2010,31,48.0,0.0,26.4691,74.639,0.8916603858,299.7,,2010-08-05
Rajasthan,Ajmer,Dengue,2016,14,105.0,0.0,26.4691,74.639,0.0001033584209,313.824,,2016-04-05
Rajasthan,Ajmer,Dengue & Chikungunya,2016,14,105.0,0.0,26.4691,74.639,0.0001033584209,313.824,,2016-04-05
Rajasthan,Alwar,Acute Diarrhoeal Disease,2009,32,141.0,0.0,27.5,76.5,0.003631386624,305.5366666,12.0,2009-08-06
Rajasthan,Alwar,Acute Diarrhoeal Disease,2009,53,48.0,0.0,27.5,76.5,0.0001994088449,295.4966666,7.0,2009-12-30
Rajasthan,Alwar,Acute Diarrhoeal Disease,2010,20,25.0,0.0,27.5,76.5,4.88e-05,319.28000000000003,3.0,2010-05-21
Rajasthan,Alwar,Acute Diarrhoeal Disease,2012,13,39.0,0.0,27.5,76.5,0.001286355149,307.09000000000003,5.0,2012-03-31
Rajasthan,Alwar,Acute Diarrhoeal Disease,2013,50,46.0,0.0,27.5,76.5,7.72e-05,299.5466666,,2013-12-10
Rajasthan,Alwar,Acute Diarrhoeal Disease,2015,19,25.0,0.0,27.5,76.5,0.0007119202353,314.75,5.0,2015-05-05
Rajasthan,Alwar,Acute Diarrhoeal Disease,2015,48,39.0,0.0,27.5,76.5,0.0003933674654,302.29200000000003,4.0,2015-11-27
Rajasthan,Alwar,Acute Diarrhoeal Disease,2018,41,107.0,0.0,27.5,76.5,0.03519232221,307.8066666,10.0,2018-10-11
Rajasthan,Alwar,Chikungunya,2016,34,220.0,0.0,27.5,76.5,0.4360500959,299.38,13.0,2016-08-24
Rajasthan,Alwar,Chikungunya,2016,36,122.0,0.0,27.5,76.5,0.5693385276,300.985,,2016-09-05
Rajasthan,Alwar,Cholera,2011,27,99.0,0.0,27.5,76.5,0.09057020661,307.6866666,9.0,2011-07-08
Rajasthan,Alwar,Cholera,2011,31,112.0,1.0,27.5,76.5,0.6604013132,302.08,,2011-08-04
Rajasthan,Alwar,Dengue,2015,34,55.0,1.0,27.5,76.5,0.3633527266,302.87,19.0,2015-08-18
Rajasthan,Alwar,Dengue,2016,16,35.0,0.0,27.5,76.5,3.63e-05,317.11,,2016-04-21
Rajasthan,Alwar,Dengue,2019,43,37.0,0.0,27.5,76.5,0.01078684374,304.704,8.0,2019-10-25
Rajasthan,Alwar,Dengue,2019,44,60.0,0.0,27.5,76.5,3e-05,305.435,,2019-11-01
Rajasthan,Alwar,Dengue & Chikungunya,2016,34,115.0,0.0,27.5,76.5,0.4360500959,299.38,13.0,2016-08-24
Rajasthan,Banswara,Acute Diarrhoeal Disease,2009,27,60.0,0.0,23.4929453,74.34983641,0.2818631478,311.40000000000003,,2009-07-04
Rajasthan,Banswara,Acute Diarrhoeal Disease,2012,33,125.0,0.0,23.4929453,74.34983641,5.292548855,,4.0,2012-08-17
Rajasthan,Banswara,Acute Diarrhoeal Disease,2015,22,24.0,0.0,23.4929453,74.34983641,0.0004038102313,316.5133334,4.0,2015-05-28
Rajasthan,Banswara,Acute Diarrhoeal Disease,2016,15,23.0,0.0,23.4929453,74.34983641,0.0001459912797,317.79,4.0,2016-04-11
Rajasthan,Banswara,Acute Diarrhoeal Disease,2016,17,22.0,0.0,23.4929453,74.34983641,0.0001052297926,320.48400000000004,,2016-04-30
Rajasthan,Banswara,Acute Diarrhoeal Disease,2016,18,32.0,0.0,23.4929453,74.34983641,0.06217404038,319.1,4.0,2016-05-06
Rajasthan,Banswara,Acute Diarrhoeal Disease,2016,31,9.0,2.0,23.4929453,74.34983641,1.74784395,,1.0,2016-08-01
Rajasthan,Banswara,Acute Diarrhoeal Disease,2017,11,100.0,0.0,23.4929453,74.34983641,7.63e-05,311.0666666,6.0,2017-03-19
Rajasthan,Banswara,Acute Diarrhoeal Disease,2017,17,29.0,0.0,23.4929453,74.34983641,0.003079595399,314.696,4.0,2017-04-26
Rajasthan,Banswara,Acute Diarrhoeal Disease,2017,32,8.0,4.0,23.4929453,74.34983641,0.1941433319,299.7,10.0,2017-08-08
Rajasthan,Banswara,Acute Diarrhoeal Disease,2018,16,52.0,0.0,23.4929453,74.34983641,0.0003921304463,319.5233334,4.0,2018-04-20
Rajasthan,Banwara,Dengue,2009,41,4.0,1.0,26.3843347,75.6883764,0.1752200023,305.31,5.0,2009-10-10
Rajasthan,Baran,Acute Diarrhoeal Disease,2010,27,156.0,1.0,24.91765715,76.69627663,0.3150708961,307.5066666,,2010-07-11
Rajasthan,Baran,Acute Diarrhoeal Disease,2016,28,115.0,0.0,24.91765715,76.69627663,1.755146246,,3.0,2016-07-17
Rajasthan,Baran,Acute Diarrhoeal Disease,2016,29,17.0,0.0,24.91765715,76.69627663,1.117562257,300.64,9.0,2016-07-21
Rajasthan,Baran,Acute Diarrhoeal Disease,2016,32,203.0,0.0,24.91765715,76.69627663,2.077713052,278.18,11.0,2016-08-12
Rajasthan,Baran,Acute Diarrhoeal Disease,2017,28,97.0,0.0,24.91765715,76.69627663,0.01665119009,310.815,,2017-07-11
Rajasthan,Baran,Acute Diarrhoeal Disease,2019,28,59.0,0.0,24.91765715,76.69627663,1.833841153,308.0,4.0,2019-07-08
Rajasthan,Baran,Acute Diarrhoeal Disease,2019,30,61.0,0.0,24.91765715,76.69627663,0.1892438961,313.0666666,9.0,2019-07-25
Rajasthan,Baran,Acute Diarrhoeal Disease,2019,34,18.0,0.0,24.91765715,76.69627663,5.235716489,,11.0,2019-08-19
Rajasthan,Baran,Acute Diarrhoeal Disease,2019,35,48.0,0.0,24.91765715,76.69627663,0.5178652166,300.3466666,14.0,2019-08-26
Rajasthan,Baran,Cholera,2015,34,55.0,0.0,24.91765715,76.69627663,0.9772307996,,,2015-08-20
Rajasthan,Baran,Cholera,2016,31,110.0,0.0,24.91765715,76.69627663,1.636506771,,6.0,2016-08-02
Rajasthan,Baran,Dengue,2015,20,202.0,1.0,24.91765715,76.69627663,0.004020620418,322.0133334,4.0,2015-05-14
Rajasthan,Baran,Dengue,2015,33,32.0,0.0,24.91765715,76.69627663,1.037230616,299.98,7.0,2015-08-10
Rajasthan,Barmer,Acute Diarrhoeal Disease,2009,32,30.0,0.0,25.5819034,71.61966243,0.09526770837,300.6,2.0,2009-08-03
Rajasthan,Barmer,Acute Diarrhoeal Disease,2009,45,14.0,0.0,25.5819034,71.61966243,4.52e-05,317.43333340000004,2.0,2009-11-02
Rajasthan,Barmer,Acute Diarrhoeal Disease,2010,23,25.0,0.0,25.5819034,71.61966243,0.11225955299000001,311.771,1.0,2010-06-07
Rajasthan,Barmer,Chikungunya,2011,17,18.0,0.0,25.5819034,71.61966243,3.48e-05,326.5066666,2.0,2011-04-27
Rajasthan,Barmer,Dengue,2016,14,40.0,0.0,25.5819034,71.61966243,0.0002168356472,317.0966666,2.0,2016-04-08
Rajasthan,Barmer,Malaria,2010,36,63.0,0.0,25.5819034,71.61966243,0.8041934578,310.6533334,5.0,2010-09-11
Rajasthan,Bharatpur,Acute Diarrhoeal Disease,2012,36,17.0,0.0,27.26521245,77.36912555,0.3723711919,302.08,,2012-09-04
Rajasthan,Bharatpur,Cholera,2016,25,14.0,0.0,27.26521245,77.36912555,0.1416317695,310.36,3.0,2016-06-20
Rajasthan,Bharatpur,Dengue,2011,41,17.0,0.0,27.26521245,77.36912555,0.0006525899866,312.53000000000003,5.0,2011-10-14
Rajasthan,Bharatpur,Dengue,2016,15,64.0,0.0,27.26521245,77.36912555,6.65e-05,317.19333340000003,3.0,2016-04-17
Rajasthan,Bharatpur,Malaria,2011,37,25.0,0.0,27.26521245,77.36912555,0.5832599148,301.5866666,,2011-09-13
Rajasthan,Bhilwara,Acute Diarrhoeal Disease,2010,31,45.0,0.0,25.48877345,74.69961284,0.8081269306,,4.0,2010-08-03
Rajasthan,Bhilwara,Acute Diarrhoeal Disease,2010,33,84.0,0.0,25.48877345,74.69961284,0.8725865765,304.02,11.0,2010-08-18
Rajasthan,Bhilwara,Acute Diarrhoeal Disease,2013,21,70.0,0.0,25.48877345,74.69961284,2.45e-05,322.48,3.0,2013-05-21
Rajasthan,Bhilwara,Acute Diarrhoeal Disease,2013,27,36.0,0.0,25.48877345,74.69961284,0.02729033978,310.9066666,5.0,2013-07-02
Rajasthan,Bhilwara,Acute Diarrhoeal Disease,2015,16,21.0,0.0,25.48877345,74.69961284,0.1198008524,310.5333334,5.0,2015-04-16
Rajasthan,Bhilwara,Acute Diarrhoeal Disease,2015,25,155.0,0.0,25.48877345,74.69961284,0.03417028815,311.8566666,5.0,2015-06-19
Rajasthan,Bhilwara,Acute Diarrhoeal Disease,2016,31,102.0,0.0,25.48877345,74.69961284,1.655531389,301.36,10.0,2016-08-02
Rajasthan,Bhilwara,Acute Diarrhoeal Disease,2022,23,160.0,0.0,25.48877345,74.69961284,5.06e-05,316.99333340000004,3.0,2022-06-08
Rajasthan,Bikaner,Acute Diarrhoeal Disease,2010,26,245.0,0.0,28.0159286,73.3171367,0.001686712518,313.644,2.0,2010-07-02
Rajasthan,Bikaner,Acute Diarrhoeal Disease,2011,31,5.0,1.0,28.0159286,73.3171367,0.1834897667,320.2133334,3.0,2011-08-01
Rajasthan,Bikaner,Acute Diarrhoeal Disease,2012,15,19.0,0.0,28.0159286,73.3171367,0.007015052341,322.9833334,2.0,2012-04-11
Rajasthan,Bikaner,Acute Diarrhoeal Disease,2012,19,118.0,0.0,28.0159286,73.3171367,0.0004966244418,321.4733334,,2012-05-07
Rajasthan,Bikaner,Acute Diarrhoeal Disease,2012,20,14.0,1.0,28.0159286,73.3171367,0.0611315944,314.1266666,2.0,2012-05-19
Rajasthan,Bikaner,Acute Diarrhoeal Disease,2014,27,17.0,0.0,28.0159286,73.3171367,0.001665963028,308.056,2.0,2014-07-05
Rajasthan,Bikaner,Acute Diarrhoeal Disease,2014,28,169.0,0.0,28.0159286,73.3171367,0.00065881405,320.9866666,2.0,2014-07-13
Rajasthan,Bikaner,Acute Diarrhoeal Disease,2014,49,17.0,0.0,28.0159286,73.3171367,4.16e-05,309.6766666,2.0,2014-12-04
Rajasthan,Bikaner,Acute Diarrhoeal Disease,2016,16,22.0,0.0,28.0159286,73.3171367,0.001066446264,317.61333340000004,2.0,2016-04-19
Rajasthan,Bikaner,Acute Diarrhoeal Disease,2022,19,27.0,0.0,28.0159286,73.3171367,8.15e-05,321.53000000000003,2.0,2022-05-12
Rajasthan,Bikaner,Chikungunya,2010,44,3131.0,0.0,28.0159286,73.3171367,0.003356386358,311.04,,2010-11-01
Rajasthan,Bikaner,Chikungunya,2010,47,8.0,0.0,28.0159286,73.3171367,0.01683520048,307.832,2.0,2010-11-23
Rajasthan,Bikaner,Dengue,2018,41,9.0,0.0,28.0159286,73.3171367,7.49e-05,317.8066666,5.0,2018-10-10
Rajasthan,Bikaner,Malaria,2010,33,587.0,1.0,28.0159286,73.3171367,0.3663975061,313.37333340000004,,2010-08-21
Rajasthan,Bikaner,Malaria,2010,34,296.0,2.0,28.0159286,73.3171367,0.008965249238,313.4366666,,2010-08-28
Rajasthan,Bikaner,Malaria,2011,32,152.0,0.0,28.0159286,73.3171367,0.03397795086,318.6866666,3.0,2011-08-08
Rajasthan,Bikaner,Malaria,2012,40,103.0,1.0,28.0159286,73.3171367,8.15e-05,318.94333340000003,7.0,2012-10-05
Rajasthan,Bundi,Acute Diarrhoeal Disease,2013,23,80.0,0.0,25.5,75.833333,0.0009695734422,319.7033334,3.0,2013-06-03
Rajasthan,Chittorgarh,Acute Diarrhoeal Disease,2009,29,46.0,0.0,24.71779695,74.47210311,1.393162419,306.18,5.0,2009-07-15
Rajasthan,Chittorgarh,Acute Diarrhoeal Disease,2013,25,17.0,0.0,24.71779695,74.47210311,1.278073595,308.03000000000003,6.0,2013-06-22
Rajasthan,Churu,Acute Diarrhoeal Disease,2009,28,107.0,0.0,28.2061443,74.6919073,0.006273636726,317.2866666,3.0,2009-07-10
Rajasthan,Churu,Acute Diarrhoeal Disease,2017,20,30.0,0.0,28.2061443,74.6919073,0.02531387093,319.168,2.0,2017-05-21
Rajasthan,Dausa,Acute Diarrhoeal Disease,2011,9,29.0,0.0,26.80486585,76.4437457,0.01178702713,297.58,12.0,2011-03-02
Rajasthan,Dausa,Acute Diarrhoeal Disease,2016,22,14.0,0.0,26.80486585,76.4437457,0.008378110078,319.576,3.0,2016-06-04
Rajasthan,Dausa,Acute Diarrhoeal Disease,2016,38,39.0,0.0,26.80486585,76.4437457,0.02681781732,306.81333340000003,10.0,2016-09-25
Rajasthan,Dholpur,Acute Diarrhoeal Disease,2011,26,113.0,4.0,26.7010642,77.896749,0.7531481687,295.95,6.0,2011-07-02
Rajasthan,Dholpur,Acute Diarrhoeal Disease,2016,20,26.0,0.0,26.7010642,77.896749,0.03467914434,316.7,3.0,2016-05-17
Rajasthan,Dholpur,Acute Diarrhoeal Disease,2018,27,28.0,0.0,26.7010642,77.896749,0.0557844815,312.46,4.0,2018-07-06
Rajasthan,Dholpur,Dengue,2010,36,15.0,0.0,26.7010642,77.896749,0.9064866299,302.58,10.0,2010-09-08
Rajasthan,Dholpur,Dengue,2010,45,5.0,0.0,26.7010642,77.896749,0.0001038365434,305.2966666,,2010-11-09
Rajasthan,Dholpur,Malaria,2010,34,79.0,3.0,26.7010642,77.896749,0.6512077973,287.93333340000004,10.0,2010-08-26
Rajasthan,Dungarpur,Acute Diarrhoeal Disease,2012,14,322.0,0.0,23.666667,73.75,9.65e-05,317.0133334,5.0,2012-04-04
Rajasthan,Dungarpur,Acute Diarrhoeal Disease,2014,18,20.0,0.0,23.666667,73.75,0.0003565337076,320.828,5.0,2014-05-02
Rajasthan,Dungarpur,Acute Diarrhoeal Disease,2015,40,52.0,0.0,23.666667,73.75,0.003910761975,304.6033334,16.0,2015-10-02
Rajasthan,Dungarpur,Acute Diarrhoeal Disease,2016,21,11.0,0.0,23.666667,73.75,0.0002796120097,317.952,,2016-05-24
Rajasthan,Dungarpur,Acute Diarrhoeal Disease,2016,28,14.0,0.0,23.666667,73.75,1.681400847,304.8,4.0,2016-07-13
Rajasthan,Dungarpur,Acute Diarrhoeal Disease,2016,30,34.0,1.0,23.666667,73.75,0.9021193803,,3.0,2016-07-31
Rajasthan,Dungarpur,Acute Diarrhoeal Disease,2016,32,25.0,1.0,23.666667,73.75,2.146028616,,,2016-08-11
Rajasthan,Dungarpur,Acute Diarrhoeal Disease,2017,29,10.0,0.0,23.666667,73.75,0.643086119,283.3,6.0,2017-07-18
Rajasthan,Dungarpur,Acute Diarrhoeal Disease,2017,42,191.0,0.0,23.666667,73.75,4.77e-05,308.4066666,11.0,2017-10-21
Rajasthan,Dungarpur,Acute Diarrhoeal Disease,2018,22,10.0,1.0,23.666667,73.75,0.0001177763051,319.01,4.0,2018-05-28
Rajasthan,Dungarpur,Malaria,2010,21,41.0,0.0,23.666667,73.75,0.0003296468491,314.1,3.0,2010-05-30
Rajasthan,Ganganagar,Acute Diarrhoeal Disease,2012,19,16.0,1.0,29.9049489,73.87929341,0.000709490789,316.016,,2012-05-07
Rajasthan,Ganganagar,Acute Diarrhoeal Disease,2015,32,21.0,0.0,29.9049489,73.87929341,0.8532648468,303.31,12.0,2015-08-06
Rajasthan,Ganganagar,Chikungunya,2016,43,15.0,0.0,29.9049489,73.87929341,3.58e-05,307.15000000000003,5.0,2016-10-28
Rajasthan,Ganganagar,Dengue,2018,41,126.0,4.0,29.9049489,73.87929341,0.04742286749,305.8666666,7.0,2018-10-11
Rajasthan,Hanumangarh,Acute Diarrhoeal Disease,2015,24,30.0,0.0,29.5760254,74.3342203,0.07898035984,313.3333334,3.0,2015-06-14
Rajasthan,Hanumangarh,Acute Diarrhoeal Disease,2016,21,52.0,0.0,29.5760254,74.3342203,0.0438418807,310.18,2.0,2016-05-29
Rajasthan,Hanumangarh,Dengue,2016,40,130.0,0.0,29.5760254,74.3342203,0.03387866188,306.825,13.0,2016-10-05
Rajasthan,Hanumangarh,Malaria,2009,25,43.0,0.0,29.5760254,74.3342203,0.101884322,313.084,,2009-06-17
Rajasthan,Jaipur,Acute Diarrhoeal Disease,2009,25,152.0,0.0,26.9154576,75.8189817,0.04719422384,313.7833334,3.0,2009-06-19
Rajasthan,Jaipur,Acute Diarrhoeal Disease,2009,30,74.0,0.0,26.9154576,75.8189817,0.3724615067,302.7,6.0,2009-07-24
Rajasthan,Jaipur,Acute Diarrhoeal Disease,2009,31,15.0,1.0,26.9154576,75.8189817,0.1247924551,303.63,8.0,2009-07-31
Rajasthan,Jaipur,Acute Diarrhoeal Disease,2010,25,20.0,0.0,26.9154576,75.8189817,0.006955662528,318.98,3.0,2010-06-22
Rajasthan,Jaipur,Acute Diarrhoeal Disease,2010,32,190.0,0.0,26.9154576,75.8189817,0.4362499848,305.94,9.0,2010-08-15
Rajasthan,Jaipur,Acute Diarrhoeal Disease,2012,14,81.0,0.0,26.9154576,75.8189817,0.001570399189,317.4866666,,2012-04-06
Rajasthan,Jaipur,Acute Diarrhoeal Disease,2016,14,20.0,0.0,26.9154576,75.8189817,0.002137048675,316.6733334,3.0,2016-04-10
Rajasthan,Jaipur,Acute Diarrhoeal Disease,2016,16,19.0,0.0,26.9154576,75.8189817,0.001352346539,317.752,,2016-04-22
Rajasthan,Jaipur,Acute Diarrhoeal Disease,2016,21,29.0,0.0,26.9154576,75.8189817,0.02591271182,312.97,3.0,2016-05-29
Rajasthan,Jaipur,Acute Diarrhoeal Disease,2016,23,16.0,0.0,26.9154576,75.8189817,0.0001260099311,321.16,,2016-06-08
Rajasthan,Jaipur,Acute Diarrhoeal Disease,2019,5,100.0,0.0,26.9154576,75.8189817,0.001989509346,293.448,6.0,2019-01-31
Rajasthan,Jaipur,Chikungunya,2010,12,30.0,0.0,26.9154576,75.8189817,4.38e-05,317.74333340000004,3.0,2010-03-28
Rajasthan,Jaipur,Cholera,2010,28,1750.0,0.0,26.9154576,75.8189817,0.06203419344,310.33,4.0,2010-07-16
Rajasthan,Jaipur,Cholera,2015,51,7.0,0.0,26.9154576,75.8189817,0.0001063621229,300.6433334,5.0,2015-12-14
Rajasthan,Jaipur,Cholera,2016,14,59.0,2.0,26.9154576,75.8189817,5.66e-05,313.31333340000003,3.0,2016-04-04
Rajasthan,Jaipur,Cholera,2016,32,546.0,0.0,26.9154576,75.8189817,0.7369537585,302.0066666,7.0,2016-08-08
Rajasthan,Jaipur,Malaria,2011,19,24.0,0.0,26.9154576,75.8189817,0.0004107214367,318.7466666,3.0,2011-05-12
Rajasthan,Jaisalmer,Acute Diarrhoeal Disease,2009,30,26.0,0.0,27.02801615,70.77850562,0.2065965225,313.75333340000003,1.0,2009-07-24
Rajasthan,Jaisalmer,Malaria,2010,37,1571.0,0.0,27.02801615,70.77850562,0.4775632144,309.81,8.0,2010-09-17
Rajasthan,Jalore,Acute Diarrhoeal Disease,2010,11,26.0,0.0,25.3476006,72.6260916,1.97e-05,322.73,,2010-03-21
Rajasthan,Jhalawar,Acute Diarrhoeal Disease,2016,18,25.0,0.0,24.31255575,76.52279955,0.001442487546,320.5266666,3.0,2016-05-04
Rajasthan,Jhalawar,Acute Diarrhoeal Disease,2016,21,30.0,0.0,24.31255575,76.52279955,0.003241128952,319.808,3.0,2016-05-26
Rajasthan,Jhalawar,Acute Diarrhoeal Disease,2019,29,25.0,0.0,24.31255575,76.52279955,0.02344851527,306.40000000000003,6.0,2019-07-15
Rajasthan,Jhunjhunu,Acute Diarrhoeal Disease,2010,20,110.0,0.0,28.1287995,75.3992581,0.003708860091,318.65000000000003,2.0,2010-05-18
Rajasthan,Jhunjhunu,Acute Diarrhoeal Disease,2013,28,25.0,0.0,28.1287995,75.3992581,0.3915142683,310.6333334,3.0,2013-07-13
Rajasthan,Jhunjhunu,Acute Diarrhoeal Disease,2014,17,40.0,0.0,28.1287995,75.3992581,0.07788692591,314.38,,2014-04-22
Rajasthan,Jhunjhunu,Acute Diarrhoeal Disease,2015,30,46.0,0.0,28.1287995,75.3992581,0.2515313335,308.4466666,6.0,2015-07-23
Rajasthan,Jhunjhunu,Acute Diarrhoeal Disease,2016,17,38.0,0.0,28.1287995,75.3992581,3.25e-05,320.67,2.0,2016-04-25
Rajasthan,Jhunjhunu,Acute Diarrhoeal Disease,2018,36,27.0,0.0,28.1287995,75.3992581,0.0582638765,305.69,,2018-09-06
Rajasthan,Jodhpur,Acute Diarrhoeal Disease,2016,23,24.0,0.0,26.2967719,73.0351433,5.13e-05,326.3,2.0,2016-06-07
Rajasthan,Karauli,Acute Diarrhoeal Disease,2010,29,52.0,0.0,26.51668105,77.05772977,0.3437849542,313.8933334,,2010-07-20
Rajasthan,Karauli,Acute Diarrhoeal Disease,2011,15,10.0,0.0,26.51668105,77.05772977,0.04155761421,309.4633334,,2011-04-14
Rajasthan,Kota,Acute Diarrhoeal Disease,2017,30,34.0,1.0,25.1737019,75.8574194,0.8324153053,313.86,5.0,2017-07-25
Rajasthan,Kota,Acute Diarrhoeal Disease,2017,32,49.0,0.0,25.1737019,75.8574194,0.8194548876,291.7,8.0,2017-08-11
Rajasthan,Kota,Cholera,2016,27,45.0,0.0,25.1737019,75.8574194,0.5350019157,313.52,4.0,2016-07-04
Rajasthan,Kota,Dengue,2012,39,2103.0,2.0,25.1737019,75.8574194,0.00108179291,309.1366666,,2012-09-29
Rajasthan,Kota,Dengue,2015,34,65.0,0.0,25.1737019,75.8574194,0.7833807502,301.8,13.0,2015-08-18
Rajasthan,Kota,Dengue,2016,35,8.0,1.0,25.1737019,75.8574194,0.6350601277,301.7266666,13.0,2016-09-01
Rajasthan,Kotputli,Acute Diarrhoeal Disease,2011,21,10.0,0.0,27.707172,76.1996447,0.07403732303,308.756,3.0,2011-05-28
Rajasthan,Nagaur,Acute Diarrhoeal Disease,2010,28,48.0,0.0,27.0607859,74.17667538,0.0285026515,308.94,2.0,2010-07-16
Rajasthan,Nagaur,Acute Diarrhoeal Disease,2012,25,55.0,0.0,27.0607859,74.17667538,0.0001455379887,313.85,,2012-06-24
Rajasthan,Nagaur,Acute Diarrhoeal Disease,2015,4,285.0,0.0,27.0607859,74.17667538,0.000137535981,301.64,3.0,2015-01-20
Rajasthan,Nagaur,Chikungunya,2015,46,32.0,0.0,27.0607859,74.17667538,0.004505655533,308.3533334,3.0,2015-11-14
Rajasthan,Nagaur,Dengue,2017,40,30.0,0.0,27.0607859,74.17667538,4.4e-05,319.6533334,5.0,2017-10-04
Rajasthan,Nagaur (Rajasthan),Dengue,2016,38,9.0,0.0,27.0607859,74.17667538,5.28e-05,310.9566666,10.0,2016-09-19
Rajasthan,Pali,Acute Diarrhoeal Disease,2009,32,73.0,0.0,25.6040908,73.41560879,0.04027627979,306.24,,2009-08-04
Rajasthan,Pali,Acute Diarrhoeal Disease,2010,25,331.0,0.0,25.6040908,73.41560879,0.001078489207,318.6266666,2.0,2010-06-23
Rajasthan,Pali,Acute Diarrhoeal Disease,2010,28,285.0,0.0,25.6040908,73.41560879,0.08643451456,309.9733334,2.0,2010-07-17
Rajasthan,Pali,Acute Diarrhoeal Disease,2015,11,208.0,0.0,25.6040908,73.41560879,0.00253122573,307.81,,2015-03-13
Rajasthan,Pali,Acute Diarrhoeal Disease,2018,28,130.0,0.0,25.6040908,73.41560879,0.08072211146,310.1266666,,2018-07-12
Rajasthan,Pali,Acute Diarrhoeal Disease,2019,31,15.0,0.0,25.6040908,73.41560879,1.240952559,302.81,5.0,2019-07-31
Rajasthan,Pratapgarh,Acute Diarrhoeal Disease,2015,39,38.0,0.0,24.0333495,74.7801315,0.1531067513,302.34000000000003,16.0,2015-09-27
Rajasthan,Pratapgarh,Acute Diarrhoeal Disease,2015,46,65.0,0.0,24.0333495,74.7801315,6.98e-05,307.6433334,9.0,2015-11-15
Rajasthan,Pratapgarh,Acute Diarrhoeal Disease,2016,20,122.0,0.0,24.0333495,74.7801315,5.74e-05,322.6566666,5.0,2016-05-19
Rajasthan,Pratapgarh,Acute Diarrhoeal Disease,2018,14,91.0,0.0,24.0333495,74.7801315,3.21e-05,318.06333340000003,,2018-04-06
Rajasthan,Pratapgarh,Acute Diarrhoeal Disease,2018,23,7.0,2.0,24.0333495,74.7801315,0.01617544578,311.34000000000003,5.0,2018-06-04
Rajasthan,Pratapgarh,Acute Diarrhoeal Disease,2018,35,114.0,0.0,24.0333495,74.7801315,0.3972550528,296.74,,2018-08-29
Rajasthan,Pratapgarh,Acute Diarrhoeal Disease,2019,28,90.0,0.0,24.0333495,74.7801315,1.640495292,299.62,,2019-07-11
Rajasthan,Pratapgarh,Cholera,2016,30,49.0,0.0,24.0333495,74.7801315,1.027283734,304.27,5.0,2016-07-29
Rajasthan,Pratapgarh,Malaria,2016,38,291.0,0.0,24.0333495,74.7801315,0.02465310712,305.528,,2016-09-20
Rajasthan,Rajsamand,Acute Diarrhoeal Disease,2013,21,76.0,0.0,25.29131615,73.82449247,3.73e-05,322.2833334,,2013-05-25
Rajasthan,Sawai Madhopur,Dengue,2015,41,8.0,0.0,26.22914115,76.30453277,3.84e-05,315.0333334,7.0,2015-10-05
Rajasthan,Sikar,Acute Diarrhoeal Disease,2009,40,25.0,0.0,27.662826,75.02792629,2.15e-06,316.48,5.0,2009-10-02
Rajasthan,Sikar,Acute Diarrhoeal Disease,2009,41,26.0,0.0,27.662826,75.02792629,0.005642522281,312.29200000000003,4.0,2009-10-11
Rajasthan,Sikar,Acute Diarrhoeal Disease,2010,18,17.0,0.0,27.662826,75.02792629,0.003367578049,316.556,3.0,2010-05-06
Rajasthan,Sikar,Acute Diarrhoeal Disease,2010,20,232.0,0.0,27.662826,75.02792629,0.0008460750274,318.3066666,3.0,2010-05-20
Rajasthan,Sikar,Acute Diarrhoeal Disease,2015,35,61.0,0.0,27.662826,75.02792629,0.01534478709,303.59000000000003,15.0,2015-08-27
Rajasthan,Sikar,Acute Diarrhoeal Disease,2017,25,24.0,0.0,27.662826,75.02792629,0.1424104959,310.04400000000004,4.0,2017-06-23
Rajasthan,Sikar,Acute Diarrhoeal Disease,2018,35,10.0,0.0,27.662826,75.02792629,0.2688765832,301.3866666,,2018-08-28
Rajasthan,Sikar,Malaria,2009,40,50.0,4.0,27.662826,75.02792629,5.28e-05,316.92,6.0,2009-09-28
Rajasthan,Sirohi,Acute Diarrhoeal Disease,2010,19,64.0,0.0,24.8114047,72.83002573,3.27e-05,321.1,3.0,2010-05-13
Rajasthan,Sirohi,Acute Diarrhoeal Disease,2018,20,61.0,0.0,24.8114047,72.83002573,5.3e-05,311.5233334,6.0,2018-05-19
Rajasthan,Sri Ganganagar,Dengue,2018,43,190.0,5.0,29.9270556,73.8761519,0.001742356455,306.5,,2018-10-24
Rajasthan,Tonk,Acute Diarrhoeal Disease,2009,31,15.0,1.0,26.12214725,75.66375374,0.111645169,303.98,6.0,2009-07-31
Rajasthan,Tonk,Acute Diarrhoeal Disease,2010,19,100.0,0.0,26.12214725,75.66375374,0.002274422779,315.656,2.0,2010-05-11
Rajasthan,Tonk,Acute Diarrhoeal Disease,2010,23,33.0,0.0,26.12214725,75.66375374,0.06648818451,313.575,,2010-06-09
Rajasthan,Tonk,Acute Diarrhoeal Disease,2010,32,55.0,0.0,26.12214725,75.66375374,0.356582535,303.94,9.0,2010-08-09
Rajasthan,Tonk,Acute Diarrhoeal Disease,2012,21,37.0,0.0,26.12214725,75.66375374,9.88e-05,319.9733334,2.0,2012-05-27
Rajasthan,Tonk,Acute Diarrhoeal Disease,2012,23,35.0,0.0,26.12214725,75.66375374,6.33e-05,316.93,2.0,2012-06-06
Rajasthan,Tonk,Acute Diarrhoeal Disease,2016,20,22.0,0.0,26.12214725,75.66375374,0.0006157854564,322.9733334,3.0,2016-05-21
Rajasthan,Tonk,Cholera,2012,23,35.0,0.0,26.12214725,75.66375374,6.33e-05,316.93,2.0,2012-06-06
Rajasthan,Tonk,Dengue,2012,26,32.0,0.0,26.12214725,75.66375374,2.22e-05,313.97200000000004,2.0,2012-06-27
Rajasthan,Tonk,Dengue,2014,18,24.0,0.0,26.12214725,75.66375374,0.001898254077,320.3833334,3.0,2014-04-28
Rajasthan,Tonk,Malaria,2011,38,7.0,2.0,26.12214725,75.66375374,0.1119576456,303.816,9.0,2011-09-24
Rajasthan,Udaipur,AES,2011,27,1.0,1.0,24.578721,73.6862571,0.2869606311,308.18,5.0,2011-07-07
Rajasthan,Udaipur,AES,2011,30,2.0,0.0,24.578721,73.6862571,0.3773165955,303.49,,2011-07-28
Rajasthan,Udaipur,Acute Diarrhoeal Disease,2009,27,39.0,16.0,24.578721,73.6862571,0.06096480064,313.468,5.0,2009-07-01
Rajasthan,Udaipur,Acute Diarrhoeal Disease,2010,17,22.0,0.0,24.578721,73.6862571,0.03234873621,323.5233334,3.0,2010-04-28
Rajasthan,Udaipur,Acute Diarrhoeal Disease,2010,19,46.0,0.0,24.578721,73.6862571,0.003692868597,322.9233334,3.0,2010-05-12
Rajasthan,Udaipur,Acute Diarrhoeal Disease,2013,10,29.0,0.0,24.578721,73.6862571,5.8e-05,308.66,,2013-03-06
Rajasthan,Udaipur,Acute Diarrhoeal Disease,2013,28,27.0,0.0,24.578721,73.6862571,0.4031838046,,4.0,2013-07-09
Rajasthan,Udaipur,Acute Diarrhoeal Disease,2015,14,133.0,0.0,24.578721,73.6862571,0.0195123703,314.23,5.0,2015-04-03
Rajasthan,Udaipur,Acute Diarrhoeal Disease,2016,29,74.0,1.0,24.578721,73.6862571,0.359408134,298.89,11.0,2016-07-21
Rajasthan,Udaipur,Acute Diarrhoeal Disease,2016,30,6.0,2.0,24.578721,73.6862571,1.089247185,302.94,6.0,2016-07-29
Rajasthan,Udaipur,Acute Diarrhoeal Disease,2017,19,388.0,0.0,24.578721,73.6862571,0.01242968032,318.48,6.0,2017-05-10
Rajasthan,Udaipur,Cholera,2010,30,25.0,0.0,24.578721,73.6862571,0.5481710268,303.29,10.0,2010-07-29
Rajasthan,Udaipur,Cholera,2010,33,90.0,3.0,24.578721,73.6862571,1.34947865,301.81,17.0,2010-08-18
Rajasthan,Udaipur,Cholera,2016,23,77.0,0.0,24.578721,73.6862571,0.0004823618879,323.464,,2016-06-08
Rajasthan,Udaipur,Cholera,2016,35,84.0,7.0,24.578721,73.6862571,0.5920455575,300.76,15.0,2016-08-29
Rajasthan,Udaipur,Malaria,2010,36,21.0,0.0,24.578721,73.6862571,0.6120103759,301.16,7.0,2010-09-08
Rajasthan,Udaipur,Malaria,2011,44,23.0,0.0,24.578721,73.6862571,5.44e-05,306.776,,2011-10-31
Rajasthan,Udaipur,Malaria,2013,27,40.0,2.0,24.578721,73.6862571,0.08766171405,307.14,7.0,2013-07-01
Sikkim,East Sikkim,Acute Diarrhoeal Disease,2013,20,42.0,0.0,27.2799097,88.67466492,0.3717602677,286.9133334,14.0,2013-05-13
Sikkim,East Sikkim,Dengue,2013,34,257.0,1.0,27.2799097,88.67466492,0.9940663089,284.892,21.0,2013-08-22
Sikkim,East Sikkim,Dengue,2018,3,42.0,0.0,27.2799097,88.67466492,0.05691643846,286.2733334,10.0,2018-01-21
Sikkim,Gangtok,Acute Diarrhoeal Disease,2018,37,20.0,0.0,27.3257569,88.69827695,1.996362965,277.8,34.0,2018-09-15
Sikkim,North Sikkim,Acute Diarrhoeal Disease,2014,36,24.0,0.0,27.666667,88.5,0.4646315671,288.98400000000004,,2014-09-06
Sikkim,Singtam,Acute Diarrhoeal Disease,2020,19,71.0,0.0,27.2319975,88.4970841,1.124004168,286.168,,2020-05-07
Sikkim,Singtam,Dengue,2017,40,60.0,0.0,27.2319975,88.4970841,1.200161459,280.68,37.0,2017-10-04
Sikkim,South Sikkim,Dengue,2019,36,92.0,0.0,27.333333,88.416667,1.009580672,286.285,24.0,2019-09-04
Sikkim,West Sikkim,Acute Diarrhoeal Disease,2011,23,16.0,0.0,27.333333,88.25,1.244188423,291.47,,2011-06-10
Sikkim,West Sikkim,Acute Diarrhoeal Disease,2013,11,22.0,0.0,27.333333,88.25,0.7446975529,289.5566666,,2013-03-14
Tamil Nadu,Ariyalur,Acute Diarrhoeal Disease,2018,17,6.0,0.0,11.07603595,79.11745538,0.002088762807,314.408,5.0,2018-04-26
Tamil Nadu,Ariyalur,Acute Diarrhoeal Disease,2018,24,9.0,0.0,11.07603595,79.11745538,0.08966642706,312.53000000000003,7.0,2018-06-12
Tamil Nadu,Ariyalur,Acute Diarrhoeal Disease,2019,15,11.0,0.0,11.07603595,79.11745538,0.01383985113,313.964,,2019-04-14
Tamil Nadu,Ariyalur,Acute Diarrhoeal Disease,2022,12,14.0,0.0,11.07603595,79.11745538,0.003166009915,308.436,8.0,2022-03-24
Tamil Nadu,Ariyalur,Acute Diarrhoeal Disease,2022,17,17.0,0.0,11.07603595,79.11745538,0.03080676776,310.16,8.0,2022-04-28
Tamil Nadu,Ariyalur,Chikungunya,2019,8,15.0,0.0,11.07603595,79.11745538,0.01820628309,307.656,,2019-02-18
Tamil Nadu,Ariyalur,Dengue,2011,50,7.0,0.0,11.07603595,79.11745538,0.09005000891,299.948,12.0,2011-12-15
Tamil Nadu,Ariyalur,Dengue,2018,4,12.0,0.0,11.07603595,79.11745538,0.0003547658254,304.928,10.0,2018-01-27
Tamil Nadu,Ariyalur,Dengue,2021,40,17.0,0.0,11.07603595,79.11745538,0.826018148,308.38,9.0,2021-10-06
Tamil Nadu,Ariyalur,Dengue,2022,5,6.0,0.0,11.07603595,79.11745538,0.01250872941,303.384,10.0,2022-02-05
Tamil Nadu,Ariyalur,PUO,2022,5,15.0,0.0,11.07603595,79.11745538,0.08308958667,300.355,10.0,2022-01-31
Tamil Nadu,Ariyalur (Perambalur),Chikungunya,2009,26,40.0,0.0,11.1489062,79.0686377,0.09155758183,313.58,,2009-06-25
Tamil Nadu,Coimbatore,Acute Diarrhoeal Disease,2011,23,66.0,0.0,11.0600516,77.0679581,1.029452637,308.40000000000003,7.0,2011-06-06
Tamil Nadu,Coimbatore,Acute Diarrhoeal Disease,2011,34,20.0,0.0,11.0600516,77.0679581,1.285018479,308.7,7.0,2011-08-23
Tamil Nadu,Coimbatore,Acute Diarrhoeal Disease,2014,25,44.0,0.0,11.0600516,77.0679581,0.05156634007,310.7666666,9.0,2014-06-16
Tamil Nadu,Coimbatore,Acute Diarrhoeal Disease,2014,26,17.0,0.0,11.0600516,77.0679581,0.09180670404,309.07,6.0,2014-06-24
Tamil Nadu,Coimbatore,Acute Diarrhoeal Disease,2014,28,15.0,0.0,11.0600516,77.0679581,0.5002897111,311.04,6.0,2014-07-13
Tamil Nadu,Coimbatore,Chikungunya,2009,48,47.0,0.0,11.0600516,77.0679581,0.2932651034,301.54,9.0,2009-11-23
Tamil Nadu,Coimbatore,Chikungunya,2011,35,10.0,0.0,11.0600516,77.0679581,1.372625489,304.18,7.0,2011-09-02
Tamil Nadu,Coimbatore,Chikungunya,2011,37,12.0,0.0,11.0600516,77.0679581,0.5285079055,309.38,7.0,2011-09-15
Tamil Nadu,Coimbatore,Dengue,2009,52,99.0,0.0,11.0600516,77.0679581,0.2122926837,301.56,7.0,2009-12-21
Tamil Nadu,Coimbatore (Tiruppur),Acute Diarrhoeal Disease,2010,37,34.0,0.0,11.1147893,77.3475668,0.2260338625,313.73,4.0,2010-09-15
Tamil Nadu,Cuddalore,Acute Diarrhoeal Disease,2009,28,34.0,0.0,11.7564329,79.7634644,0.1377319061,309.67,6.0,2009-07-06
Tamil Nadu,Cuddalore,Acute Diarrhoeal Disease,2010,17,27.0,0.0,11.7564329,79.7634644,0.001728863208,309.095,7.0,2010-04-26
Tamil Nadu,Cuddalore,Acute Diarrhoeal Disease,2010,34,51.0,0.0,11.7564329,79.7634644,2.003332569,,12.0,2010-08-26
Tamil Nadu,Cuddalore,Acute Diarrhoeal Disease,2010,40,14.0,0.0,11.7564329,79.7634644,0.6060789019,304.35,9.0,2010-10-05
Tamil Nadu,Cuddalore,Acute Diarrhoeal Disease,2010,43,37.0,2.0,11.7564329,79.7634644,0.4391386606,304.67,8.0,2010-10-29
Tamil Nadu,Cuddalore,Acute Diarrhoeal Disease,2010,48,11.0,0.0,11.7564329,79.7634644,1.479400296,297.26,,2010-12-02
Tamil Nadu,Cuddalore,Acute Diarrhoeal Disease,2011,19,28.0,0.0,11.7564329,79.7634644,0.04302878099,308.944,,2011-05-09
Tamil Nadu,Cuddalore,Acute Diarrhoeal Disease,2011,26,31.0,0.0,11.7564329,79.7634644,0.1460372828,309.02500000000003,9.0,2011-06-27
Tamil Nadu,Cuddalore,Acute Diarrhoeal Disease,2012,23,31.0,0.0,11.7564329,79.7634644,0.06080490984,310.54,7.0,2012-06-04
Tamil Nadu,Cuddalore,Acute Diarrhoeal Disease,2013,25,33.0,1.0,11.7564329,79.7634644,0.04156357207,285.48,,2013-06-17
Tamil Nadu,Cuddalore,Acute Diarrhoeal Disease,2013,42,11.0,0.0,11.7564329,79.7634644,0.1238680207,306.1333334,9.0,2013-10-18
Tamil Nadu,Cuddalore,Acute Diarrhoeal Disease,2014,44,83.0,0.0,11.7564329,79.7634644,0.8588027256,300.325,9.0,2014-10-27
Tamil Nadu,Cuddalore,Acute Diarrhoeal Disease,2015,2,90.0,0.0,11.7564329,79.7634644,0.1011246013,301.316,,2015-01-08
Tamil Nadu,Cuddalore,Acute Diarrhoeal Disease,2016,18,17.0,1.0,11.7564329,79.7634644,0.00789764028,311.55,8.0,2016-05-02
Tamil Nadu,Cuddalore,Acute Diarrhoeal Disease,2017,1,32.0,0.0,11.7564329,79.7634644,0.03167776122,303.1966666,11.0,2017-01-03
Tamil Nadu,Cuddalore,Acute Diarrhoeal Disease,2019,43,49.0,0.0,11.7564329,79.7634644,0.9259456486,,8.0,2019-10-22
Tamil Nadu,Cuddalore,Chikungunya,2011,50,33.0,0.0,11.7564329,79.7634644,0.1001201888,299.34000000000003,13.0,2011-12-14
Tamil Nadu,Cuddalore,Chikungunya,2012,7,30.0,0.0,11.7564329,79.7634644,0.01694272744,303.836,8.0,2012-02-16
Tamil Nadu,Cuddalore,Cholera,2011,52,17.0,0.0,11.7564329,79.7634644,0.8230760943,296.6,7.0,2012-01-01
Tamil Nadu,Cuddalore,Cholera,2014,37,16.0,0.0,11.7564329,79.7634644,0.06392840193,307.46,9.0,2014-09-11
Tamil Nadu,Cuddalore,Dengue,2012,11,32.0,0.0,11.7564329,79.7634644,0.0978887894,305.27500000000003,7.0,2012-03-17
Tamil Nadu,Cuddalore,Dengue,2012,31,15.0,0.0,11.7564329,79.7634644,0.005562222011,309.755,,2012-08-04
Tamil Nadu,Dharmapuri,Acute Diarrhoeal Disease,2022,1,17.0,0.0,12.09680475,78.19304301,0.1122425766,298.36,15.0,2022-01-04
Tamil Nadu,Dharmapuri,Acute Diarrhoeal Disease,2022,22,50.0,0.0,12.09680475,78.19304301,0.08874493976,306.105,13.0,2022-06-03
Tamil Nadu,Dharmapuri,Chikungunya,2011,30,118.0,0.0,12.09680475,78.19304301,0.1487190445,,5.0,2011-07-25
Tamil Nadu,Dharmapuri,Chikungunya,2012,16,28.0,0.0,12.09680475,78.19304301,0.001627891495,314.25333340000003,7.0,2012-04-19
Tamil Nadu,Dharmapuri,Chikungunya,2018,49,22.0,0.0,12.09680475,78.19304301,0.0408257884,301.35,,2018-12-03
Tamil Nadu,Dharmapuri,Chikungunya,2019,26,39.0,0.0,12.09680475,78.19304301,0.1341004157,311.38,,2019-06-26
Tamil Nadu,Dharmapuri,Dengue,2012,14,37.0,0.0,12.09680475,78.19304301,0.004881060381,309.88,7.0,2012-04-04
Tamil Nadu,Dharmapuri,Dengue,2012,36,55.0,0.0,12.09680475,78.19304301,0.4888781713,304.26,,2012-09-04
Tamil Nadu,Dharmapuri,Dengue,2012,43,11.0,0.0,12.09680475,78.19304301,0.6249224588,301.71,,2012-10-22
Tamil Nadu,Dharmapuri,Dengue,2019,1,37.0,0.0,12.09680475,78.19304301,0.02921215626,303.125,8.0,2019-01-04
Tamil Nadu,Dharmapuri,Dengue,2019,23,63.0,0.0,12.09680475,78.19304301,0.4194237724,307.65000000000003,12.0,2019-06-03
Tamil Nadu,Dharmapuri,Dengue,2019,24,52.0,0.0,12.09680475,78.19304301,0.06686690604,308.815,11.0,2019-06-16
Tamil Nadu,Dharmapuri,Dengue & Chikungunya,2019,1,11.0,0.0,12.09680475,78.19304301,0.02921215626,303.125,8.0,2019-01-04
Tamil Nadu,Dharmapuri,Malaria,2015,37,249.0,0.0,12.09680475,78.19304301,0.6949605747,306.95,9.0,2015-09-10
Tamil Nadu,Dindigul,Acute Diarrhoeal Disease,2010,7,112.0,2.0,10.3303299,78.06739791,0.0007620685002,305.6,10.0,2010-02-15
Tamil Nadu,Dindigul,Acute Diarrhoeal Disease,2010,15,19.0,0.0,10.3303299,78.06739791,0.01524021493,313.04,9.0,2010-04-16
Tamil Nadu,Dindigul,Acute Diarrhoeal Disease,2010,47,22.0,0.0,10.3303299,78.06739791,1.336285699,299.68,4.0,2010-11-28
Tamil Nadu,Dindigul,Acute Diarrhoeal Disease,2011,32,13.0,0.0,10.3303299,78.06739791,0.3488107081,310.2,10.0,2011-08-09
Tamil Nadu,Dindigul,Acute Diarrhoeal Disease,2011,50,15.0,0.0,10.3303299,78.06739791,0.1354393511,300.63,12.0,2011-12-12
Tamil Nadu,Dindigul,Acute Diarrhoeal Disease,2012,2,12.0,0.0,10.3303299,78.06739791,0.09089114209,299.4233334,10.0,2012-01-12
Tamil Nadu,Dindigul,Acute Diarrhoeal Disease,2012,21,28.0,0.0,10.3303299,78.06739791,0.174143296,305.148,13.0,2012-05-22
Tamil Nadu,Dindigul,Acute Diarrhoeal Disease,2012,31,16.0,0.0,10.3303299,78.06739791,0.04182149426,310.84000000000003,,2012-08-03
Tamil Nadu,Dindigul,Acute Diarrhoeal Disease,2016,12,25.0,0.0,10.3303299,78.06739791,0.0008165524709,310.48,,2016-03-21
Tamil Nadu,Dindigul,Acute Diarrhoeal Disease,2018,29,56.0,0.0,10.3303299,78.06739791,0.2364849897,309.66,,2018-07-19
Tamil Nadu,Dindigul,Chikungunya,2009,39,83.0,0.0,10.3303299,78.06739791,0.9820606935,306.135,,2009-09-21
Tamil Nadu,Dindigul,Chikungunya,2009,49,13.0,0.0,10.3303299,78.06739791,0.08804291906,301.548,12.0,2009-12-01
Tamil Nadu,Dindigul,Chikungunya,2012,2,69.0,0.0,10.3303299,78.06739791,0.07027384008,299.12333340000004,10.0,2012-01-11
Tamil Nadu,Dindigul,Chikungunya,2012,17,33.0,0.0,10.3303299,78.06739791,0.166994428115,312.2233334,8.0,2012-04-25
Tamil Nadu,Dindigul,Chikungunya,2012,22,20.0,0.0,10.3303299,78.06739791,0.2737304604,305.54,12.0,2012-05-30
Tamil Nadu,Dindigul,Chikungunya,2012,44,17.0,0.0,10.3303299,78.06739791,0.06692680828,304.05,16.0,2012-11-04
Tamil Nadu,Dindigul,Chikungunya,2013,5,21.0,0.0,10.3303299,78.06739791,0.0002848368054,306.5566666,9.0,2013-01-31
Tamil Nadu,Dindigul,Chikungunya,2013,6,76.0,0.0,10.3303299,78.06739791,0.02577595032,308.1733334,9.0,2013-02-07
Tamil Nadu,Dindigul,Chikungunya,2014,9,17.0,0.0,10.3303299,78.06739791,0.0625999871,308.95,,2014-02-26
Tamil Nadu,Dindigul,Chikungunya,2018,9,36.0,0.0,10.3303299,78.06739791,0.00111927392,308.44,,2018-02-26
Tamil Nadu,Dindigul,Chikungunya,2018,10,23.0,0.0,10.3303299,78.06739791,0.0002636578141,313.836,8.0,2018-03-08
Tamil Nadu,Dindigul,Chikungunya,2018,13,26.0,0.0,10.3303299,78.06739791,0.02167213385,309.5366666,,2018-03-29
Tamil Nadu,Dindigul,Chikungunya,2018,14,85.0,0.0,10.3303299,78.06739791,0.003073672672,311.54,,2018-04-07
Tamil Nadu,Dindigul,Chikungunya,2018,16,22.0,0.0,10.3303299,78.06739791,0.203697193,310.1,8.0,2018-04-19
Tamil Nadu,Dindigul,Cholera,2012,2,16.0,0.0,10.3303299,78.06739791,0.09706370925,300.15500000000003,10.0,2012-01-15
Tamil Nadu,Dindigul,Cholera,2012,3,10.0,0.0,10.3303299,78.06739791,0.01499900078,299.54,12.0,2012-01-19
Tamil Nadu,Dindigul,Dengue,2009,51,9.0,0.0,10.3303299,78.06739791,0.04451872436,301.576,10.0,2009-12-14
Tamil Nadu,Dindigul,Dengue,2010,29,9.0,0.0,10.3303299,78.06739791,0.348618156,304.90000000000003,8.0,2010-07-25
Tamil Nadu,Dindigul,Dengue,2011,37,6.0,1.0,10.3303299,78.06739791,0.5877774472,304.32,14.0,2011-09-16
Tamil Nadu,Dindigul,Dengue,2012,16,12.0,0.0,10.3303299,78.06739791,0.02236090997,311.82,9.0,2012-04-16
Tamil Nadu,Dindigul,Dengue,2013,31,28.0,0.0,10.3303299,78.06739791,0.05475062244,311.88,7.0,2013-08-02
Tamil Nadu,Dindigul,Dengue,2016,22,92.0,0.0,10.3303299,78.06739791,0.3591558087,308.392,12.0,2016-06-03
Tamil Nadu,Dindigul,Dengue,2017,12,34.0,0.0,10.3303299,78.06739791,0.1183955565,309.41,,2017-03-21
Tamil Nadu,Dindigul,Dengue,2018,23,17.0,0.0,10.3303299,78.06739791,0.6313222635,310.72,12.0,2018-06-08
Tamil Nadu,Dindigul,Dengue,2021,43,5.0,0.0,10.3303299,78.06739791,0.6264433056,302.435,11.0,2021-10-25
Tamil Nadu,Dindigul,Dengue & Chikungunya,2012,37,23.0,0.0,10.3303299,78.06739791,0.2779618353,310.0933334,11.0,2012-09-10
Tamil Nadu,Dindigul,Dengue & Chikungunya,2012,41,23.0,0.0,10.3303299,78.06739791,0.176139476,308.06333340000003,13.0,2012-10-09
Tamil Nadu,Dindigul,Dengue & Chikungunya,2015,28,38.0,2.0,10.3303299,78.06739791,0.04472962968,308.43333340000004,12.0,2015-07-09
Tamil Nadu,Dindigul-Palani,Acute Diarrhoeal Disease,2019,19,19.0,0.0,10.4485636,77.5314268,0.1533088396,304.925,,2019-05-08
Tamil Nadu,Dindigul-Palani,Dengue,2020,23,57.0,0.0,10.4485636,77.5314268,0.573766176,305.2,14.0,2020-06-07
Tamil Nadu,Erode,Acute Diarrhoeal Disease,2010,28,15.0,0.0,11.3692044,77.67662687,0.3839312901,302.15000000000003,10.0,2010-07-14
Tamil Nadu,Erode,Acute Diarrhoeal Disease,2012,16,50.0,0.0,11.3692044,77.67662687,0.005433380723,313.892,7.0,2012-04-20
Tamil Nadu,Erode,Chikungunya,2011,30,25.0,0.0,11.3692044,77.67662687,0.3980800576,309.42,4.0,2011-07-25
Tamil Nadu,Erode,Chikungunya,2014,45,7.0,0.0,11.3692044,77.67662687,0.07031989907,297.41,,2014-11-08
Tamil Nadu,Erode,Chikungunya,2019,7,22.0,0.0,11.3692044,77.67662687,0.004181771232,309.376,,2019-02-17
Tamil Nadu,Erode,Chikungunya,2019,9,31.0,0.0,11.3692044,77.67662687,0.02002703379,311.68,5.0,2019-03-03
Tamil Nadu,Erode,Dengue,2011,1,15.0,0.0,11.3692044,77.67662687,0.05608280949,300.428,10.0,2011-01-03
Tamil Nadu,Erode,Dengue,2011,50,14.0,1.0,11.3692044,77.67662687,0.01396388131,302.42,,2011-12-18
Tamil Nadu,Erode,Dengue,2012,41,20.0,0.0,11.3692044,77.67662687,0.3620120551,303.945,15.0,2012-10-11
Tamil Nadu,Erode,Dengue,2019,27,19.0,0.0,11.3692044,77.67662687,0.06368053727,309.90500000000003,8.0,2019-07-05
Tamil Nadu,Kallakurichi,Acute Diarrhoeal Disease,2020,52,21.0,0.0,11.7406259,78.9637131,0.489202687,299.3,10.0,2020-12-21
Tamil Nadu,Kallakurichi,Acute Diarrhoeal Disease,2021,47,19.0,0.0,11.7406259,78.9637131,1.221413876,299.13,13.0,2021-11-22
Tamil Nadu,Kallakurichi,Acute Diarrhoeal Disease,2021,51,19.0,0.0,11.7406259,78.9637131,0.0474376868,300.584,12.0,2021-12-20
Tamil Nadu,Kallakurichi,Acute Diarrhoeal Disease,2022,15,14.0,0.0,11.7406259,78.9637131,0.3512801639,312.57,10.0,2022-04-17
Tamil Nadu,Kallakurichi,Acute Diarrhoeal Disease,2022,22,40.0,0.0,11.7406259,78.9637131,0.2016062298,306.932,12.0,2022-05-30
Tamil Nadu,Kancheepuram,Acute Diarrhoeal Disease,2010,25,15.0,0.0,12.87960515,79.70427615,0.3288881967,308.82,10.0,2010-06-24
Tamil Nadu,Kancheepuram,Acute Diarrhoeal Disease,2011,11,40.0,0.0,12.87960515,79.70427615,0.0006368193414,308.59200000000004,9.0,2011-03-16
Tamil Nadu,Kancheepuram,Acute Diarrhoeal Disease,2011,20,12.0,0.0,12.87960515,79.70427615,0.023009611,311.176,,2011-05-16
Tamil Nadu,Kancheepuram,Acute Diarrhoeal Disease,2012,18,29.0,1.0,12.87960515,79.70427615,0.04848823026,309.53000000000003,5.0,2012-05-06
Tamil Nadu,Kancheepuram,Acute Diarrhoeal Disease,2013,26,11.0,0.0,12.87960515,79.70427615,0.05041929388,312.12,8.0,2013-06-27
Tamil Nadu,Kancheepuram,Acute Diarrhoeal Disease,2014,25,30.0,0.0,12.87960515,79.70427615,0.03716732033,310.9533334,7.0,2014-06-20
Tamil Nadu,Kancheepuram,Chikungunya,2013,3,17.0,0.0,12.87960515,79.70427615,0.0001887218324,302.4666666,,2013-01-16
Tamil Nadu,Kancheepuram,Chikungunya,2014,32,27.0,0.0,12.87960515,79.70427615,0.07119123644,,8.0,2014-08-07
Tamil Nadu,Kancheepuram,Cholera,2011,46,13.0,0.0,12.87960515,79.70427615,0.05622662403,303.59200000000004,11.0,2011-11-19
Tamil Nadu,Kancheepuram,Dengue,2011,39,7.0,0.0,12.87960515,79.70427615,0.04191558474,306.436,13.0,2011-10-02
Tamil Nadu,Kancheepuram,Dengue,2011,41,49.0,0.0,12.87960515,79.70427615,0.3389645511,305.18,14.0,2011-10-12
Tamil Nadu,Kancheepuram,Dengue,2014,35,42.0,0.0,12.87960515,79.70427615,0.1573792313,,6.0,2014-08-30
Tamil Nadu,Kancheepuram,Dengue,2014,40,31.0,0.0,12.87960515,79.70427615,0.1684029954,303.54,14.0,2014-10-04
Tamil Nadu,Kancheepuram,Dengue,2015,27,9.0,0.0,12.87960515,79.70427615,0.03157146974,309.11333340000004,10.0,2015-07-02
Tamil Nadu,Kancheepuram,Dengue,2015,33,33.0,1.0,12.87960515,79.70427615,0.1904723822,306.68,9.0,2015-08-11
Tamil Nadu,Kancheepuram,Dengue,2015,37,17.0,0.0,12.87960515,79.70427615,0.7056521456,308.5,10.0,2015-09-11
Tamil Nadu,Kancheepuram,Dengue,2016,34,38.0,0.0,12.87960515,79.70427615,0.001497096309,307.25,9.0,2016-08-22
Tamil Nadu,Kancheepuram,Dengue & Chikungunya,2014,41,16.0,0.0,12.87960515,79.70427615,0.736985229,304.685,12.0,2014-10-10
Tamil Nadu,Kanyakumari,Chikungunya,2012,18,27.0,0.0,8.079252,77.5499338,,,,2012-05-05
Tamil Nadu,Kanyakumari,Chikungunya,2012,19,53.0,0.0,8.079252,77.5499338,,,,2012-05-10
Tamil Nadu,Kanyakumari,Dengue,2013,51,17.0,1.0,8.079252,77.5499338,,,,2013-12-19
Tamil Nadu,Karur,Acute Diarrhoeal Disease,2011,1,28.0,0.0,10.9301522,78.08485455,0.06905559809,300.47200000000004,,2011-01-08
Tamil Nadu,Karur,Acute Diarrhoeal Disease,2011,40,13.0,0.0,10.9301522,78.08485455,0.1310474115,306.16400000000004,10.0,2011-10-06
Tamil Nadu,Karur,Chikungunya,2009,32,42.0,0.0,10.9301522,78.08485455,0.01174368439,309.79,4.0,2009-08-08
Tamil Nadu,Karur,Chikungunya,2009,38,26.0,0.0,10.9301522,78.08485455,0.5334647889,306.65000000000003,7.0,2009-09-19
Tamil Nadu,Karur,Chikungunya,2009,45,17.0,0.0,10.9301522,78.08485455,0.1796470802,304.52,5.0,2009-11-05
Tamil Nadu,Karur,Chikungunya,2013,3,27.0,0.0,10.9301522,78.08485455,8.73e-05,307.25,,2013-01-16
Tamil Nadu,Karur,Chikungunya,2013,5,128.0,0.0,10.9301522,78.08485455,0.0001513654507,309.86,6.0,2013-01-30
Tamil Nadu,Karur,Chikungunya,2013,7,48.0,0.0,10.9301522,78.08485455,0.006638077823,310.565,5.0,2013-02-11
Tamil Nadu,Karur,Chikungunya,2019,8,12.0,0.0,10.9301522,78.08485455,0.006853667065,311.98400000000004,5.0,2019-02-23
Tamil Nadu,Karur,Dengue,2011,16,4.0,0.0,10.9301522,78.08485455,1.121350154,313.2333334,6.0,2011-04-24
Tamil Nadu,Karur,Dengue,2012,37,17.0,0.0,10.9301522,78.08485455,0.112516274,312.62,,2012-09-13
Tamil Nadu,Karur,Dengue,2013,2,56.0,0.0,10.9301522,78.08485455,0.0003342937269,305.92,7.0,2013-01-13
Tamil Nadu,Karur,Dengue,2015,1,16.0,0.0,10.9301522,78.08485455,0.5549979658,302.40000000000003,11.0,2015-01-03
Tamil Nadu,Krishnagiri,Acute Diarrhoeal Disease,2010,17,35.0,1.0,12.5188835,78.2206536,0.04607911174,309.46,7.0,2010-04-26
Tamil Nadu,Krishnagiri,Acute Diarrhoeal Disease,2010,18,24.0,0.0,12.5188835,78.2206536,0.1981429391,309.585,9.0,2010-05-04
Tamil Nadu,Krishnagiri,Acute Diarrhoeal Disease,2012,15,11.0,0.0,12.5188835,78.2206536,0.003494631922,313.42400000000004,,2012-04-14
Tamil Nadu,Krishnagiri,Acute Diarrhoeal Disease,2012,21,110.0,0.0,12.5188835,78.2206536,0.04517766227,303.4358333,11.0,2012-05-26
Tamil Nadu,Krishnagiri,Acute Diarrhoeal Disease,2013,16,26.0,0.0,12.5188835,78.2206536,0.003534351908,312.408,7.0,2013-04-16
Tamil Nadu,Krishnagiri,Acute Diarrhoeal Disease,2013,39,13.0,1.0,12.5188835,78.2206536,0.002749145822,305.732,,2013-09-29
Tamil Nadu,Krishnagiri,Acute Diarrhoeal Disease,2014,21,19.0,0.0,12.5188835,78.2206536,0.1968196772,306.79200000000003,,2014-05-25
Tamil Nadu,Krishnagiri,Acute Diarrhoeal Disease,2014,32,11.0,0.0,12.5188835,78.2206536,0.08581389102,,6.0,2014-08-09
Tamil Nadu,Krishnagiri,Acute Diarrhoeal Disease,2015,34,17.0,0.0,12.5188835,78.2206536,0.2335807501,310.96,10.0,2015-08-17
Tamil Nadu,Krishnagiri,Acute Diarrhoeal Disease,2017,18,32.0,0.0,12.5188835,78.2206536,0.01496514999,312.2866666,,2017-05-01
Tamil Nadu,Krishnagiri,Chikungunya,2009,27,5.0,0.0,12.5188835,78.2206536,0.1711496253,308.955,11.0,2009-06-30
Tamil Nadu,Krishnagiri,Cholera,2013,50,19.0,0.0,12.5188835,78.2206536,0.03303856738,298.52500000000003,12.0,2013-12-15
Tamil Nadu,Krishnagiri,Dengue,2012,50,11.0,0.0,12.5188835,78.2206536,0.07234204857,301.336,12.0,2012-12-11
Tamil Nadu,Krishnagiri,Dengue,2014,37,10.0,0.0,12.5188835,78.2206536,0.01780704353,308.56,10.0,2014-09-11
Tamil Nadu,Krishnagiri,Dengue,2015,27,8.0,0.0,12.5188835,78.2206536,0.0661046851,305.8466666,,2015-07-04
Tamil Nadu,Madurai,Acute Diarrhoeal Disease,2011,4,10.0,0.0,9.9261153,78.1140983,0.007762837172,302.52500000000003,8.0,2011-01-29
Tamil Nadu,Madurai,Acute Diarrhoeal Disease,2011,6,15.0,1.0,9.9261153,78.1140983,0.002687165159,305.2133334,8.0,2011-02-08
Tamil Nadu,Madurai,Acute Diarrhoeal Disease,2011,21,9.0,0.0,9.9261153,78.1140983,0.2091158931,313.58,,2011-05-24
Tamil Nadu,Madurai,Acute Diarrhoeal Disease,2012,29,61.0,0.0,9.9261153,78.1140983,0.1028386753,311.04,,2012-07-19
Tamil Nadu,Madurai,Acute Diarrhoeal Disease,2014,4,45.0,0.0,9.9261153,78.1140983,0.011833386264999999,304.2025,7.0,2014-01-21
Tamil Nadu,Madurai,Acute Diarrhoeal Disease,2014,31,20.0,0.0,9.9261153,78.1140983,0.04261313763,316.39,5.0,2014-07-29
Tamil Nadu,Madurai,Acute Diarrhoeal Disease,2015,33,11.0,0.0,9.9261153,78.1140983,0.06073192508,314.98,8.0,2015-08-16
Tamil Nadu,Madurai,Acute Diarrhoeal Disease,2015,35,46.0,0.0,9.9261153,78.1140983,0.02360255829,309.54,8.0,2015-08-30
Tamil Nadu,Madurai,Acute Diarrhoeal Disease,2016,42,35.0,0.0,9.9261153,78.1140983,0.1283348373,309.5266666,7.0,2016-10-20
Tamil Nadu,Madurai,Acute Diarrhoeal Disease,2017,27,33.0,0.0,9.9261153,78.1140983,0.1377638188,316.84000000000003,5.0,2017-07-05
Tamil Nadu,Madurai,Acute Diarrhoeal Disease,2019,7,41.0,0.0,9.9261153,78.1140983,0.1070984761,307.46500000000003,5.0,2019-02-14
Tamil Nadu,Madurai,Acute Diarrhoeal Disease,2021,42,21.0,0.0,9.9261153,78.1140983,0.2064460402,310.44,9.0,2021-10-18
Tamil Nadu,Madurai,Chikungunya,2014,41,22.0,0.0,9.9261153,78.1140983,0.4587254372,309.7366666,8.0,2014-10-11
Tamil Nadu,Madurai,Chikungunya,2017,33,72.0,0.0,9.9261153,78.1140983,0.3622124981,,6.0,2017-08-16
Tamil Nadu,Madurai,Chikungunya,2018,10,49.0,0.0,9.9261153,78.1140983,0.007711442964,315.2866666,,2018-03-05
Tamil Nadu,Madurai,Chikungunya,2018,19,26.0,0.0,9.9261153,78.1140983,0.2308199901,314.46,,2018-05-08
Tamil Nadu,Madurai,Chikungunya,2018,22,30.0,0.0,9.9261153,78.1140983,0.08342478546,309.44,7.0,2018-06-03
Tamil Nadu,Madurai,Chikungunya,2018,27,20.0,0.0,9.9261153,78.1140983,0.320263401,311.128,6.0,2018-07-05
Tamil Nadu,Madurai,Chikungunya,2018,28,64.0,0.0,9.9261153,78.1140983,0.01738082414,310.38,7.0,2018-07-13
Tamil Nadu,Madurai,Chikungunya,2018,31,120.0,0.0,9.9261153,78.1140983,0.136954351,311.7,5.0,2018-08-02
Tamil Nadu,Madurai,Chikungunya,2019,13,39.0,0.0,9.9261153,78.1140983,0.006165418869,316.66400000000004,5.0,2019-03-27
Tamil Nadu,Madurai,Chikungunya,2019,22,79.0,0.0,9.9261153,78.1140983,0.03958777948,314.96500000000003,5.0,2019-05-27
Tamil Nadu,Madurai,Chikungunya,2019,32,32.0,0.0,9.9261153,78.1140983,0.004243494,316.54,4.0,2019-08-07
Tamil Nadu,Madurai,Chikungunya,2019,42,80.0,0.0,9.9261153,78.1140983,0.3511513506,300.66,5.0,2019-10-17
Tamil Nadu,Madurai,Chikungunya,2019,44,49.0,0.0,9.9261153,78.1140983,0.6686315613,297.16,,2019-11-01
Tamil Nadu,Madurai,Chikungunya,2019,46,26.0,0.0,9.9261153,78.1140983,0.3634270427,304.735,11.0,2019-11-11
Tamil Nadu,Madurai,Cholera,2012,8,12.0,0.0,9.9261153,78.1140983,6.85e-05,307.90000000000003,,2012-02-26
Tamil Nadu,Madurai,Dengue,2012,36,79.0,5.0,9.9261153,78.1140983,0.08848779477,315.5666666,7.0,2012-09-08
Tamil Nadu,Madurai,Dengue,2013,10,11.0,0.0,9.9261153,78.1140983,0.282964712,307.7266666,8.0,2013-03-08
Tamil Nadu,Madurai,Dengue,2014,38,38.0,0.0,9.9261153,78.1140983,0.0532266498,314.512,5.0,2014-09-16
Tamil Nadu,Madurai,Dengue,2017,31,49.0,0.0,9.9261153,78.1140983,0.05055837054,315.348,5.0,2017-07-31
Tamil Nadu,Madurai,Dengue,2017,39,77.0,0.0,9.9261153,78.1140983,0.01214871972,312.515,8.0,2017-09-27
Tamil Nadu,Madurai,Dengue,2019,46,40.0,0.0,9.9261153,78.1140983,0.2301249066,304.075,11.0,2019-11-15
Tamil Nadu,Madurai,Dengue & Chikungunya,2013,39,12.0,0.0,9.9261153,78.1140983,0.006452685803,314.26,6.0,2013-09-26
Tamil Nadu,Nagapattinam,Acute Diarrhoeal Disease,2019,11,166.0,0.0,10.8056276,79.82465978,0.01486379149,308.78400000000005,8.0,2019-03-12
Tamil Nadu,Nagapattinam,Acute Diarrhoeal Disease,2020,16,11.0,0.0,10.8056276,79.82465978,0.02148075123,313.475,,2020-04-14
Tamil Nadu,Nagapattinam,Dengue,2017,21,23.0,0.0,10.8056276,79.82465978,0.1958682632,313.82,9.0,2017-05-28
Tamil Nadu,Nagercoil,Acute Diarrhoeal Disease,2015,15,14.0,0.0,8.1880471,77.4290492,0.06234778461,308.112,8.0,2015-04-09
Tamil Nadu,Nagercoil,Dengue,2016,51,12.0,0.0,8.1880471,77.4290492,0.1764551993,304.98,16.0,2016-12-22
Tamil Nadu,Nagercoil,Dengue,2017,16,18.0,0.0,8.1880471,77.4290492,0.008152987262,314.47200000000004,8.0,2017-04-21
Tamil Nadu,Namakkal,Acute Diarrhoeal Disease,2011,5,16.0,0.0,11.28422485,78.16615284,0.0005447172178,305.6366666,8.0,2011-02-03
Tamil Nadu,Namakkal,Acute Diarrhoeal Disease,2014,25,64.0,0.0,11.28422485,78.16615284,0.02587236356,311.83,5.0,2014-06-19
Tamil Nadu,Namakkal,Acute Diarrhoeal Disease,2016,5,16.0,0.0,11.28422485,78.16615284,8.1e-05,307.796,7.0,2016-02-03
Tamil Nadu,Namakkal,Chikungunya,2009,25,72.0,0.0,11.28422485,78.16615284,0.149054141,312.176,6.0,2009-06-16
Tamil Nadu,Namakkal,Chikungunya,2009,26,48.0,0.0,11.28422485,78.16615284,0.1447846121,312.1466666,6.0,2009-06-24
Tamil Nadu,Namakkal,Chikungunya,2009,38,32.0,0.0,11.28422485,78.16615284,0.2588042895,308.22400000000005,7.0,2009-09-17
Tamil Nadu,Namakkal,Chikungunya,2013,42,34.0,0.0,11.28422485,78.16615284,0.0475826547,309.264,,2013-10-15
Tamil Nadu,Namakkal,Dengue,2010,30,21.0,0.0,11.28422485,78.16615284,0.06997262745,307.19,,2010-07-27
Tamil Nadu,Namakkal,Dengue,2013,5,47.0,0.0,11.28422485,78.16615284,4.94e-05,309.1366666,6.0,2013-01-29
Tamil Nadu,Namakkal,Dengue,2015,10,5.0,0.0,11.28422485,78.16615284,0.100397294,312.75,6.0,2015-03-07
Tamil Nadu,Namakkal,Dengue,2015,39,11.0,0.0,11.28422485,78.16615284,0.02088359924,313.495,6.0,2015-09-23
Tamil Nadu,Perambalur,Acute Diarrhoeal Disease,2010,17,17.0,0.0,11.2287716,78.81825555,0.02047602677,313.54,5.0,2010-04-27
Tamil Nadu,Perambalur,Acute Diarrhoeal Disease,2010,20,25.0,0.0,11.2287716,78.81825555,0.09829214322,313.14,9.0,2010-05-20
Tamil Nadu,Perambalur,Acute Diarrhoeal Disease,2011,21,32.0,0.0,11.2287716,78.81825555,0.1562797557,310.3433334,8.0,2011-05-28
Tamil Nadu,Perambalur,Acute Diarrhoeal Disease,2011,32,42.0,0.0,11.2287716,78.81825555,0.05254854861,307.9533334,6.0,2011-08-09
Tamil Nadu,Perambalur,Acute Diarrhoeal Disease,2012,11,15.0,0.0,11.2287716,78.81825555,0.08666076199,307.4666666,7.0,2012-03-17
Tamil Nadu,Perambalur,Acute Diarrhoeal Disease,2012,12,75.0,0.0,11.2287716,78.81825555,0.03614235174,311.12833333333333,7.0,2012-03-19
Tamil Nadu,Perambalur,Acute Diarrhoeal Disease,2018,17,8.0,0.0,11.2287716,78.81825555,0.005058819012,314.836,5.0,2018-04-28
Tamil Nadu,Perambalur,Acute Diarrhoeal Disease,2021,9,14.0,0.0,11.2287716,78.81825555,0.0007425420286,310.0666666,,2021-03-06
Tamil Nadu,Perambalur,Chikungunya,2009,44,24.0,0.0,11.2287716,78.81825555,0.01342844467,307.264,6.0,2009-10-28
Tamil Nadu,Perambalur,Chikungunya,2009,48,15.0,0.0,11.2287716,78.81825555,0.3929613565,301.0933334,,2009-11-25
Tamil Nadu,Perambalur,Chikungunya,2009,49,18.0,0.0,11.2287716,78.81825555,0.28373793,301.755,,2009-12-03
Tamil Nadu,Perambalur,Chikungunya,2012,20,13.0,0.0,11.2287716,78.81825555,0.1577435245,309.90500000000003,,2012-05-16
Tamil Nadu,Perambalur,Chikungunya,2015,4,22.0,0.0,11.2287716,78.81825555,0.0263399782,304.196,,2015-01-24
Tamil Nadu,Perambalur,Chikungunya,2017,46,4.0,0.0,11.2287716,78.81825555,0.3540646967,303.48,,2017-11-16
Tamil Nadu,Perambalur,Dengue,2011,46,24.0,0.0,11.2287716,78.81825555,0.05385096547,303.736,13.0,2011-11-18
Tamil Nadu,Perambalur,Dengue,2012,12,22.0,0.0,11.2287716,78.81825555,0.0003687949488,313.16,7.0,2012-03-24
Tamil Nadu,Perambalur,Dengue,2013,43,12.0,0.0,11.2287716,78.81825555,0.38604976,306.34000000000003,9.0,2013-10-21
Tamil Nadu,Perambalur,Dengue,2014,47,11.0,0.0,11.2287716,78.81825555,0.1652418715,300.5933334,5.0,2014-11-21
Tamil Nadu,Perambalur,Dengue,2019,42,22.0,0.0,11.2287716,78.81825555,0.1930179447,307.28000000000003,,2019-10-16
Tamil Nadu,Pudukottai,Acute Diarrhoeal Disease,2010,26,32.0,0.0,10.5,78.833333,0.3626294376,310.21,9.0,2010-07-02
Tamil Nadu,Pudukottai,Acute Diarrhoeal Disease,2012,27,30.0,0.0,10.3826515,78.8191259,0.1325257191,314.34000000000003,6.0,2012-07-05
Tamil Nadu,Pudukottai,Acute Diarrhoeal Disease,2013,6,24.0,0.0,10.5,78.833333,0.04480586199,304.395,,2013-02-09
Tamil Nadu,Pudukottai,Acute Diarrhoeal Disease,2013,7,22.0,0.0,10.5,78.833333,0.0482498743,304.82,7.0,2013-02-11
Tamil Nadu,Pudukottai,Acute Diarrhoeal Disease,2016,36,15.0,0.0,10.5,78.833333,0.01512466229,308.6733334,9.0,2016-09-11
Tamil Nadu,Pudukottai,Acute Diarrhoeal Disease,2018,36,25.0,0.0,10.5,78.833333,0.02749093974,311.395,8.0,2018-09-08
Tamil Nadu,Pudukottai,Acute Diarrhoeal Disease,2021,8,41.0,0.0,10.3826515,78.8191259,0.07038244234,302.62,7.0,2021-02-22
Tamil Nadu,Pudukottai,Acute Diarrhoeal Disease,2022,3,8.0,0.0,10.3826515,78.8191259,0.1074129745,300.7666666,12.0,2022-01-18
Tamil Nadu,Pudukottai,Chikungunya,2009,47,8.0,0.0,10.5,78.833333,0.7379969291,305.5,,2009-11-17
Tamil Nadu,Pudukottai,Chikungunya,2010,32,41.0,0.0,10.5,78.833333,0.2143385869,310.75,7.0,2010-08-14
Tamil Nadu,Pudukottai,Chikungunya,2012,19,27.0,0.0,10.3826515,78.8191259,0.172675772,308.52,,2012-05-07
Tamil Nadu,Pudukottai,Chikungunya,2014,37,17.0,0.0,10.3826515,78.8191259,0.02296332081,312.9466666,9.0,2014-09-12
Tamil Nadu,Pudukottai,Chikungunya,2014,38,18.0,0.0,10.5,78.833333,0.05216851253,312.3066666,9.0,2014-09-16
Tamil Nadu,Pudukottai,Chikungunya,2019,6,25.0,0.0,10.3826515,78.8191259,0.02520112055,304.52500000000003,8.0,2019-02-05
Tamil Nadu,Pudukottai,Dengue,2012,12,64.0,0.0,10.3826515,78.8191259,0.091436118,306.005,8.0,2012-03-19
Tamil Nadu,Pudukottai,Dengue,2012,19,20.0,0.0,10.3826515,78.8191259,0.172675772,308.52,,2012-05-07
Tamil Nadu,Pudukottai,Dengue,2012,21,18.0,0.0,10.3826515,78.8191259,0.1165802281,,6.0,2012-05-25
Tamil Nadu,Pudukottai,Dengue,2012,25,15.0,1.0,10.3826515,78.8191259,0.2128374253,315.72,7.0,2012-06-20
Tamil Nadu,Pudukottai,Dengue,2012,38,22.0,0.0,10.3826515,78.8191259,0.05871243898,307.75,8.0,2012-09-22
Tamil Nadu,Pudukottai,Dengue,2014,37,21.0,0.0,10.3826515,78.8191259,0.02296332081,312.9466666,9.0,2014-09-12
Tamil Nadu,Pudukottai,Dengue,2015,37,27.0,0.0,10.5,78.833333,0.1439393646,309.3066666,9.0,2015-09-12
Tamil Nadu,Pudukottai,Dengue,2018,30,73.0,0.0,10.5,78.833333,0.04202111823,309.38,,2018-07-27
Tamil Nadu,Pudukottai,Dengue,2019,38,20.0,0.0,10.3826515,78.8191259,0.8883258545,311.5,9.0,2019-09-16
Tamil Nadu,Pudukottai,Dengue,2021,42,20.0,0.0,10.3826515,78.8191259,0.3938476267,304.16,10.0,2021-10-21
Tamil Nadu,Pudukottai,Dengue,2022,13,15.0,0.0,10.5,78.833333,0.06721439309,306.37,,2022-03-30
Tamil Nadu,Pudukottai,Dengue & Chikungunya,2012,19,27.0,0.0,10.3826515,78.8191259,0.216268789,309.172,9.0,2012-05-13
Tamil Nadu,Pudukottai,Malaria,2014,32,46.0,0.0,10.3826515,78.8191259,0.244373011,308.06,7.0,2014-08-09
Tamil Nadu,Ramanathapuram,Acute Diarrhoeal Disease,2010,9,46.0,0.0,9.3895523,78.85907072,,307.8833334,,2010-03-05
Tamil Nadu,Ramanathapuram,Acute Diarrhoeal Disease,2010,21,38.0,0.0,9.3895523,78.85907072,,308.265,5.0,2010-05-28
Tamil Nadu,Ramanathapuram,Acute Diarrhoeal Disease,2014,40,11.0,0.0,9.3895523,78.85907072,,306.67,6.0,2014-10-02
Tamil Nadu,Ramanathapuram,Acute Diarrhoeal Disease,2015,25,12.0,0.0,9.3895523,78.85907072,,312.6733334,8.0,2015-06-19
Tamil Nadu,Ramanathapuram,Chikungunya,2009,37,49.0,0.0,9.3895523,78.85907072,,310.42,5.0,2009-09-09
Tamil Nadu,Ramanathapuram,Chikungunya,2009,39,44.0,0.0,9.3895523,78.85907072,,311.82,6.0,2009-09-25
Tamil Nadu,Ramanathapuram,Chikungunya,2010,1,26.0,1.0,9.3895523,78.85907072,,301.73,9.0,2010-01-10
Tamil Nadu,Ramanathapuram,Chikungunya,2010,37,18.0,0.0,9.3895523,78.85907072,,312.59000000000003,6.0,2010-09-17
Tamil Nadu,Ramanathapuram,Chikungunya,2012,39,49.0,0.0,9.3895523,78.85907072,,311.08,4.0,2012-09-26
Tamil Nadu,Ramanathapuram,Chikungunya,2013,13,10.0,0.0,9.3895523,78.85907072,,310.08,9.0,2013-03-25
Tamil Nadu,Ramanathapuram,Chikungunya,2014,8,15.0,0.0,9.3895523,78.85907072,,307.436,7.0,2014-02-22
Tamil Nadu,Ramanathapuram,Chikungunya,2014,10,11.0,0.0,9.3895523,78.85907072,,306.66,,2014-03-05
Tamil Nadu,Ramanathapuram,Chikungunya,2015,11,12.0,0.0,9.3895523,78.85907072,,308.208,,2015-03-13
Tamil Nadu,Ramanathapuram,Chikungunya,2018,14,20.0,0.0,9.3895523,78.85907072,,310.40000000000003,5.0,2018-04-05
Tamil Nadu,Ramanathapuram,Chikungunya,2018,17,23.0,0.0,9.3895523,78.85907072,,311.34000000000003,,2018-04-23
Tamil Nadu,Ramanathapuram,Chikungunya,2018,23,9.0,0.0,9.3895523,78.85907072,,313.1866666,5.0,2018-06-08
Tamil Nadu,Ramanathapuram,Chikungunya,2018,24,12.0,0.0,9.3895523,78.85907072,,316.32,4.0,2018-06-14
Tamil Nadu,Ramanathapuram,Chikungunya,2018,27,15.0,0.0,9.3895523,78.85907072,,315.1,5.0,2018-07-02
Tamil Nadu,Ramanathapuram,Chikungunya,2019,6,21.0,0.0,9.3895523,78.85907072,,306.29,7.0,2019-02-05
Tamil Nadu,Ramanathapuram,Chikungunya,2019,10,19.0,0.0,9.3895523,78.85907072,,308.60400000000004,,2019-03-05
Tamil Nadu,Ramanathapuram,Chikungunya,2019,12,25.0,0.0,9.3895523,78.85907072,,310.86,6.0,2019-03-18
Tamil Nadu,Ramanathapuram,Dengue,2011,35,17.0,0.0,9.3895523,78.85907072,,311.32,5.0,2011-08-30
Tamil Nadu,Ramanathapuram,Dengue,2011,46,20.0,0.0,9.3895523,78.85907072,,304.084,9.0,2011-11-14
Tamil Nadu,Ramanathapuram,Dengue,2012,2,30.0,0.0,9.3895523,78.85907072,,299.84000000000003,11.0,2012-01-10
Tamil Nadu,Ramanathapuram,Dengue,2012,8,50.0,2.0,9.3895523,78.85907072,,304.6925,8.0,2012-02-20
Tamil Nadu,Ramanathapuram,Dengue,2012,29,22.0,0.0,9.3895523,78.85907072,,313.63,,2012-07-18
Tamil Nadu,Ramanathapuram,Dengue,2012,34,31.0,0.0,9.3895523,78.85907072,,314.74,4.0,2012-08-22
Tamil Nadu,Ramanathapuram,Dengue,2012,37,17.0,0.0,9.3895523,78.85907072,,314.232,5.0,2012-09-15
Tamil Nadu,Ramanathapuram,Dengue,2012,41,17.0,0.0,9.3895523,78.85907072,,313.67,5.0,2012-10-10
Tamil Nadu,Ramanathapuram,Dengue,2012,51,31.0,0.0,9.3895523,78.85907072,,301.4775,4.0,2012-12-19
Tamil Nadu,Ramanathapuram,Dengue,2012,52,25.0,0.0,9.3895523,78.85907072,,301.2066666,4.0,2012-12-24
Tamil Nadu,Ramanathapuram,Dengue,2013,2,15.0,0.0,9.3895523,78.85907072,,297.26,9.0,2013-01-10
Tamil Nadu,Ramanathapuram,Dengue,2013,4,15.0,0.0,9.3895523,78.85907072,,304.068,,2013-01-24
Tamil Nadu,Ramanathapuram,Dengue,2013,11,31.0,0.0,9.3895523,78.85907072,,304.0666666,9.0,2013-03-11
Tamil Nadu,Ramanathapuram,Dengue,2013,46,12.0,0.0,9.3895523,78.85907072,,302.42,6.0,2013-11-11
Tamil Nadu,Ramanathapuram,Dengue,2014,10,9.0,0.0,9.3895523,78.85907072,,308.13,6.0,2014-03-03
Tamil Nadu,Ramanathapuram,Dengue,2014,23,12.0,0.0,9.3895523,78.85907072,,308.9833334,7.0,2014-06-03
Tamil Nadu,Ramanathapuram,Dengue,2016,2,5.0,0.0,9.3895523,78.85907072,,301.76,13.0,2016-01-12
Tamil Nadu,Ramanathapuram,Dengue,2016,47,24.0,0.0,9.3895523,78.85907072,,301.7933334,,2016-11-24
Tamil Nadu,Ramanathapuram,Dengue,2017,8,13.0,0.0,9.3895523,78.85907072,,307.616,6.0,2017-02-21
Tamil Nadu,Ramanathapuram,Dengue,2021,43,5.0,0.0,9.3895523,78.85907072,,307.32,7.0,2021-10-30
Tamil Nadu,Ramanathapuram Paramakudi,Acute Diarrhoeal Disease,2016,8,18.0,0.0,9.4684575,78.7462095,0.03950816745,307.74,,2016-02-24
Tamil Nadu,Ramanathapuram Paramakudi,Acute Diarrhoeal Disease,2016,29,17.0,0.0,9.4684575,78.7462095,0.2001215612,316.54,4.0,2016-07-23
Tamil Nadu,Ramanathapuram Paramakudi,Dengue,2017,11,49.0,1.0,9.4684575,78.7462095,0.2112541014,309.94,6.0,2017-03-16
Tamil Nadu,Ramanathapuram Paramakudi,Dengue,2020,42,21.0,0.0,9.4684575,78.7462095,0.1927879139,,,2020-10-15
Tamil Nadu,Ramanathapuram ��������������������������������������������������������������������������������������������������������������������������������������������������������������������������������������������������������������������������������������������������� Paramakudi,Dengue,2016,37,99.0,0.0,9.4684575,78.7462095,0.05448286421,312.96,5.0,2016-09-15
Tamil Nadu,Ramanathapuram-Paramakudi,Dengue,2017,2,65.0,0.0,9.4684575,78.7462095,0.0001585142489,308.89,6.0,2017-01-11
Tamil Nadu,Ramanathapuram-Paramakudi,Dengue,2017,10,14.0,1.0,9.4684575,78.7462095,0.2280513671,312.12,5.0,2017-03-10
Tamil Nadu,Saidapet,Cholera,2011,39,5.0,0.0,13.020817,80.2239536,0.04185250031,307.22,11.0,2011-10-01
Tamil Nadu,Salem,Acute Diarrhoeal Disease,2009,27,12.0,0.0,11.0600516,77.0679581,0.7144459837,311.0,,2009-07-04
Tamil Nadu,Salem,Acute Diarrhoeal Disease,2010,18,14.0,0.0,11.0600516,77.0679581,0.2914340506,309.84000000000003,8.0,2010-05-05
Tamil Nadu,Salem,Acute Diarrhoeal Disease,2011,18,13.0,0.0,11.0600516,77.0679581,0.1690344056,303.44,10.0,2011-05-04
Tamil Nadu,Salem,Acute Diarrhoeal Disease,2012,33,86.0,0.0,11.0600516,77.0679581,1.176260731,,7.0,2012-08-13
Tamil Nadu,Salem,Acute Diarrhoeal Disease,2014,30,20.0,0.0,11.0600516,77.0679581,0.0728804288,302.7133334,6.0,2014-07-22
Tamil Nadu,Salem,Acute Diarrhoeal Disease,2014,33,150.0,0.0,11.0600516,77.0679581,0.7223715104,308.92,,2014-08-13
Tamil Nadu,Salem,Acute Diarrhoeal Disease,2015,46,20.0,0.0,11.0600516,77.0679581,0.4925684909,301.12,4.0,2015-11-15
Tamil Nadu,Salem,Acute Diarrhoeal Disease,2017,8,20.0,4.0,11.0600516,77.0679581,0.00044786498854999996,310.84749999999997,7.0,2017-02-22
Tamil Nadu,Salem,Acute Diarrhoeal Disease,2017,13,14.0,0.0,11.0600516,77.0679581,0.02025262231,314.1,8.0,2017-03-27
Tamil Nadu,Salem,Acute Diarrhoeal Disease,2017,15,16.0,0.0,11.0600516,77.0679581,0.0191757263,311.445,6.0,2017-04-11
Tamil Nadu,Salem,Acute Diarrhoeal Disease,2018,6,48.0,0.0,11.0600516,77.0679581,0.3704065416,305.264,,2018-02-10
Tamil Nadu,Salem,Acute Diarrhoeal Disease,2021,47,13.0,0.0,11.0600516,77.0679581,0.419424465,299.325,10.0,2021-11-22
Tamil Nadu,Salem,Chikungunya,2009,26,16.0,0.0,11.0600516,77.0679581,0.1693351768,310.86,5.0,2009-06-23
Tamil Nadu,Salem,Chikungunya,2009,29,91.0,0.0,11.0600516,77.0679581,0.2467298268,298.64,5.0,2009-07-15
Tamil Nadu,Salem,Chikungunya,2009,32,25.0,0.0,11.0600516,77.0679581,0.2945496566,308.22,8.0,2009-08-03
Tamil Nadu,Salem,Chikungunya,2009,35,21.0,0.0,11.0600516,77.0679581,0.1411278607,309.2866666,,2009-08-29
Tamil Nadu,Salem,Chikungunya,2010,37,35.0,0.0,11.0600516,77.0679581,0.4201370451,308.24,,2010-09-13
Tamil Nadu,Salem,Chikungunya,2011,26,60.0,0.0,11.0600516,77.0679581,0.08771809858,302.875,10.0,2011-06-27
Tamil Nadu,Salem,Chikungunya,2011,28,58.0,0.0,11.0600516,77.0679581,0.3025321207,307.3466666,,2011-07-12
Tamil Nadu,Salem,Chikungunya,2011,49,15.0,0.0,11.0600516,77.0679581,0.1249275227,301.82,10.0,2011-12-08
Tamil Nadu,Salem,Chikungunya,2012,31,27.0,0.0,11.0600516,77.0679581,0.02968363281,307.64,,2012-08-04
Tamil Nadu,Salem,Chikungunya,2012,32,30.0,0.0,11.0600516,77.0679581,1.034418064,297.42,,2012-08-12
Tamil Nadu,Salem,Chikungunya,2015,23,11.0,0.0,11.0600516,77.0679581,0.1914351563,305.81333340000003,,2015-06-02
Tamil Nadu,Salem,Chikungunya,2017,32,25.0,0.0,11.0600516,77.0679581,0.7634166473,310.64,,2017-08-12
Tamil Nadu,Salem,Chikungunya,2018,29,45.0,0.0,11.0600516,77.0679581,0.372596741,302.48,4.0,2018-07-16
Tamil Nadu,Salem,Chikungunya,2019,1,83.0,0.0,11.0600516,77.0679581,0.07573510553,301.56,7.0,2019-01-03
Tamil Nadu,Salem,Cholera,2010,18,82.0,0.0,11.0600516,77.0679581,0.1925171839,310.8666666,8.0,2010-05-03
Tamil Nadu,Salem,Dengue,2010,36,18.0,0.0,11.0600516,77.0679581,0.1723380144,,7.0,2010-09-09
Tamil Nadu,Salem,Dengue,2011,27,8.0,0.0,11.0600516,77.0679581,0.6842715098,305.40000000000003,8.0,2011-07-07
Tamil Nadu,Salem,Dengue,2012,2,9.0,0.0,11.0600516,77.0679581,0.01085998228,302.22400000000005,9.0,2012-01-10
Tamil Nadu,Salem,Dengue,2012,19,11.0,0.0,11.0600516,77.0679581,0.1255004649,308.48400000000004,,2012-05-07
Tamil Nadu,Salem,Dengue,2012,22,25.0,0.0,11.0600516,77.0679581,0.0920945825,308.06,8.0,2012-05-29
Tamil Nadu,Salem,Dengue,2012,24,16.0,0.0,11.0600516,77.0679581,0.1627695047,308.545,8.0,2012-06-15
Tamil Nadu,Salem,Dengue,2012,33,30.0,0.0,11.0600516,77.0679581,0.4477264767,307.22,,2012-08-19
Tamil Nadu,Salem,Dengue,2013,51,17.0,0.0,11.0600516,77.0679581,0.01032229399,301.30400000000003,8.0,2013-12-20
Tamil Nadu,Salem,Dengue,2015,23,15.0,0.0,11.0600516,77.0679581,0.238521734,304.09000000000003,11.0,2015-06-07
Tamil Nadu,Salem,Dengue,2017,25,18.0,0.0,11.0600516,77.0679581,0.1453390936,308.7,7.0,2017-06-19
Tamil Nadu,Salem,Dengue,2021,34,23.0,0.0,11.0600516,77.0679581,0.6687287045,305.96,9.0,2021-08-24
Tamil Nadu,Salem,Dengue,2021,40,36.0,0.0,11.0600516,77.0679581,0.7678714966,307.8,9.0,2021-10-06
Tamil Nadu,Salem,Dengue & Chikungunya,2012,48,15.0,0.0,11.0600516,77.0679581,0.3881372966,303.745,10.0,2012-11-27
Tamil Nadu,Salem,Malaria,2016,15,19.0,0.0,11.0600516,77.0679581,0.06672174128,309.768,,2016-04-13
Tamil Nadu,Sivaganga,Acute Diarrhoeal Disease,2010,17,13.0,0.0,9.851231,78.53047155,0.09213108734,317.03000000000003,4.0,2010-04-28
Tamil Nadu,Sivaganga,Acute Diarrhoeal Disease,2011,20,22.0,0.0,9.851231,78.53047155,0.187793751,311.645,8.0,2011-05-22
Tamil Nadu,Sivaganga,Acute Diarrhoeal Disease,2013,30,17.0,0.0,9.851231,78.53047155,0.1589887735,313.92,,2013-07-27
Tamil Nadu,Sivaganga,Acute Diarrhoeal Disease,2013,48,15.0,0.0,9.851231,78.53047155,0.07244195142,308.62,8.0,2013-11-30
Tamil Nadu,Sivaganga,Acute Diarrhoeal Disease,2017,14,23.0,0.0,9.851231,78.53047155,0.0009406631337,314.7966666,5.0,2017-04-09
Tamil Nadu,Sivaganga,Acute Diarrhoeal Disease,2018,35,11.0,0.0,9.851231,78.53047155,0.07232866875,315.25333340000003,,2018-08-28
Tamil Nadu,Sivaganga,Acute Diarrhoeal Disease,2020,8,13.0,0.0,9.851231,78.53047155,0.01681857719,307.356,,2020-02-17
Tamil Nadu,Sivaganga,Chikungunya,2015,10,10.0,0.0,9.851231,78.53047155,0.07480465741,310.0866666,,2015-03-06
Tamil Nadu,Sivaganga,Chikungunya,2018,12,10.0,0.0,9.851231,78.53047155,0.01019267569,315.09200000000004,5.0,2018-03-24
Tamil Nadu,Sivaganga,Chikungunya,2018,29,20.0,0.0,9.851231,78.53047155,0.1954551777,310.38,7.0,2018-07-17
Tamil Nadu,Sivaganga,Chikungunya,2018,36,41.0,0.0,9.851231,78.53047155,0.1127529269,307.53000000000003,,2018-09-05
Tamil Nadu,Sivaganga,Chikungunya,2018,37,29.0,0.0,9.851231,78.53047155,0.3444830988,313.375,7.0,2018-09-15
Tamil Nadu,Sivaganga,Dengue,2010,43,30.0,0.0,9.851231,78.53047155,0.616651917,308.625,10.0,2010-10-29
Tamil Nadu,Sivaganga,Dengue,2011,45,6.0,0.0,9.851231,78.53047155,0.2603008803,304.4533334,10.0,2011-11-12
Tamil Nadu,Sivaganga,Dengue,2015,6,30.0,0.0,9.851231,78.53047155,0.01110108443,303.2733334,8.0,2015-02-03
Tamil Nadu,Sivaganga,Dengue,2015,7,20.0,0.0,9.851231,78.53047155,0.001896527639,306.54,,2015-02-09
Tamil Nadu,Sivaganga,Dengue,2015,8,20.0,0.0,9.851231,78.53047155,0.02033364281,306.7233334,7.0,2015-02-16
Tamil Nadu,Sivaganga,Dengue,2015,37,21.0,0.0,9.851231,78.53047155,0.2748594806,,8.0,2015-09-09
Tamil Nadu,Sivaganga,Dengue,2016,52,19.0,0.0,9.851231,78.53047155,0.02638827419,306.08,8.0,2016-12-27
Tamil Nadu,Sivaganga,Dengue,2017,28,19.0,0.0,9.851231,78.53047155,0.1272849679,311.7,,2017-07-11
Tamil Nadu,Sivaganga,Dengue,2021,39,13.0,0.0,9.851231,78.53047155,0.07165945303,309.6533334,,2021-09-30
Tamil Nadu,Sivaganga,Dengue & Chikungunya,2014,52,25.0,0.0,9.851231,78.53047155,0.06946399162,297.7733334,5.0,2014-12-25
Tamil Nadu,Tenkasi,Dengue,2022,20,19.0,0.0,9.0318958,77.36536125,0.4864043787,314.98,7.0,2022-05-20
Tamil Nadu,Tenkasi (Tirunelveli),Chikungunya,2020,23,25.0,0.0,8.9707606,77.3036864,0.9300106017,304.92,9.0,2020-06-05
Tamil Nadu,Thanjavur,Acute Diarrhoeal Disease,2009,27,32.0,0.0,10.7860267,79.1381497,0.137618034,312.97,,2009-07-03
Tamil Nadu,Thanjavur,Acute Diarrhoeal Disease,2010,48,4.0,1.0,10.7860267,79.1381497,1.911279191,300.36,7.0,2010-12-01
Tamil Nadu,Thanjavur,Acute Diarrhoeal Disease,2011,4,66.0,2.0,10.7860267,79.1381497,0.009439082476,303.0133334,,2011-01-25
Tamil Nadu,Thanjavur,Acute Diarrhoeal Disease,2011,8,18.0,0.0,10.7860267,79.1381497,0.01659719939,305.6433334,8.0,2011-02-21
Tamil Nadu,Thanjavur,Acute Diarrhoeal Disease,2011,26,25.0,0.0,10.7860267,79.1381497,0.09185294468,310.8666666,6.0,2011-06-27
Tamil Nadu,Thanjavur,Acute Diarrhoeal Disease,2011,50,32.0,0.0,10.7860267,79.1381497,0.05632934196,300.37,,2011-12-18
Tamil Nadu,Thanjavur,Acute Diarrhoeal Disease,2012,9,29.0,0.0,10.7860267,79.1381497,0.0004408192248,309.332,8.0,2012-03-01
Tamil Nadu,Thanjavur,Acute Diarrhoeal Disease,2012,21,72.0,0.0,10.7860267,79.1381497,0.1342329424,311.07,7.0,2012-05-26
Tamil Nadu,Thanjavur,Acute Diarrhoeal Disease,2013,28,45.0,2.0,10.7860267,79.1381497,0.08412576544,,4.0,2013-07-13
Tamil Nadu,Thanjavur,Acute Diarrhoeal Disease,2016,23,15.0,0.0,10.7860267,79.1381497,0.4507535239,313.17,8.0,2016-06-06
Tamil Nadu,Thanjavur,Acute Diarrhoeal Disease,2018,14,68.0,0.0,10.7860267,79.1381497,0.007168373219,313.145,6.0,2018-04-08
Tamil Nadu,Thanjavur,Acute Diarrhoeal Disease,2018,30,10.0,0.0,10.7860267,79.1381497,0.03713612888,313.2,,2018-07-27
Tamil Nadu,Thanjavur,Acute Diarrhoeal Disease,2018,31,15.0,0.0,10.7860267,79.1381497,0.126728941,310.33,6.0,2018-08-03
Tamil Nadu,Thanjavur,Acute Diarrhoeal Disease,2020,8,61.0,0.0,10.7860267,79.1381497,0.01945987739,308.735,,2020-02-17
Tamil Nadu,Thanjavur,Acute Diarrhoeal Disease,2020,27,57.0,0.0,10.7860267,79.1381497,0.2544956103,311.48,7.0,2020-07-04
Tamil Nadu,Thanjavur,Acute Diarrhoeal Disease,2022,22,9.0,0.0,10.7860267,79.1381497,0.1644044216,310.305,9.0,2022-06-03
Tamil Nadu,Thanjavur,Chikungunya,2012,39,19.0,0.0,10.7860267,79.1381497,0.07849861396,308.635,8.0,2012-09-27
Tamil Nadu,Thanjavur,Chikungunya,2014,39,28.0,0.0,10.7860267,79.1381497,0.2006695863,307.11,7.0,2014-09-26
Tamil Nadu,Thanjavur,Chikungunya,2014,44,86.0,0.0,10.7860267,79.1381497,0.4247855229,302.4066666,8.0,2014-10-30
Tamil Nadu,Thanjavur,Cholera,2012,13,3.0,0.0,10.7860267,79.1381497,8.63e-05,312.94333340000003,7.0,2012-03-26
Tamil Nadu,Thanjavur,Dengue,2011,39,20.0,0.0,10.7860267,79.1381497,0.05761341603,305.0966666,12.0,2011-10-02
Tamil Nadu,Thanjavur,Dengue,2012,37,48.0,0.0,10.7860267,79.1381497,0.1410459727,309.46,,2012-09-13
Tamil Nadu,Thanjavur,Dengue,2012,41,65.0,0.0,10.7860267,79.1381497,0.6264695704,309.9666666,9.0,2012-10-10
Tamil Nadu,Thanjavur,Dengue,2013,46,18.0,0.0,10.7860267,79.1381497,0.002248812803,304.9533334,11.0,2013-11-14
Tamil Nadu,Thanjavur,Dengue,2015,36,22.0,0.0,10.7860267,79.1381497,0.03541508713,312.485,8.0,2015-09-03
Tamil Nadu,Thanjavur,Dengue,2015,39,19.0,0.0,10.7860267,79.1381497,0.1219149599,314.345,7.0,2015-09-23
Tamil Nadu,Thanjavur,Dengue,2016,36,56.0,0.0,10.7860267,79.1381497,0.06720439713,311.56,8.0,2016-09-08
Tamil Nadu,The Nilgiris,Acute Diarrhoeal Disease,2019,24,16.0,0.0,11.4,76.7,1.149095645,301.55333340000004,18.0,2019-06-13
Tamil Nadu,Theni,Acute Diarrhoeal Disease,2010,19,13.0,0.0,9.9696643,77.47420049,0.0372602183,314.695,6.0,2010-05-14
Tamil Nadu,Theni,Acute Diarrhoeal Disease,2010,21,21.0,0.0,9.9696643,77.47420049,0.08107195809,313.99,6.0,2010-05-26
Tamil Nadu,Theni,Acute Diarrhoeal Disease,2010,24,25.0,0.0,9.9696643,77.47420049,0.5856858554,,,2010-06-18
Tamil Nadu,Theni,Acute Diarrhoeal Disease,2010,27,28.0,0.0,9.9696643,77.47420049,0.2688121983,316.6666666,5.0,2010-07-06
Tamil Nadu,Theni,Acute Diarrhoeal Disease,2011,16,11.0,0.0,9.9696643,77.47420049,0.5498600001,313.6533334,,2011-04-22
Tamil Nadu,Theni,Acute Diarrhoeal Disease,2014,27,10.0,0.0,9.9696643,77.47420049,0.06728575799,314.31333340000003,6.0,2014-07-02
Tamil Nadu,Theni,Acute Diarrhoeal Disease,2015,21,36.0,0.0,9.9696643,77.47420049,0.7331649154,305.39,10.0,2015-05-19
Tamil Nadu,Theni,Chikungunya,2009,28,50.0,0.0,9.9696643,77.47420049,0.2562282816,316.06,4.0,2009-07-07
Tamil Nadu,Theni,Chikungunya,2009,29,10.0,0.0,9.9696643,77.47420049,0.06405189711,314.1466666,4.0,2009-07-15
Tamil Nadu,Theni,Chikungunya,2009,32,82.0,0.0,9.9696643,77.47420049,0.2169554891,315.25,4.0,2009-08-03
Tamil Nadu,Theni,Chikungunya,2012,33,30.0,0.0,9.9696643,77.47420049,0.394840877,318.28000000000003,5.0,2012-08-17
Tamil Nadu,Theni,Chikungunya,2014,24,66.0,0.0,9.9696643,77.47420049,0.07469071328,312.1533334,7.0,2014-06-11
Tamil Nadu,Theni,Chikungunya,2018,25,28.0,0.0,9.9696643,77.47420049,0.06686248441,311.88,6.0,2018-06-21
Tamil Nadu,Theni,Chikungunya,2019,32,34.0,0.0,9.9696643,77.47420049,0.2719435978,,3.0,2019-08-09
Tamil Nadu,Theni,Chikungunya,2019,36,43.0,0.0,9.9696643,77.47420049,0.04284734381,313.90000000000003,6.0,2019-09-07
Tamil Nadu,Theni,Cholera,2010,19,23.0,0.0,9.9696643,77.47420049,0.06652695286,315.7333334,6.0,2010-05-12
Tamil Nadu,Theni,Cholera,2012,1,21.0,0.0,9.9696643,77.47420049,0.4204133468,300.02500000000003,13.0,2012-01-03
Tamil Nadu,Theni,Dengue,2009,46,5.0,0.0,9.9696643,77.47420049,2.362386394,,5.0,2009-11-11
Tamil Nadu,Theni,Dengue,2011,19,11.0,0.0,9.9696643,77.47420049,0.07313094396,308.6866666,,2011-05-09
Tamil Nadu,Theni,Dengue,2012,21,9.0,0.0,9.9696643,77.47420049,0.2895826607,309.65000000000003,7.0,2012-05-25
Tamil Nadu,Theni,Dengue,2012,34,26.0,0.0,9.9696643,77.47420049,0.2249669691,313.46,5.0,2012-08-22
Tamil Nadu,Theni,Dengue,2013,24,63.0,0.0,9.9696643,77.47420049,0.1166061241,318.31,,2013-06-10
Tamil Nadu,Theni,Dengue,2013,41,36.0,0.0,9.9696643,77.47420049,0.01359488298,316.8433334,,2013-10-08
Tamil Nadu,Theni,Dengue,2015,33,19.0,0.0,9.9696643,77.47420049,0.01443692172,313.955,,2015-08-13
Tamil Nadu,Theni,Dengue,2017,22,31.0,0.0,9.9696643,77.47420049,0.1821434045,312.2333334,6.0,2017-05-29
Tamil Nadu,Thiruvannamalai,Acute Diarrhoeal Disease,2009,28,36.0,0.0,9.539867,77.6197904,0.2663984074,316.06,4.0,2009-07-06
Tamil Nadu,Thiruvannamalai,Acute Diarrhoeal Disease,2010,9,162.0,0.0,9.539867,77.6197904,0.0004217284325,314.064,6.0,2010-03-01
Tamil Nadu,Thiruvannamalai,Chikungunya,2014,32,10.0,0.0,9.539867,77.6197904,0.1517497553,317.54,4.0,2014-08-09
Tamil Nadu,Thiruvannamalai,Chikungunya,2014,38,11.0,0.0,9.539867,77.6197904,0.09246116795,315.5333334,5.0,2014-09-19
Tamil Nadu,Thiruvannamalai,Chikungunya,2015,41,42.0,0.0,9.539867,77.6197904,0.4633541367,310.66,8.0,2015-10-05
Tamil Nadu,Thiruvannamalai,Cholera,2011,50,15.0,0.0,9.539867,77.6197904,0.1140164655,302.008,13.0,2011-12-12
Tamil Nadu,Thiruvannamalai,Dengue,2012,39,32.0,0.0,9.539867,77.6197904,0.0590562396,312.81,6.0,2012-09-27
Tamil Nadu,Thiruvannamalai,Dengue,2014,28,12.0,0.0,9.539867,77.6197904,0.04375064205,312.5133334,4.0,2014-07-13
Tamil Nadu,Thiruvannamalai,Dengue,2015,41,9.0,0.0,9.539867,77.6197904,0.1810904139,311.2466666,,2015-10-08
Tamil Nadu,Thiruvannamalai,Dengue & Chikungunya,2015,37,28.0,0.0,9.539867,77.6197904,0.2862972577,304.40000000000003,7.0,2015-09-08
Tamil Nadu,Thoothukudi,Acute Diarrhoeal Disease,2011,46,20.0,0.0,8.8052602,78.1452745,0.09363320126,307.66,,2011-11-16
Tamil Nadu,Thoothukudi,Acute Diarrhoeal Disease,2012,1,15.0,0.0,8.8052602,78.1452745,0.06198671477,303.505,,2012-01-08
Tamil Nadu,Thoothukudi,Acute Diarrhoeal Disease,2012,7,19.0,0.0,8.8052602,78.1452745,0.2299828138,305.135,7.0,2012-02-13
Tamil Nadu,Thoothukudi,Acute Diarrhoeal Disease,2012,8,14.0,0.0,8.8052602,78.1452745,0.0001395982142,308.415,6.0,2012-02-24
Tamil Nadu,Thoothukudi,Acute Diarrhoeal Disease,2013,40,20.0,0.0,8.8052602,78.1452745,0.004823381798,318.776,,2013-09-30
Tamil Nadu,Thoothukudi,Acute Diarrhoeal Disease,2018,18,15.0,0.0,8.8052602,78.1452745,0.06162917279,314.968,3.0,2018-05-02
Tamil Nadu,Thoothukudi,Acute Diarrhoeal Disease,2019,7,34.0,0.0,8.8052602,78.1452745,0.2012647131,308.52500000000003,4.0,2019-02-15
Tamil Nadu,Thoothukudi,Chikungunya,2012,9,55.0,0.0,8.8052602,78.1452745,0.006415241047,312.02,7.0,2012-03-01
Tamil Nadu,Thoothukudi,Chikungunya,2012,16,12.0,0.0,8.8052602,78.1452745,0.07551768305,311.975,5.0,2012-04-17
Tamil Nadu,Thoothukudi,Chikungunya,2017,31,29.0,0.0,8.8052602,78.1452745,0.09788972959,316.4866666,3.0,2017-08-06
Tamil Nadu,Thoothukudi,Dengue,2011,52,42.0,0.0,8.8052602,78.1452745,0.1555477508,298.6666666,10.0,2012-01-01
Tamil Nadu,Thoothukudi,Dengue,2012,20,21.0,0.0,8.8052602,78.1452745,0.07773494995,314.18,6.0,2012-05-18
Tamil Nadu,Thoothukudi,Dengue,2012,29,17.0,0.0,8.8052602,78.1452745,0.06364257279,314.46,4.0,2012-07-20
Tamil Nadu,Thoothukudi,Dengue,2013,34,12.0,0.0,8.8052602,78.1452745,0.05777245412,315.25333340000003,4.0,2013-08-23
Tamil Nadu,Tiruchirapalli,Acute Diarrhoeal Disease,2010,19,29.0,0.0,10.8219673,78.6830614,0.03043903458,310.54,7.0,2010-05-14
Tamil Nadu,Tiruchirapalli,Acute Diarrhoeal Disease,2012,18,85.0,0.0,10.8219673,78.6830614,0.255457975,310.115,7.0,2012-05-06
Tamil Nadu,Tiruchirapalli,Acute Diarrhoeal Disease,2012,20,80.0,0.0,10.8219673,78.6830614,0.1663623687,309.708,8.0,2012-05-14
Tamil Nadu,Tiruchirapalli,Acute Diarrhoeal Disease,2012,36,19.0,0.0,10.8219673,78.6830614,0.07175662206,309.90000000000003,8.0,2012-09-07
Tamil Nadu,Tiruchirapalli,Acute Diarrhoeal Disease,2013,14,15.0,0.0,10.8219673,78.6830614,0.01382630121,315.185,5.0,2013-04-04
Tamil Nadu,Tiruchirapalli,Acute Diarrhoeal Disease,2015,39,18.0,0.0,10.8219673,78.6830614,0.2222987456,310.745,7.0,2015-09-25
Tamil Nadu,Tiruchirapalli,Acute Diarrhoeal Disease,2018,22,17.0,0.0,10.8219673,78.6830614,0.02972300449,310.38,,2018-06-02
Tamil Nadu,Tiruchirapalli,Acute Diarrhoeal Disease,2022,23,24.0,0.0,10.7992254,78.6811423,0.05825984009,308.19,9.0,2022-06-06
Tamil Nadu,Tiruchirapalli,Chikungunya,2009,39,8.0,0.0,10.7992254,78.6811423,0.5714350858,305.684,9.0,2009-09-24
Tamil Nadu,Tiruchirapalli,Chikungunya,2012,15,34.0,0.0,10.7992254,78.6811423,0.01526588756,313.5,,2012-04-14
Tamil Nadu,Tiruchirapalli,Chikungunya,2012,16,29.0,0.0,10.8219673,78.6830614,0.01557259856,316.05,6.0,2012-04-16
Tamil Nadu,Tiruchirapalli,Chikungunya,2012,33,20.0,0.0,10.8219673,78.6830614,0.1723455923,307.92,7.0,2012-08-18
Tamil Nadu,Tiruchirapalli,Chikungunya,2012,39,45.0,0.0,10.8219673,78.6830614,0.07849861396,308.635,8.0,2012-09-27
Tamil Nadu,Tiruchirapalli,Chikungunya,2013,13,27.0,0.0,10.7992254,78.6811423,0.022591156,314.90999999999997,7.0,2013-03-28
Tamil Nadu,Tiruchirapalli,Chikungunya,2014,5,22.0,0.0,10.7992254,78.6811423,0.02187047771,304.436,8.0,2014-01-29
Tamil Nadu,Tiruchirapalli,Chikungunya,2014,23,37.0,0.0,10.7992254,78.6811423,0.1879498449,309.87,9.0,2014-06-06
Tamil Nadu,Tiruchirapalli,Chikungunya,2014,27,19.0,0.0,10.7992254,78.6811423,0.1672357026,314.40000000000003,6.0,2014-07-02
Tamil Nadu,Tiruchirapalli,Chikungunya,2015,4,13.0,0.0,10.8219673,78.6830614,0.04722714527,304.3,,2015-01-25
Tamil Nadu,Tiruchirapalli,Chikungunya,2018,7,23.0,0.0,10.8219673,78.6830614,0.0134968099,308.73,,2018-02-18
Tamil Nadu,Tiruchirapalli,Chikungunya,2018,22,31.0,0.0,10.8219673,78.6830614,0.137969752,310.38,8.0,2018-05-31
Tamil Nadu,Tiruchirapalli,Cholera,2012,18,14.0,1.0,10.8219673,78.6830614,0.245743166,310.416,7.0,2012-05-05
Tamil Nadu,Tiruchirapalli,Cholera,2013,29,13.0,0.0,10.7992254,78.6811423,0.0353640941,316.02,4.0,2013-07-17
Tamil Nadu,Tiruchirapalli,Cholera,2022,23,17.0,0.0,10.7992254,78.6811423,0.05825984009,308.19,9.0,2022-06-06
Tamil Nadu,Tiruchirapalli,Dengue,2011,41,16.0,0.0,10.8219673,78.6830614,0.678364012,304.6733334,12.0,2011-10-14
Tamil Nadu,Tiruchirapalli,Dengue,2012,23,15.0,0.0,10.8219673,78.6830614,0.02611264208,313.4733334,,2012-06-09
Tamil Nadu,Tiruchirapalli,Dengue,2012,24,12.0,0.0,10.8219673,78.6830614,0.0500343412,310.81,6.0,2012-06-14
Tamil Nadu,Tiruchirapalli,Dengue,2012,38,16.0,0.0,10.8219673,78.6830614,0.1619635349,309.04400000000004,9.0,2012-09-18
Tamil Nadu,Tiruchirapalli,Dengue,2015,2,26.0,0.0,10.8219673,78.6830614,0.04219313827,302.6,,2015-01-09
Tamil Nadu,Tiruchirapalli,Dengue,2015,14,24.0,0.0,10.8219673,78.6830614,0.07376734164,312.376,6.0,2015-04-05
Tamil Nadu,Tiruchirapalli,Dengue,2015,17,32.0,0.0,10.8219673,78.6830614,0.1890576,306.92,5.0,2015-04-21
Tamil Nadu,Tiruchirapalli,Dengue,2015,24,11.0,0.0,10.8219673,78.6830614,0.1777859728,309.8933334,10.0,2015-06-08
Tamil Nadu,Tiruchirapalli,Dengue,2016,39,11.0,0.0,10.8219673,78.6830614,0.0047640781,310.944,7.0,2016-09-27
Tamil Nadu,Tiruchirapalli,Dengue,2017,24,19.0,0.0,10.8219673,78.6830614,0.1358727892,312.3866666,5.0,2017-06-16
Tamil Nadu,Tirunelveli,Acute Diarrhoeal Disease,2010,24,36.0,0.0,8.7284271,77.7112925,0.7543232993,,,2010-06-17
Tamil Nadu,Tirunelveli,Acute Diarrhoeal Disease,2012,23,11.0,0.0,8.7284271,77.7112925,0.03784565483,308.2133334,4.0,2012-06-10
Tamil Nadu,Tirunelveli,Acute Diarrhoeal Disease,2014,6,32.0,0.0,8.7284271,77.7112925,0.04096906064,303.81333340000003,16.0,2014-02-04
Tamil Nadu,Tirunelveli,Acute Diarrhoeal Disease,2015,39,19.0,0.0,8.7284271,77.7112925,0.03827807289,309.8933334,,2015-09-22
Tamil Nadu,Tirunelveli,Acute Diarrhoeal Disease,2017,13,12.0,0.0,8.7284271,77.7112925,0.01638806454,312.56,10.0,2017-03-27
Tamil Nadu,Tirunelveli,Chikungunya,2009,35,17.0,0.0,8.7284271,77.7112925,0.09101110964,312.8,5.0,2009-08-27
Tamil Nadu,Tirunelveli,Chikungunya,2013,2,51.0,0.0,8.7284271,77.7112925,0.2726167614,301.425,15.0,2013-01-13
Tamil Nadu,Tirunelveli,Chikungunya,2013,3,45.0,0.0,8.7284271,77.7112925,0.002963815897,302.39,,2013-01-16
Tamil Nadu,Tirunelveli,Chikungunya,2013,6,28.0,0.0,8.7284271,77.7112925,0.004292547772,305.068,15.0,2013-02-05
Tamil Nadu,Tirunelveli,Chikungunya,2020,24,4.0,0.0,8.7284271,77.7112925,0.1544300263,312.72,,2020-06-08
Tamil Nadu,Tirunelveli,Cholera,2011,9,104.0,2.0,8.7284271,77.7112925,0.087986142,305.67,11.0,2011-03-03
Tamil Nadu,Tirunelveli,Cholera,2011,16,13.0,0.0,8.7284271,77.7112925,0.09876300738,307.04400000000004,9.0,2011-04-18
Tamil Nadu,Tirunelveli,Cholera,2019,51,1.0,0.0,8.7284271,77.7112925,0.3583284273,299.91,12.0,2019-12-20
Tamil Nadu,Tirunelveli,Dengue,2011,20,16.0,0.0,8.7284271,77.7112925,0.02563029155,308.03200000000004,10.0,2011-05-21
Tamil Nadu,Tirunelveli,Dengue,2012,16,1553.0,44.0,8.7284271,77.7112925,0.07157962327,314.2,8.0,2012-04-18
Tamil Nadu,Tirunelveli,Dengue,2015,38,85.0,3.0,8.7284271,77.7112925,0.06792298863,308.92,,2015-09-14
Tamil Nadu,Tirunelveli,Dengue,2016,3,32.0,1.0,8.7284271,77.7112925,0.0001528329676,301.7266666,18.0,2016-01-20
Tamil Nadu,Tirunelveli,Dengue,2016,5,13.0,1.0,8.7284271,77.7112925,0.007543587547,300.14,,2016-02-02
Tamil Nadu,Tirunelveli,Dengue,2017,28,37.0,0.0,8.7284271,77.7112925,0.02591876574,309.56,3.0,2017-07-15
Tamil Nadu,Tirunelveli,Dengue,2017,29,37.0,1.0,8.7284271,77.7112925,0.02525268231,,3.0,2017-07-17
Tamil Nadu,Tirunelveli,Dengue,2019,13,35.0,0.0,8.7284271,77.7112925,0.02209664155,311.208,9.0,2019-03-26
Tamil Nadu,Tirunelveli,Dengue,2019,49,14.0,0.0,8.7284271,77.7112925,1.660338535,300.49,,2019-12-03
Tamil Nadu,Tirunelveli Sankarankovil,Dengue,2015,4,16.0,1.0,8.7352443,77.6864945,0.01956942885,301.0733334,17.0,2015-01-21
Tamil Nadu,Tirunelveli Sankarankovil,Dengue,2016,3,28.0,1.0,8.7352443,77.6864945,0.0001528329676,301.7266666,18.0,2016-01-20
Tamil Nadu,Tirunelveli Sankarankovil,Dengue,2017,2,142.0,1.0,8.7352443,77.6864945,0.0006228565076,305.964,15.0,2017-01-12
Tamil Nadu,Tirupattur,Acute Diarrhoeal Disease,2018,16,13.0,0.0,12.490898,78.564709,0.02718676381,310.3666666,8.0,2018-04-20
Tamil Nadu,Tiruppur,Acute Diarrhoeal Disease,2017,23,25.0,0.0,11.1017815,77.345192,0.3065164123,315.93333340000004,4.0,2017-06-05
Tamil Nadu,Tiruppur,Acute Diarrhoeal Disease,2018,5,23.0,0.0,11.1017815,77.345192,4.51e-05,310.59000000000003,6.0,2018-02-03
Tamil Nadu,Tiruppur,Chikungunya,2018,38,22.0,0.0,11.1017815,77.345192,0.1093620474,312.02,4.0,2018-09-19
Tamil Nadu,Tiruvallur,Acute Diarrhoeal Disease,2010,27,85.0,0.0,13.13014755,79.92435386,0.2797536479,304.68,8.0,2010-07-05
Tamil Nadu,Tiruvallur,Acute Diarrhoeal Disease,2011,8,30.0,0.0,13.13014755,79.92435386,0.04554685673,304.865,7.0,2011-02-22
Tamil Nadu,Tiruvallur,Acute Diarrhoeal Disease,2014,30,13.0,0.0,13.13014755,79.92435386,0.02428256253,308.82,8.0,2014-07-23
Tamil Nadu,Tiruvallur,Acute Diarrhoeal Disease,2016,18,28.0,0.0,13.1394221,79.9070839,0.00443689115,313.128,7.0,2016-05-05
Tamil Nadu,Tiruvallur,Acute Diarrhoeal Disease,2016,32,59.0,0.0,13.13014755,79.92435386,0.0369367276,310.6,9.0,2016-08-13
Tamil Nadu,Tiruvallur,Acute Diarrhoeal Disease,2016,47,60.0,0.0,13.13014755,79.92435386,0.01207404781,302.2066666,,2016-11-23
Tamil Nadu,Tiruvallur,Acute Diarrhoeal Disease,2017,25,14.0,0.0,13.1394221,79.9070839,0.2430307088,309.98,7.0,2017-06-22
Tamil Nadu,Tiruvallur,Acute Diarrhoeal Disease,2017,40,26.0,0.0,13.13014755,79.92435386,0.7070288885,308.01,,2017-10-07
Tamil Nadu,Tiruvallur,Acute Diarrhoeal Disease,2019,27,11.0,0.0,13.1394221,79.9070839,0.05142898177,312.88,5.0,2019-07-06
Tamil Nadu,Tiruvallur,Acute Diarrhoeal Disease,2019,30,43.0,0.0,13.1120553,80.0917415,0.640574405,308.27,8.0,2019-07-26
Tamil Nadu,Tiruvallur,Acute Diarrhoeal Disease,2021,48,147.0,0.0,13.1394221,79.9070839,0.86399891,302.06,,2021-12-03
Tamil Nadu,Tiruvallur,Acute Diarrhoeal Disease,2021,49,6.0,0.0,13.1394221,79.9070839,0.05254252968,300.31,8.0,2021-12-07
Tamil Nadu,Tiruvallur,Acute Diarrhoeal Disease,2021,50,13.0,0.0,13.1394221,79.9070839,0.225561643,299.74333340000004,8.0,2021-12-15
Tamil Nadu,Tiruvallur,Chikungunya,2011,35,35.0,0.0,13.13014755,79.92435386,0.161409477,,8.0,2011-08-31
Tamil Nadu,Tiruvallur,Cholera,2011,49,31.0,2.0,13.13014755,79.92435386,0.03851227113,303.12,9.0,2011-12-08
Tamil Nadu,Tiruvallur,Dengue,2016,29,32.0,0.0,13.13014755,79.92435386,0.6003986335,,11.0,2016-07-22
Tamil Nadu,Tiruvallur,Dengue,2017,33,20.0,0.0,13.13014755,79.92435386,0.4863094222,306.34000000000003,6.0,2017-08-16
Tamil Nadu,Tiruvallur,Dengue,2017,38,36.0,0.0,13.13014755,79.92435386,0.3660471481,302.5,10.0,2017-09-18
Tamil Nadu,Tiruvallur,Dengue,2017,40,47.0,0.0,13.1394221,79.9070839,0.7070288885,308.01,,2017-10-07
Tamil Nadu,Tiruvallur,Dengue,2018,7,17.0,0.0,13.1394221,79.9070839,0.004817441641,305.68,9.0,2018-02-16
Tamil Nadu,Tiruvannamalai,Acute Diarrhoeal Disease,2009,52,13.0,0.0,12.22721295,79.07015555,0.2505485455,296.54,,2009-12-26
Tamil Nadu,Tiruvannamalai,Acute Diarrhoeal Disease,2010,14,29.0,0.0,12.22721295,79.07015555,0.008206570204,312.01,7.0,2010-04-05
Tamil Nadu,Tiruvannamalai,Acute Diarrhoeal Disease,2010,23,10.0,0.0,12.22721295,79.07015555,0.5326681065,,7.0,2010-06-13
Tamil Nadu,Tiruvannamalai,Acute Diarrhoeal Disease,2010,27,18.0,0.0,12.22721295,79.07015555,0.2311447628,310.78000000000003,11.0,2010-07-05
Tamil Nadu,Tiruvannamalai,Acute Diarrhoeal Disease,2010,42,35.0,0.0,12.22721295,79.07015555,0.1619395694,304.91200000000003,13.0,2010-10-22
Tamil Nadu,Tiruvannamalai,Acute Diarrhoeal Disease,2011,8,22.0,0.0,12.22721295,79.07015555,0.2452633783,302.415,,2011-02-26
Tamil Nadu,Tiruvannamalai,Acute Diarrhoeal Disease,2011,37,11.0,0.0,12.22721295,79.07015555,0.2335127029,306.3866666,10.0,2011-09-16
Tamil Nadu,Tiruvannamalai,Acute Diarrhoeal Disease,2012,24,21.0,0.0,12.22721295,79.07015555,0.1398941167,309.2266666,,2012-06-16
Tamil Nadu,Tiruvannamalai,Acute Diarrhoeal Disease,2013,47,13.0,0.0,12.22721295,79.07015555,0.4448974126,298.39,13.0,2013-11-20
Tamil Nadu,Tiruvannamalai,Acute Diarrhoeal Disease,2015,38,21.0,0.0,12.22721295,79.07015555,0.005526542963,310.0733334,11.0,2015-09-19
Tamil Nadu,Tiruvannamalai,Acute Diarrhoeal Disease,2015,51,14.0,0.0,12.22721295,79.07015555,0.08547666771,299.336,8.0,2015-12-16
Tamil Nadu,Tiruvannamalai,Acute Diarrhoeal Disease,2017,7,55.0,0.0,12.22721295,79.07015555,0.01086650283,305.96,9.0,2017-02-16
Tamil Nadu,Tiruvannamalai,Acute Diarrhoeal Disease,2017,33,46.0,0.0,12.22721295,79.07015555,0.3997835747,301.88,8.0,2017-08-18
Tamil Nadu,Tiruvannamalai,Acute Diarrhoeal Disease,2019,48,16.0,0.0,12.22721295,79.07015555,0.4837179754,299.49333340000004,12.0,2019-12-01
Tamil Nadu,Tiruvannamalai,Acute Diarrhoeal Disease,2020,7,31.0,0.0,12.22721295,79.07015555,0.02488543113,302.396,10.0,2020-02-13
Tamil Nadu,Tiruvannamalai,Chikungunya,2010,37,25.0,0.0,12.22721295,79.07015555,0.5170620122,310.88,9.0,2010-09-15
Tamil Nadu,Tiruvannamalai,Chikungunya,2010,41,19.0,0.0,12.22721295,79.07015555,0.1838960268,303.4066666,12.0,2010-10-14
Tamil Nadu,Tiruvannamalai,Chikungunya,2011,50,9.0,0.0,12.22721295,79.07015555,0.04806343502,300.7,,2011-12-18
Tamil Nadu,Tiruvannamalai,Chikungunya,2013,32,13.0,0.0,12.22721295,79.07015555,0.06108949063,311.08,,2013-08-05
Tamil Nadu,Tiruvannamalai,Chikungunya,2013,40,15.0,0.0,12.22721295,79.07015555,0.008465507017,304.48,,2013-09-30
Tamil Nadu,Tiruvannamalai,Chikungunya,2013,42,13.0,0.0,12.22721295,79.07015555,0.1621631192,302.37333340000004,,2013-10-16
Tamil Nadu,Tiruvannamalai,Chikungunya,2014,45,16.0,0.0,12.22721295,79.07015555,0.1103597661,297.916,,2014-11-08
Tamil Nadu,Tiruvannamalai,Cholera,2011,41,12.0,0.0,12.22721295,79.07015555,0.6497342933,306.41,,2011-10-15
Tamil Nadu,Tiruvannamalai,Cholera,2011,49,10.0,0.0,12.22721295,79.07015555,0.05388412632,301.87,,2011-12-11
Tamil Nadu,Tiruvannamalai,Dengue,2010,29,9.0,0.0,12.22721295,79.07015555,0.3318388059,303.1,8.0,2010-07-24
Tamil Nadu,Tiruvannamalai,Dengue,2010,30,20.0,0.0,12.22721295,79.07015555,0.01032483905,306.62,,2010-07-28
Tamil Nadu,Tiruvannamalai,Dengue,2012,41,35.0,0.0,12.22721295,79.07015555,0.5108825033,307.01,15.0,2012-10-10
Tamil Nadu,Tiruvannamalai,Dengue,2014,36,13.0,0.0,12.22721295,79.07015555,0.3490585958,311.05,,2014-09-06
Tamil Nadu,Tiruvannamalai,Dengue,2015,27,8.0,0.0,12.22721295,79.07015555,0.04923516381,308.36,11.0,2015-07-01
Tamil Nadu,Tiruvannamalai,Dengue,2015,28,118.0,0.0,12.22721295,79.07015555,0.04927887127,309.54,10.0,2015-07-07
Tamil Nadu,Tiruvannamalai,Dengue,2015,35,12.0,0.0,12.22721295,79.07015555,0.2000845659,306.82,15.0,2015-08-25
Tamil Nadu,Tiruvannamalai,Dengue,2015,49,14.0,0.0,12.22721295,79.07015555,0.2661851655,300.985,12.0,2015-12-01
Tamil Nadu,Tiruvannamalai,Dengue,2017,1,21.0,0.0,12.22721295,79.07015555,0.001709245432,305.58,8.0,2017-01-07
Tamil Nadu,Tiruvannamalai,Dengue,2017,12,35.0,0.0,12.22721295,79.07015555,0.04302942016,311.49333340000004,7.0,2017-03-24
Tamil Nadu,Tiruvannamalai,Dengue,2017,24,13.0,0.0,12.22721295,79.07015555,0.07761097603,,7.0,2017-06-13
Tamil Nadu,Tiruvannamalai,Dengue,2017,25,26.0,0.0,12.22721295,79.07015555,0.2974605853,313.32,8.0,2017-06-21
Tamil Nadu,Tiruvannamalai,Dengue,2019,38,22.0,0.0,12.22721295,79.07015555,0.4951226494,305.37,,2019-09-21
Tamil Nadu,Tiruvarur,Acute Diarrhoeal Disease,2010,24,30.0,0.0,10.73618605,79.63318659,0.2055041526,,7.0,2010-06-16
Tamil Nadu,Tiruvarur,Acute Diarrhoeal Disease,2010,25,46.0,0.0,10.73618605,79.63318659,0.18364027935000002,307.04333330000003,10.5,2010-06-23
Tamil Nadu,Tiruvarur,Acute Diarrhoeal Disease,2010,49,54.0,0.0,10.73618605,79.63318659,1.128930165,299.76,,2010-12-10
Tamil Nadu,Tiruvarur,Acute Diarrhoeal Disease,2011,26,24.0,0.0,10.73618605,79.63318659,0.131480009,309.84000000000003,9.0,2011-07-02
Tamil Nadu,Tiruvarur,Acute Diarrhoeal Disease,2012,4,10.0,0.0,10.73618605,79.63318659,0.0001073696507,301.38,,2012-01-25
Tamil Nadu,Tiruvarur,Acute Diarrhoeal Disease,2012,24,112.0,0.0,10.73618605,79.63318659,0.04590510032,313.3,8.0,2012-06-12
Tamil Nadu,Tiruvarur,Acute Diarrhoeal Disease,2013,35,19.0,0.0,10.7760127,79.6199369,0.0555670842,307.1733334,,2013-08-28
Tamil Nadu,Tiruvarur,Acute Diarrhoeal Disease,2015,35,25.0,0.0,10.7760127,79.6199369,0.002387303385,308.98400000000004,11.0,2015-08-30
Tamil Nadu,Tiruvarur,Acute Diarrhoeal Disease,2015,53,35.0,1.0,10.7760127,79.6199369,0.03216665551,300.108,17.0,2016-01-02
Tamil Nadu,Tiruvarur,Acute Diarrhoeal Disease,2016,37,16.0,0.0,10.73618605,79.63318659,0.01058325331,311.68,,2016-09-12
Tamil Nadu,Tiruvarur,Acute Diarrhoeal Disease,2018,18,57.0,0.0,10.7760127,79.6199369,0.01896917175,310.61333340000004,9.0,2018-05-02
Tamil Nadu,Tiruvarur,Acute Diarrhoeal Disease,2018,30,270.0,0.0,10.7760127,79.6199369,0.09072206866,309.34000000000003,,2018-07-28
Tamil Nadu,Tiruvarur,Acute Diarrhoeal Disease,2019,11,263.0,0.0,10.7760127,79.6199369,0.01496587186,309.768,8.0,2019-03-11
Tamil Nadu,Tiruvarur,Acute Diarrhoeal Disease,2020,11,32.0,0.0,10.73618605,79.63318659,0.05966742573,307.67,7.0,2020-03-10
Tamil Nadu,Tiruvarur,Chikungunya,2013,30,53.0,0.0,10.7760127,79.6199369,0.09663766654,297.84000000000003,6.0,2013-07-23
Tamil Nadu,Tiruvarur,Cholera,2011,4,5.0,0.0,10.73618605,79.63318659,0.02959746411,301.3166666,9.0,2011-01-27
Tamil Nadu,Tiruvarur,Dengue,2010,32,22.0,0.0,10.73618605,79.63318659,0.1489311489,311.02,9.0,2010-08-10
Tamil Nadu,Tiruvarur,Malaria,2018,52,31.0,0.0,10.7760127,79.6199369,0.5308807053,299.1866666,19.0,2018-12-25
Tamil Nadu,Trichy,Acute Diarrhoeal Disease,2010,17,53.0,0.0,10.7992254,78.6811423,0.02047602677,313.54,5.0,2010-04-27
Tamil Nadu,Trichy,Acute Diarrhoeal Disease,2010,24,114.0,0.0,10.7992254,78.6811423,0.1820403341,,5.0,2010-06-15
Tamil Nadu,Trichy,Chikungunya,2009,42,38.0,0.0,10.7992254,78.6811423,0.1131071402,308.672,7.0,2009-10-18
Tamil Nadu,Trichy,Chikungunya,2009,50,28.0,0.0,10.7992254,78.6811423,0.1823243828,302.42,15.0,2009-12-08
Tamil Nadu,Trichy,Chikungunya,2016,8,13.0,0.0,10.7992254,78.6811423,0.002555762427,,,2016-02-26
Tamil Nadu,Trichy,Chikungunya,2019,11,23.0,0.0,10.7992254,78.6811423,0.006489457821,312.632,6.0,2019-03-12
Tamil Nadu,Trichy,Dengue,2012,13,78.0,0.0,10.7992254,78.6811423,0.01976844684,313.72,7.0,2012-03-30
Tamil Nadu,Trichy,Dengue,2012,35,35.0,0.0,10.7992254,78.6811423,0.2203914603,310.09000000000003,9.0,2012-09-01
Tamil Nadu,Tuticorin,Acute Diarrhoeal Disease,2011,49,29.0,0.0,8.8052602,78.1452745,0.2115017909,302.015,10.0,2011-12-06
Tamil Nadu,Tuticorin,Dengue,2014,35,12.0,0.0,8.8052602,78.1452745,0.2282621062,314.7066666,4.0,2014-08-27
Tamil Nadu,Udhagamandalam,Acute Diarrhoeal Disease,2017,21,18.0,0.0,11.471119,76.69065831,1.190697949,302.5733334,21.0,2017-05-26
Tamil Nadu,Vellore,Acute Diarrhoeal Disease,2009,45,15.0,0.0,12.7948109,79.0006411,0.402067569,303.5,10.0,2009-11-07
Tamil Nadu,Vellore,Acute Diarrhoeal Disease,2010,12,17.0,0.0,12.7948109,79.0006411,0.0002419117117,311.24,7.0,2010-03-24
Tamil Nadu,Vellore,Acute Diarrhoeal Disease,2010,19,12.0,0.0,12.7948109,79.0006411,0.009212822525,310.415,7.0,2010-05-13
Tamil Nadu,Vellore,Acute Diarrhoeal Disease,2010,23,11.0,1.0,12.7948109,79.0006411,0.2716898918,301.04,11.0,2010-06-11
Tamil Nadu,Vellore,Acute Diarrhoeal Disease,2011,24,18.0,0.0,12.7948109,79.0006411,0.07847968235,308.992,11.0,2011-06-13
Tamil Nadu,Vellore,Acute Diarrhoeal Disease,2013,28,15.0,0.0,12.7948109,79.0006411,0.1356743049,,3.0,2013-07-09
Tamil Nadu,Vellore,Acute Diarrhoeal Disease,2015,50,11.0,0.0,12.7948109,79.0006411,0.1240609589,297.1333334,,2015-12-10
Tamil Nadu,Vellore,Acute Diarrhoeal Disease,2017,27,13.0,0.0,12.7948109,79.0006411,0.05852103832,307.48,9.0,2017-07-06
Tamil Nadu,Vellore,Acute Diarrhoeal Disease,2018,38,21.0,0.0,12.7948109,79.0006411,0.2668336276,304.22,16.0,2018-09-23
Tamil Nadu,Vellore,Acute Diarrhoeal Disease,2021,42,28.0,0.0,12.7948109,79.0006411,0.5468101684,303.285,17.0,2021-10-21
Tamil Nadu,Vellore,Acute Diarrhoeal Disease,2021,48,5.0,0.0,12.7948109,79.0006411,0.6062372998,297.32,8.0,2021-12-01
Tamil Nadu,Vellore,Acute Diarrhoeal Disease,2022,18,30.0,0.0,12.7948109,79.0006411,0.11058086685,307.528,10.0,2022-05-06
Tamil Nadu,Vellore,Chikungunya,2009,25,28.0,0.0,12.7948109,79.0006411,0.5008628407,306.065,12.0,2009-06-15
Tamil Nadu,Vellore,Chikungunya,2010,30,8.0,0.0,12.7948109,79.0006411,0.0739963587,302.18,12.0,2010-07-30
Tamil Nadu,Vellore,Chikungunya,2013,10,24.0,0.0,12.7948109,79.0006411,0.06182826599,308.57,9.0,2013-03-07
Tamil Nadu,Vellore,Chikungunya,2013,25,82.0,0.0,12.7948109,79.0006411,0.04334662083,307.72,9.0,2013-06-20
Tamil Nadu,Vellore,Chikungunya,2013,30,45.0,0.0,12.7948109,79.0006411,0.2010350256,308.54,5.0,2013-07-25
Tamil Nadu,Vellore,Chikungunya,2015,18,62.0,0.0,12.7948109,79.0006411,0.3469043541,309.53000000000003,11.0,2015-04-29
Tamil Nadu,Vellore,Chikungunya,2015,26,14.0,0.0,12.7948109,79.0006411,0.02032866398,306.64,,2015-06-26
Tamil Nadu,Vellore,Chikungunya,2015,27,14.0,0.0,12.7948109,79.0006411,0.01143542272,305.235,13.0,2015-06-29
Tamil Nadu,Vellore,Cholera,2011,1,12.0,0.0,12.7948109,79.0006411,0.02786890543,299.88,13.0,2011-01-03
Tamil Nadu,Vellore,Cholera,2013,25,27.0,0.0,12.7948109,79.0006411,0.03731829814,307.5,9.0,2013-06-19
Tamil Nadu,Vellore,Dengue,2014,36,21.0,0.0,12.7948109,79.0006411,0.292709877,309.02,,2014-09-06
Tamil Nadu,Vellore-Ranipet,Acute Diarrhoeal Disease,2020,12,10.0,0.0,12.9250412,79.13588254,0.002387693989,309.9366666,9.0,2020-03-18
Tamil Nadu,Villupuram,Acute Diarrhoeal Disease,2009,35,11.0,0.0,11.9137874,79.50789298,0.06914162024,306.32,9.0,2009-08-27
Tamil Nadu,Villupuram,Acute Diarrhoeal Disease,2009,46,37.0,0.0,11.9415377,79.4861469,1.607367175,296.6,5.0,2009-11-11
Tamil Nadu,Villupuram,Acute Diarrhoeal Disease,2010,3,11.0,0.0,11.9415377,79.4861469,0.02355016768,301.18,,2010-01-24
Tamil Nadu,Villupuram,Acute Diarrhoeal Disease,2010,15,38.0,0.0,11.9415377,79.4861469,0.00244840763,308.28400000000005,8.0,2010-04-17
Tamil Nadu,Villupuram,Acute Diarrhoeal Disease,2010,16,12.0,0.0,11.9415377,79.4861469,0.01903197394,309.30400000000003,8.0,2010-04-20
Tamil Nadu,Villupuram,Acute Diarrhoeal Disease,2010,20,14.0,0.0,11.9415377,79.4861469,0.0880913051,310.5,9.0,2010-05-21
Tamil Nadu,Villupuram,Acute Diarrhoeal Disease,2010,28,10.0,0.0,11.9415377,79.4861469,0.2144749053,309.4733334,10.0,2010-07-17
Tamil Nadu,Villupuram,Acute Diarrhoeal Disease,2010,31,14.0,0.0,11.9415377,79.4861469,0.03249150183,306.64,8.0,2010-08-02
Tamil Nadu,Villupuram,Acute Diarrhoeal Disease,2010,46,20.0,0.0,11.9415377,79.4861469,0.8495832581,301.64,8.0,2010-11-19
Tamil Nadu,Villupuram,Acute Diarrhoeal Disease,2010,49,18.0,0.0,11.9415377,79.4861469,1.670485842,297.1,10.0,2010-12-06
Tamil Nadu,Villupuram,Acute Diarrhoeal Disease,2010,50,10.0,0.0,11.9415377,79.4861469,0.05213908584,299.576,12.0,2010-12-13
Tamil Nadu,Villupuram,Acute Diarrhoeal Disease,2011,1,12.0,0.0,11.9415377,79.4861469,0.335652031,298.5266666,,2011-01-08
Tamil Nadu,Villupuram,Acute Diarrhoeal Disease,2011,5,12.0,0.0,11.9415377,79.4861469,0.01182924502,301.928,,2011-02-01
Tamil Nadu,Villupuram,Acute Diarrhoeal Disease,2011,21,13.0,0.0,11.9137874,79.50789298,0.1192932364,309.29,9.0,2011-05-27
Tamil Nadu,Villupuram,Acute Diarrhoeal Disease,2011,31,13.0,0.0,11.9415377,79.4861469,0.08046590516,,,2011-08-05
Tamil Nadu,Villupuram,Acute Diarrhoeal Disease,2011,46,21.0,0.0,11.9415377,79.4861469,0.2480165043,301.86,13.0,2011-11-19
Tamil Nadu,Villupuram,Acute Diarrhoeal Disease,2012,31,14.0,0.0,11.9415377,79.4861469,0.005562222011,309.755,,2012-08-04
Tamil Nadu,Villupuram,Acute Diarrhoeal Disease,2013,35,36.0,0.0,11.9415377,79.4861469,0.03939331949,306.30400000000003,11.0,2013-08-26
Tamil Nadu,Villupuram,Acute Diarrhoeal Disease,2017,30,54.0,0.0,11.9415377,79.4861469,0.06536877034,311.732,9.0,2017-07-29
Tamil Nadu,Villupuram,Acute Diarrhoeal Disease,2018,23,36.0,0.0,11.9415377,79.4861469,0.2189262954,312.48,8.0,2018-06-06
Tamil Nadu,Villupuram,Acute Diarrhoeal Disease,2020,8,5.0,0.0,11.9415377,79.4861469,0.0003017665283,307.492,8.0,2020-02-20
Tamil Nadu,Villupuram,Chikungunya,2012,9,12.0,0.0,11.9415377,79.4861469,0.004706182434,306.81,8.0,2012-03-02
Tamil Nadu,Villupuram,Chikungunya,2019,8,39.0,0.0,11.9415377,79.4861469,0.03007789526,303.58,8.0,2019-02-19
Tamil Nadu,Villupuram,Dengue,2010,32,158.0,0.0,11.9415377,79.4861469,0.2432323647,306.365,11.0,2010-08-10
Tamil Nadu,Villupuram,Dengue,2010,43,68.0,0.0,11.9415377,79.4861469,0.1745568604,306.4733334,8.0,2010-10-25
Tamil Nadu,Villupuram,Dengue,2011,1,16.0,0.0,11.9415377,79.4861469,0.2452825089,299.608,8.0,2011-01-05
Tamil Nadu,Villupuram,Dengue,2012,39,28.0,0.0,11.9415377,79.4861469,0.07824471196,309.29,9.0,2012-09-25
Tamil Nadu,Villupuram,Dengue,2013,39,12.0,0.0,11.9137874,79.50789298,0.0107975695,308.28000000000003,,2013-09-29
Tamil Nadu,Villupuram,Dengue,2013,43,11.0,0.0,11.9415377,79.4861469,0.3594520028,303.92,9.0,2013-10-25
Tamil Nadu,Villupuram,Dengue,2014,29,13.0,0.0,11.9415377,79.4861469,0.06611503092,304.91,10.0,2014-07-16
Tamil Nadu,Villupuram,Dengue & Chikungunya,2014,37,26.0,1.0,11.9415377,79.4861469,0.17582794,307.74,9.0,2014-09-08
Tamil Nadu,Villupuram,Malaria,2009,45,3.0,0.0,11.9415377,79.4861469,0.4807483662,300.95,5.0,2009-11-05
Tamil Nadu,Villupuram  Kallakurichi,Acute Diarrhoeal Disease,2010,24,24.0,0.0,11.629177,78.8599569,0.3314093963,,7.0,2010-06-15
Tamil Nadu,Villupuram  Kallakurichi,Acute Diarrhoeal Disease,2010,27,15.0,1.0,11.629177,78.8599569,0.2404901144,308.42,12.0,2010-07-05
Tamil Nadu,Villupuram  Kallakurichi,Acute Diarrhoeal Disease,2017,6,16.0,0.0,11.629177,78.8599569,0.002099677066,303.78000000000003,8.0,2017-02-06
Tamil Nadu,Villupuram  Kallakurichi,Acute Diarrhoeal Disease,2017,9,29.0,0.0,11.629177,78.8599569,0.004245533546,310.44,7.0,2017-03-03
Tamil Nadu,Villupuram  Kallakurichi,Acute Diarrhoeal Disease,2018,28,22.0,0.0,11.629177,78.8599569,0.03334587989,309.475,7.0,2018-07-09
Tamil Nadu,Villupuram  Kallakurichi,Acute Diarrhoeal Disease,2019,18,22.0,0.0,11.629177,78.8599569,0.006734349841,314.855,,2019-04-30
Tamil Nadu,Villupuram  Kallakurichi,Malaria,2016,22,28.0,0.0,11.629177,78.8599569,0.3961613472,309.8066666,10.0,2016-06-03
Tamil Nadu,Virudhunagar,Acute Diarrhoeal Disease,2009,29,20.0,0.0,9.5208936,77.8784564,0.3250132791,314.2666666,4.0,2009-07-18
Tamil Nadu,Virudhunagar,Acute Diarrhoeal Disease,2010,12,12.0,0.0,9.5208936,77.8784564,0.0009794524482,316.2266666,5.0,2010-03-28
Tamil Nadu,Virudhunagar,Acute Diarrhoeal Disease,2010,23,36.0,0.0,9.5208936,77.8784564,0.2630083229,316.32,3.0,2010-06-13
Tamil Nadu,Virudhunagar,Acute Diarrhoeal Disease,2010,29,12.0,0.0,9.5208936,77.8784564,0.4509067222,,4.0,2010-07-22
Tamil Nadu,Virudhunagar,Acute Diarrhoeal Disease,2011,23,67.0,0.0,9.5208936,77.8784564,0.03158357145,314.315,7.0,2011-06-12
Tamil Nadu,Virudhunagar,Acute Diarrhoeal Disease,2012,3,26.0,0.0,9.5208936,77.8784564,0.00110089784,302.10400000000004,10.0,2012-01-20
Tamil Nadu,Virudhunagar,Acute Diarrhoeal Disease,2012,18,21.0,0.0,9.5208936,77.8784564,0.2172936417,308.295,6.0,2012-05-04
Tamil Nadu,Virudhunagar,Acute Diarrhoeal Disease,2012,26,30.0,0.0,9.5208936,77.8784564,0.02502542013,312.2066666,5.0,2012-07-01
Tamil Nadu,Virudhunagar,Acute Diarrhoeal Disease,2016,28,77.0,0.0,9.5208936,77.8784564,0.09810245649,316.6733334,5.0,2016-07-16
Tamil Nadu,Virudhunagar,Acute Diarrhoeal Disease,2017,20,20.0,1.0,9.5208936,77.8784564,0.1281874512,312.595,,2017-05-17
Tamil Nadu,Virudhunagar,Acute Diarrhoeal Disease,2018,39,45.0,0.0,9.5208936,77.8784564,0.546553799,312.2733334,,2018-09-29
Tamil Nadu,Virudhunagar,Chikungunya,2009,25,27.0,0.0,9.5208936,77.8784564,0.08781859786,315.388,,2009-06-18
Tamil Nadu,Virudhunagar,Chikungunya,2009,32,26.0,0.0,9.5208936,77.8784564,0.1822243285,316.4266666,,2009-08-05
Tamil Nadu,Virudhunagar,Chikungunya,2009,33,15.0,0.0,9.5208936,77.8784564,0.01718559571,318.05333340000004,,2009-08-12
Tamil Nadu,Virudhunagar,Chikungunya,2010,5,68.0,0.0,9.5208936,77.8784564,0.0001739029875,306.688,8.0,2010-02-06
Tamil Nadu,Virudhunagar,Chikungunya,2013,10,29.0,0.0,9.5208936,77.8784564,0.0001981041995,313.992,,2013-03-05
Tamil Nadu,Virudhunagar,Chikungunya,2013,35,18.0,0.0,9.5208936,77.8784564,0.03245187607,315.09000000000003,4.0,2013-08-26
Tamil Nadu,Virudhunagar,Chikungunya,2014,27,15.0,0.0,9.5208936,77.8784564,0.08271113376,318.14,,2014-07-03
Tamil Nadu,Virudhunagar,Chikungunya,2014,39,18.0,0.0,9.5208936,77.8784564,0.07242752053,315.04,6.0,2014-09-24
Tamil Nadu,Virudhunagar,Chikungunya,2018,27,19.0,0.0,9.5208936,77.8784564,0.1895831553,311.1666666,6.0,2018-07-05
Tamil Nadu,Virudhunagar,Cholera,2012,23,13.0,1.0,9.5208936,77.8784564,0.04795209708,314.51,,2012-06-09
Tamil Nadu,Virudhunagar,Dengue,2010,4,38.0,1.0,9.5208936,77.8784564,0.001339757931,306.376,9.0,2010-01-28
Tamil Nadu,Virudhunagar,Dengue,2012,38,33.0,0.0,9.5208936,77.8784564,0.06092834627,313.7866666,,2012-09-20
Tamil Nadu,Virudhunagar,Dengue,2012,39,39.0,0.0,9.5208936,77.8784564,0.04372244978,312.996,6.0,2012-09-26
Tamil Nadu,Virudhunagar,Dengue,2013,4,31.0,0.0,9.5208936,77.8784564,0.004856145483,306.872,7.0,2013-01-22
Tamil Nadu,Virudhunagar,Dengue,2015,22,11.0,0.0,9.5208936,77.8784564,0.1365211513,310.23,10.0,2015-05-31
Tamil Nadu,Virudhunagar,Dengue,2016,5,19.0,0.0,9.5208936,77.8784564,0.0004432805844,305.36400000000003,8.0,2016-02-03
Tamil Nadu,Virudhunagar,Dengue,2016,52,27.0,0.0,9.5208936,77.8784564,0.03137469281,305.335,12.0,2017-01-01
Tamil Nadu,Virudhunagar,Dengue,2017,13,42.0,0.0,9.5208936,77.8784564,0.0008606096731,316.94,7.0,2017-03-28
Tamil Nadu,Virudhunagar,Dengue,2018,7,15.0,0.0,9.5208936,77.8784564,0.001063323669,307.91,,2018-02-18
Tamil Nadu,Virudhunagar,Dengue,2020,46,15.0,0.0,9.5208936,77.8784564,0.2187206529,302.26,12.0,2020-11-11
Tamil Nadu,Virudhunagar,Dengue,2022,7,17.0,0.0,9.5208936,77.8784564,0.3079754379,306.0,7.0,2022-02-16
Tamil Nadu,Virudhunagar,Dengue & Chikungunya,2014,49,24.0,0.0,9.5208936,77.8784564,0.5706834957,298.3866666,15.0,2014-12-04
Tamil Nadu,Virudhunagar Sivakasi,Acute Diarrhoeal Disease,2011,32,11.0,0.0,9.4477045,77.8000434,0.1531222646,317.78000000000003,5.0,2011-08-11
Tamil Nadu,Virudhunagar Sivakasi,Chikungunya,2018,32,44.0,0.0,9.4477045,77.8000434,0.04841057558,314.5,4.0,2018-08-06
Tamil Nadu,Virudhunagar Sivakasi,Chikungunya,2019,45,27.0,0.0,9.4477045,77.8000434,0.1080855292,303.635,16.0,2019-11-07
Tamil Nadu,Virudhunagar Sivakasi,Dengue,2015,25,47.0,0.0,9.4477045,77.8000434,0.05269374181,312.66,,2015-06-18
Tamil Nadu,Virudhunagar Sivakasi,Dengue,2015,26,13.0,0.0,9.4477045,77.8000434,0.04787298051,310.14,8.0,2015-06-23
Tamil Nadu,Virudhunagar Sivakasi,Dengue,2019,35,14.0,0.0,9.4477045,77.8000434,0.2505011478,317.42,4.0,2019-08-30
Tamil Nadu,Virudhunagar Sivakasi,Dengue,2020,52,8.0,0.0,9.4477045,77.8000434,0.2942502005,300.48,12.0,2020-12-23
Tamil Nadu,Virudhunagar Sivakasi,Dengue,2021,4,7.0,0.0,9.4477045,77.8000434,0.08665667543,301.34000000000003,,2021-01-25
Tamil Nadu,Virudhunagar Sivakasi,Dengue,2021,34,17.0,0.0,9.4477045,77.8000434,0.3986938278,297.09000000000003,6.0,2021-08-26
Telangana,Adilabad,Acute Diarrhoeal Disease,2009,25,33.0,0.0,19.5,78.5,0.002598334048,318.28000000000003,4.0,2009-06-15
Telangana,Adilabad,Acute Diarrhoeal Disease,2009,28,25.0,0.0,19.5,78.5,0.6635440951,,3.0,2009-07-07
Telangana,Adilabad,Acute Diarrhoeal Disease,2009,29,20.0,0.0,19.5,78.5,1.135072207,300.40000000000003,8.0,2009-07-15
Telangana,Adilabad,Acute Diarrhoeal Disease,2009,34,18.0,0.0,19.5,78.5,0.1080349058,306.75,10.0,2009-08-17
Telangana,Adilabad,Acute Diarrhoeal Disease,2009,35,25.0,0.0,19.5,78.5,1.286497663,303.08,,2009-08-28
Telangana,Adilabad,Acute Diarrhoeal Disease,2009,36,12.0,1.0,19.5,78.5,0.803600477,293.71,17.0,2009-09-04
Telangana,Adilabad,Acute Diarrhoeal Disease,2009,37,12.0,0.0,19.5,78.5,0.2833241041,301.40000000000003,21.0,2009-09-11
Telangana,Adilabad,Acute Diarrhoeal Disease,2010,22,67.0,0.0,19.5,78.5,0.008853658437,321.2233334,3.0,2010-06-05
Telangana,Adilabad,Acute Diarrhoeal Disease,2010,28,30.0,0.0,19.5,78.5,0.1208336402,300.42,7.0,2010-07-16
Telangana,Adilabad,Acute Diarrhoeal Disease,2010,33,17.0,0.0,19.5,78.5,0.7283672143,,5.0,2010-08-18
Telangana,Adilabad,Acute Diarrhoeal Disease,2011,21,32.0,0.0,19.5,78.5,0.0181271038,317.78000000000003,4.0,2011-05-27
Telangana,Adilabad,Acute Diarrhoeal Disease,2016,28,126.0,0.0,19.5,78.5,3.456844338,,9.0,2016-07-13
Telangana,Adilabad,Acute Diarrhoeal Disease,2017,19,18.0,0.0,19.5,78.5,0.05207400162,321.0333334,4.0,2017-05-12
Telangana,Adilabad,Acute Diarrhoeal Disease,2018,27,17.0,2.0,19.5,78.5,0.3123038618,307.51,,2018-07-04
Telangana,Adilabad,Acute Diarrhoeal Disease,2018,34,12.0,1.0,19.5,78.5,1.383005458,,7.0,2018-08-23
Telangana,Adilabad,Acute Diarrhoeal Disease,2019,35,51.0,0.0,19.5,78.5,1.224324813,304.52,,2019-08-29
Telangana,Adilabad,Acute Diarrhoeal Disease,2020,24,40.0,0.0,19.5,78.5,0.1657612636,315.264,4.0,2020-06-11
Telangana,Hyderabad,Acute Diarrhoeal Disease,2011,13,168.0,0.0,17.360589,78.4740613,6.04e-05,315.7733334,6.0,2011-04-03
Telangana,Hyderabad,Acute Diarrhoeal Disease,2015,27,55.0,0.0,17.360589,78.4740613,0.02201896554,308.18,7.0,2015-07-05
Telangana,Hyderabad,Acute Diarrhoeal Disease,2016,27,100.0,0.0,17.360589,78.4740613,1.164418437,,3.0,2016-07-05
Telangana,Hyderabad,Acute Diarrhoeal Disease,2022,14,95.0,0.0,17.360589,78.4740613,0.0008799355934,312.86400000000003,6.0,2022-04-08
Telangana,Jogulamba Gadwal,Chikungunya,2018,15,56.0,0.0,16.0999202,77.73415835,0.004504152605,315.848,,2018-04-15
Telangana,Kamareddy,Acute Diarrhoeal Disease,2017,26,196.0,0.0,18.316551,78.05393808,0.23529794464999998,303.4183333,5.0,2017-06-26
Telangana,Kamareddy,Acute Diarrhoeal Disease,2017,31,39.0,0.0,18.316551,78.05393808,0.1346873564,301.12,11.0,2017-08-03
Telangana,Karimnagar,Acute Diarrhoeal Disease,2012,30,28.0,0.0,18.4348122,79.1328042,0.8460837891,,3.0,2012-07-23
Telangana,Karimnagar,Acute Diarrhoeal Disease,2012,34,30.0,0.0,18.4348122,79.1328042,0.1208673306,300.38,12.0,2012-08-26
Telangana,Karimnagar,Acute Diarrhoeal Disease,2016,23,14.0,0.0,18.4348122,79.1328042,0.09335516652,312.56333340000003,4.0,2016-06-06
Telangana,Karimnagar,Chikungunya,2018,30,31.0,0.0,18.4348122,79.1328042,0.3415092275,,,2018-07-27
Telangana,Karimnagar,Chikungunya,2018,32,17.0,0.0,18.4348122,79.1328042,0.3995288165,300.58,,2018-08-12
Telangana,Karimnagar,Dengue,2018,33,6.0,0.0,18.4348122,79.1328042,0.5368763121,,3.0,2018-08-14
Telangana,Khammam,Acute Diarrhoeal Disease,2009,50,51.0,0.0,17.5,80.333333,0.0002191727025,303.512,13.0,2009-12-12
Telangana,Khammam,Acute Diarrhoeal Disease,2010,8,45.0,0.0,17.5,80.333333,0.02373097727,307.365,12.0,2010-02-28
Telangana,Khammam,Acute Diarrhoeal Disease,2010,24,15.0,0.0,17.5,80.333333,0.521019932,,5.0,2010-06-15
Telangana,Khammam,Acute Diarrhoeal Disease,2011,6,127.0,0.0,17.5,80.333333,5.96e-05,302.8433334,11.0,2011-02-08
Telangana,Khammam,Acute Diarrhoeal Disease,2011,25,23.0,0.0,17.5,80.333333,0.2141278393,312.58,7.0,2011-06-21
Telangana,Khammam,Acute Diarrhoeal Disease,2012,24,15.0,0.0,17.5,80.333333,0.1640880779,314.43,,2012-06-17
Telangana,Khammam,Acute Diarrhoeal Disease,2013,46,10.0,0.0,17.5,80.333333,0.001717888786,301.656,20.0,2013-11-11
Telangana,Khammam,Acute Diarrhoeal Disease,2014,27,17.0,0.0,17.5,80.333333,0.3368025453,314.12,8.0,2014-07-02
Telangana,Khammam,Acute Diarrhoeal Disease,2016,27,7.0,1.0,17.5,80.333333,0.5223220101,,,2016-07-10
Telangana,Khammam,Chikungunya,2018,30,40.0,0.0,17.5,80.333333,0.4959143679,,8.0,2018-07-26
Telangana,Khammam,Dengue,2014,27,456.0,0.0,17.5,80.333333,0.3336585644,311.24,8.0,2014-06-30
Telangana,Khammam,Dengue,2016,35,50.0,0.0,17.5,80.333333,0.7828204463,302.18,9.0,2016-09-01
Telangana,Khammam,Dengue,2016,36,22.0,0.0,17.5,80.333333,1.093021017,300.93,,2016-09-05
Telangana,Khammam,Dengue,2016,40,26.0,0.0,17.5,80.333333,0.41069619045,302.47,16.0,2016-10-05
Telangana,Khammam,Dengue,2016,43,14.0,2.0,17.5,80.333333,0.003764217198,302.44,16.0,2016-10-29
Telangana,Khammam,Dengue,2017,30,26.0,0.0,17.5,80.333333,0.8386162575,300.27,10.0,2017-07-24
Telangana,Khammam,Dengue,2017,33,42.0,0.0,17.5,80.333333,0.5414964367,305.23,11.0,2017-08-14
Telangana,Khammam,Dengue,2017,36,16.0,0.0,17.5,80.333333,0.1018610045,301.76,15.0,2017-09-04
Telangana,Mahaboobnagar,Chikungunya,2016,16,26.0,0.0,17.720535,79.627202,0.004185301086,318.628,5.0,2016-04-18
Telangana,Mahaboobnagar,Chikungunya,2017,33,39.0,0.0,17.720535,79.627202,0.3855423934,304.48,13.0,2017-08-17
Telangana,Mahaboobnagar,Dengue,2019,34,32.0,0.0,17.720535,79.627202,0.4098800068,303.2133334,,2019-08-21
Telangana,Mahabubabad,Acute Diarrhoeal Disease,2017,27,44.0,0.0,17.7138983,80.04134253,0.2242409688,,7.0,2017-07-08
Telangana,Mahabubabad,Acute Diarrhoeal Disease,2017,28,9.0,0.0,17.7138983,80.04134253,0.3943968539,301.92,7.0,2017-07-13
Telangana,Mahbubnagar,Acute Diarrhoeal Disease,2010,9,27.0,0.0,16.720011175,77.97571686,6.34e-05,313.524,6.0,2010-03-03
Telangana,Mahbubnagar,Acute Diarrhoeal Disease,2010,15,21.0,1.0,16.7434538,77.9923191,0.005087815953,315.46,,2010-04-14
Telangana,Mahbubnagar,Acute Diarrhoeal Disease,2011,16,96.0,0.0,16.7434538,77.9923191,0.03769683834,314.94,,2011-04-22
Telangana,Mahbubnagar,Acute Diarrhoeal Disease,2012,34,24.0,1.0,16.69656855,77.95911462,0.03926480943,307.7733334,8.0,2012-08-21
Telangana,Mahbubnagar,Acute Diarrhoeal Disease,2012,36,22.0,0.0,16.69656855,77.95911462,0.9550196404,,7.0,2012-09-07
Telangana,Mahbubnagar,Acute Diarrhoeal Disease,2013,33,16.0,0.0,16.69656855,77.95911462,0.2247113055,307.32,6.0,2013-08-15
Telangana,Mahbubnagar,Acute Diarrhoeal Disease,2013,37,40.0,2.0,16.69656855,77.95911462,0.2215723677,304.77,12.0,2013-09-09
Telangana,Mahbubnagar,Acute Diarrhoeal Disease,2013,48,26.0,2.0,16.69656855,77.95911462,0.04224998922,304.17,10.0,2013-11-27
Telangana,Mahbubnagar,Acute Diarrhoeal Disease,2014,26,21.0,1.0,16.69656855,77.95911462,0.1305878941,311.9666666,4.0,2014-06-29
Telangana,Mahbubnagar,Acute Diarrhoeal Disease,2014,31,51.0,0.0,16.7434538,77.9923191,0.5930059149,,4.0,2014-07-30
Telangana,Mahbubnagar,Acute Diarrhoeal Disease,2015,9,35.0,0.0,16.69656855,77.95911462,0.00712550435,313.536,5.0,2015-03-01
Telangana,Mahbubnagar,Acute Diarrhoeal Disease,2015,32,40.0,0.0,16.69656855,77.95911462,0.06186586537,310.23,6.0,2015-08-03
Telangana,Mahbubnagar,Acute Diarrhoeal Disease,2016,27,13.0,0.0,16.69656855,77.95911462,0.5848840212,,2.0,2016-07-05
Telangana,Mahbubnagar,Acute Diarrhoeal Disease,2016,28,41.0,0.0,16.69656855,77.95911462,0.4885946754,,,2016-07-11
Telangana,Mahbubnagar,Acute Diarrhoeal Disease,2016,38,30.0,0.0,16.69656855,77.95911462,1.477629048,,4.0,2016-09-25
Telangana,Mahbubnagar,Chikungunya,2011,2,5.0,0.0,16.69656855,77.95911462,0.0007232686035,305.312,7.0,2011-01-10
Telangana,Mahbubnagar,Chikungunya,2012,21,79.0,0.0,16.69656855,77.95911462,0.0001609671128,318.362,4.0,2012-05-22
Telangana,Mahbubnagar,Chikungunya,2012,22,17.0,0.0,16.69656855,77.95911462,0.03516551716,310.02,,2012-06-01
Telangana,Mahbubnagar,Chikungunya,2012,28,48.0,0.0,16.69656855,77.95911462,0.129262187,311.86,7.0,2012-07-14
Telangana,Mahbubnagar,Chikungunya,2012,30,13.0,0.0,16.69656855,77.95911462,0.8689985319,305.52,5.0,2012-07-24
Telangana,Mahbubnagar,Chikungunya,2012,33,52.0,0.0,16.69656855,77.95911462,0.1756630812,303.02,8.0,2012-08-13
Telangana,Mahbubnagar,Chikungunya,2012,35,19.0,0.0,16.69656855,77.95911462,0.5355210746,,6.0,2012-08-29
Telangana,Mahbubnagar,Chikungunya,2013,2,31.0,0.0,16.69656855,77.95911462,0.0009094189528,307.736,,2013-01-09
Telangana,Mahbubnagar,Chikungunya,2013,14,23.0,0.0,16.69656855,77.95911462,0.001384817909,318.296,5.0,2013-04-01
Telangana,Mahbubnagar,Chikungunya,2013,15,18.0,0.0,16.69656855,77.95911462,0.001139977849,317.98400000000004,5.0,2013-04-08
Telangana,Mahbubnagar,Chikungunya,2013,18,37.0,0.0,16.69656855,77.95911462,0.1126142587,317.66400000000004,,2013-05-01
Telangana,Mahbubnagar,Chikungunya,2013,45,39.0,0.0,16.7434538,77.9923191,0.03351575273,303.256,,2013-11-09
Telangana,Mahbubnagar,Chikungunya,2014,24,28.0,0.0,16.69656855,77.95911462,0.06572753159,315.5,4.0,2014-06-14
Telangana,Mahbubnagar,Chikungunya,2015,12,32.0,0.0,16.69656855,77.95911462,0.001244400255,315.052,,2015-03-22
Telangana,Mahbubnagar,Chikungunya,2019,13,46.0,0.0,16.69656855,77.95911462,0.000115105571,318.008,,2019-03-30
Telangana,Mahbubnagar,Chikungunya,2019,27,26.0,0.0,16.69656855,77.95911462,0.4700085241,,,2019-07-04
Telangana,Mahbubnagar,Cholera,2013,45,62.0,0.0,16.69656855,77.95911462,0.04314941443,304.0266666,14.0,2013-11-05
Telangana,Mahbubnagar,Cholera,2015,9,31.0,0.0,16.69656855,77.95911462,4.45e-05,313.768,5.0,2015-02-27
Telangana,Mahbubnagar,Cholera,2015,40,172.0,1.0,16.7434538,77.9923191,0.1218917038,308.672,13.0,2015-09-28
Telangana,Mahbubnagar,Dengue,2011,33,42.0,0.0,16.7434538,77.9923191,0.09568464298,303.78000000000003,8.0,2011-08-15
Telangana,Mahbubnagar,Dengue,2011,37,72.0,0.0,16.7434538,77.9923191,0.09478223202,303.88,11.0,2011-09-16
Telangana,Mahbubnagar,Dengue,2011,42,12.0,0.0,16.69656855,77.95911462,0.09391132625,307.612,12.0,2011-10-20
Telangana,Mahbubnagar,Dengue,2012,17,24.0,0.0,16.69656855,77.95911462,0.04230192465,316.9266666,4.0,2012-04-24
Telangana,Mahbubnagar,Dengue,2012,18,32.0,0.0,16.69656855,77.95911462,3.67e-05,314.67,4.0,2012-05-06
Telangana,Mahbubnagar,Dengue,2012,21,57.0,0.0,16.69656855,77.95911462,6.54e-05,318.3,,2012-05-23
Telangana,Mahbubnagar,Dengue,2012,28,35.0,0.0,16.69656855,77.95911462,0.1491244486,309.38,,2012-07-11
Telangana,Mahbubnagar,Dengue,2012,29,71.0,0.0,16.69656855,77.95911462,0.259223567,311.86,7.0,2012-07-16
Telangana,Mahbubnagar,Dengue,2012,36,54.0,0.0,16.69656855,77.95911462,1.123244831,304.18,,2012-09-05
Telangana,Mahbubnagar,Dengue,2012,37,68.0,0.0,16.69656855,77.95911462,0.1498990849,,7.0,2012-09-11
Telangana,Mahbubnagar,Dengue,2013,13,13.0,0.0,16.69656855,77.95911462,3.17e-05,315.632,5.0,2013-03-25
Telangana,Mahbubnagar,Dengue,2013,15,32.0,0.0,16.7434538,77.9923191,0.0001378212273,319.5133334,5.0,2013-04-13
Telangana,Mahbubnagar,Dengue,2015,30,25.0,0.0,16.69656855,77.95911462,0.1679268557,302.14,4.0,2015-07-25
Telangana,Mahbubnagar,Dengue & Chikungunya,2012,34,88.0,0.0,16.69656855,77.95911462,0.086919247105,309.65,8.0,2012-08-23
Telangana,Mahbubnagar,Dengue & Chikungunya,2019,34,32.0,0.0,16.69656855,77.95911462,0.1482366824,304.16,,2019-08-21
Telangana,Medak,Acute Diarrhoeal Disease,2009,32,10.0,0.0,17.9375095,78.21174499,0.04898724345,308.75333340000003,,2009-08-04
Telangana,Medak,Acute Diarrhoeal Disease,2010,19,10.0,0.0,17.9375095,78.21174499,0.001396034577,314.78400000000005,4.0,2010-05-12
Telangana,Medak,Acute Diarrhoeal Disease,2010,21,128.0,0.0,17.9375095,78.21174499,3.9e-05,315.9066666,4.0,2010-05-30
Telangana,Medak,Acute Diarrhoeal Disease,2010,22,10.0,0.0,17.9375095,78.21174499,0.01181214154,316.372,4.0,2010-06-06
Telangana,Medak,Acute Diarrhoeal Disease,2010,30,31.0,0.0,17.9375095,78.21174499,0.8967460869,,,2010-07-28
Telangana,Medak,Acute Diarrhoeal Disease,2010,40,10.0,0.0,17.9375095,78.21174499,0.2200512556,301.07,12.0,2010-10-05
Telangana,Medak,Acute Diarrhoeal Disease,2011,23,10.0,0.0,17.9375095,78.21174499,0.2225436022,313.256,4.0,2011-06-06
Telangana,Medak,Acute Diarrhoeal Disease,2011,25,28.0,0.0,17.9375095,78.21174499,0.1089427438,308.4133334,5.0,2011-06-20
Telangana,Medak,Acute Diarrhoeal Disease,2011,33,10.0,0.0,17.9375095,78.21174499,0.1016172701,291.03000000000003,8.0,2011-08-15
Telangana,Medak,Acute Diarrhoeal Disease,2012,12,39.0,0.0,17.9375095,78.21174499,8.48e-05,316.6333334,,2012-03-21
Telangana,Medak,Acute Diarrhoeal Disease,2012,35,34.0,0.0,17.9375095,78.21174499,0.4892417684,302.41,13.0,2012-08-29
Telangana,Medak,Acute Diarrhoeal Disease,2013,36,40.0,0.0,17.9375095,78.21174499,0.05473104478,301.84000000000003,13.0,2013-09-08
Telangana,Medak,Acute Diarrhoeal Disease,2013,39,11.0,2.0,17.9375095,78.21174499,0.02767450989,301.2466666,,2013-09-29
Telangana,Medak,Acute Diarrhoeal Disease,2014,38,14.0,0.0,17.9375095,78.21174499,0.2963973753,304.22,10.0,2014-09-20
Telangana,Medak,Acute Diarrhoeal Disease,2016,32,10.0,0.0,17.9375095,78.21174499,0.3950823454,297.1866666,10.0,2016-08-09
Telangana,Medak,Acute Diarrhoeal Disease,2016,36,16.0,1.0,17.9375095,78.21174499,0.1910501586,303.225,14.0,2016-09-11
Telangana,Medak,Acute Diarrhoeal Disease,2016,39,69.0,1.0,17.9375095,78.21174499,0.9061273234666668,300.54,10.666666666666666,2016-09-26
Telangana,Medak,Acute Diarrhoeal Disease,2016,40,35.0,0.0,17.9375095,78.21174499,0.4295015829,300.12,13.0,2016-10-04
Telangana,Medak,Acute Diarrhoeal Disease,2016,42,43.0,0.0,17.9375095,78.21174499,2.3500000000000002e-05,304.3593333,15.0,2016-10-19
Telangana,Medak,Acute Diarrhoeal Disease,2018,6,172.0,0.0,17.9375095,78.21174499,4.17e-05,306.81333340000003,5.0,2018-02-06
Telangana,Medak,Chikungunya,2013,50,20.0,0.0,17.9375095,78.21174499,0.007756390548,300.69,9.0,2013-12-09
Telangana,Medak,Chikungunya,2015,45,14.0,0.0,17.9375095,78.21174499,0.01483482862,305.185,9.0,2015-11-02
Telangana,Medak,Cholera,2013,33,294.0,6.0,17.9375095,78.21174499,0.3012551828,,5.0,2013-08-16
Telangana,Medak,Cholera,2016,30,452.0,2.0,17.9375095,78.21174499,0.4383765199,307.62,,2016-07-27
Telangana,Medak,Cholera,2016,38,103.0,0.0,17.9375095,78.21174499,1.401271745,299.14,9.0,2016-09-19
Telangana,Medak,Cholera,2016,40,43.0,0.0,17.9375095,78.21174499,0.4295015829,300.12,13.0,2016-10-04
Telangana,Medak,Dengue,2015,31,13.0,0.0,17.9375095,78.21174499,0.02797983728,306.62,9.0,2015-08-01
Telangana,Medchal,Acute Diarrhoeal Disease,2019,30,13.0,0.0,17.6339929,78.4843146,0.5488513022,307.28000000000003,,2019-07-28
Telangana,Nalgonda,Acute Diarrhoeal Disease,2010,18,52.0,0.0,16.8579636,79.21749353,0.01125191925,311.344,,2010-05-08
Telangana,Nalgonda,Acute Diarrhoeal Disease,2012,26,27.0,0.0,16.8579636,79.21749353,0.06025808794,311.46,,2012-06-25
Telangana,Nalgonda,Acute Diarrhoeal Disease,2012,29,14.0,0.0,16.8579636,79.21749353,1.062316954,306.28000000000003,6.0,2012-07-22
Telangana,Nalgonda,Acute Diarrhoeal Disease,2012,30,26.0,0.0,16.8579636,79.21749353,0.828101263,304.66,6.0,2012-07-24
Telangana,Nalgonda,Acute Diarrhoeal Disease,2012,33,24.0,0.0,16.8579636,79.21749353,0.03398094669,305.49,7.0,2012-08-18
Telangana,Nalgonda,Chikungunya,2014,6,31.0,0.0,16.8579636,79.21749353,0.0001085946434,303.616,7.0,2014-02-06
Telangana,Nalgonda,Dengue,2012,35,78.0,1.0,16.8579636,79.21749353,0.4273979081,306.1533334,,2012-08-27
Telangana,Nalgonda,Dengue,2013,16,39.0,0.0,16.8579636,79.21749353,0.001363379965,314.2966666,4.0,2013-04-17
Telangana,Nalgonda,Dengue,2015,34,15.0,1.0,16.8579636,79.21749353,0.4315755021,304.16,10.0,2015-08-17
Telangana,Nalgonda,Dengue,2019,9,59.0,0.0,16.8579636,79.21749353,0.0002344754334,312.188,,2019-02-26
Telangana,Nalgonda,Dengue,2021,46,9.0,0.0,16.8579636,79.21749353,0.4669624216,299.08,5.0,2021-11-15
Telangana,Nalgonda,Dengue,2021,51,8.0,0.0,16.8579636,79.21749353,0.003025986003,300.728,12.0,2021-12-20
Telangana,Nalgonda,Dengue,2022,10,6.0,0.0,16.8579636,79.21749353,0.0001335467262,309.556,8.0,2022-03-11
Telangana,Nalgonda,Malaria,2014,38,31.0,0.0,16.8579636,79.21749353,0.7103140646,301.69,,2014-09-21
Telangana,Nalgonda,Malaria,2016,34,18.0,0.0,16.8579636,79.21749353,0.03716008922,312.81,6.0,2016-08-26
Telangana,Nizamabad,Acute Diarrhoeal Disease,2009,30,23.0,1.0,18.75,78.25,0.8527514312,302.27,7.0,2009-07-22
Telangana,Nizamabad,Acute Diarrhoeal Disease,2009,42,245.0,0.0,18.75,78.25,0.01806527296,305.396,15.0,2009-10-17
Telangana,Nizamabad,Acute Diarrhoeal Disease,2012,12,13.0,0.0,18.75,78.25,2.62e-05,311.2066666,7.0,2012-03-22
Telangana,Nizamabad,Acute Diarrhoeal Disease,2013,21,97.0,0.0,18.75,78.25,0.002620412488,316.3433334,4.0,2013-05-23
Telangana,Nizamabad,Acute Diarrhoeal Disease,2013,23,102.0,0.0,18.75,78.25,0.3572437525,311.66,4.0,2013-06-06
Telangana,Nizamabad,Acute Diarrhoeal Disease,2013,27,12.0,0.0,18.75,78.25,0.4735748811,303.6,6.0,2013-07-07
Telangana,Nizamabad,Acute Diarrhoeal Disease,2014,23,27.0,0.0,18.75,78.25,0.005093628783,313.68,,2014-06-02
Telangana,Nizamabad,Acute Diarrhoeal Disease,2016,32,54.0,0.0,18.75,78.25,0.551274374,297.34000000000003,9.0,2016-08-08
Telangana,Nizamabad,Acute Diarrhoeal Disease,2016,48,80.0,0.0,18.75,78.25,3.46e-05,304.66,9.0,2016-11-29
Telangana,Nizamabad,Acute Diarrhoeal Disease,2017,23,18.0,0.0,18.75,78.25,0.4665800098,315.83,,2017-06-09
Telangana,Nizamabad,Acute Diarrhoeal Disease,2018,11,158.0,0.0,18.75,78.25,0.05867749867,307.24,9.0,2018-03-18
Telangana,Nizamabad,Acute Diarrhoeal Disease,2018,43,27.0,0.0,18.75,78.25,0.008511625856,305.4866666,11.0,2018-10-27
Telangana,Nizamabad,Acute Diarrhoeal Disease,2018,46,27.0,0.0,18.75,78.25,5.68e-05,306.86,10.0,2018-11-15
Telangana,Nizamabad,Chikungunya,2013,26,45.0,0.0,18.75,78.25,1.026627347,,5.0,2013-06-29
Telangana,Nizamabad,Dengue,2013,14,17.0,0.0,18.75,78.25,0.02781673759,313.588,7.0,2013-04-02
Telangana,Nizamabad,Dengue,2018,45,591.0,2.0,18.75,78.25,0.01685814589,305.088,,2018-11-08
Telangana,Rajanna Sircilla,Acute Diarrhoeal Disease,2017,26,29.0,0.0,18.452116,78.76455837,0.3004186749,302.14,6.0,2017-06-29
Telangana,Rajanna Sircilla,Dengue,2017,27,135.0,0.0,18.452116,78.76455837,0.2563134841,,,2017-07-04
Telangana,Rangareddy,Acute Diarrhoeal Disease,2010,18,242.0,0.0,17.1333954,78.39709787,0.04867560953,313.955,,2010-05-09
Telangana,Rangareddy,Acute Diarrhoeal Disease,2013,31,147.0,1.0,17.1333954,78.39709787,1.10395918,,9.0,2013-08-02
Telangana,Rangareddy,Acute Diarrhoeal Disease,2018,43,27.0,0.0,17.1333954,78.39709787,0.01133198841,307.045,10.0,2018-10-26
Telangana,Sangareddy,Acute Diarrhoeal Disease,2017,35,27.0,0.0,17.86859205,77.82281995,0.5456919244,300.36,,2017-08-28
Telangana,Sangareddy,Acute Diarrhoeal Disease,2018,7,19.0,0.0,17.86859205,77.82281995,0.02473361358,305.855,5.0,2018-02-16
Telangana,Sangareddy,Acute Diarrhoeal Disease,2018,38,18.0,0.0,17.86859205,77.82281995,0.1445507564,305.6033334,13.0,2018-09-17
Telangana,Sangareddy,Dengue,2019,36,60.0,0.0,17.86859205,77.82281995,0.9097002637,305.46,9.0,2019-09-04
Telangana,Sangareddy,Dengue,2019,37,30.0,0.0,17.86859205,77.82281995,0.7769937995,295.04,10.0,2019-09-10
Telangana,Sangareddy,Dengue,2019,40,52.0,0.0,17.86859205,77.82281995,0.4312473259,300.85,,2019-09-30
Telangana,Sangareddy,Dengue,2019,44,34.0,0.0,17.86859205,77.82281995,0.3207304375,298.86400000000003,16.0,2019-10-29
Telangana,Sangareddy,Dengue & Chikungunya,2019,44,34.0,0.0,17.86859205,77.82281995,0.3207304375,298.86400000000003,16.0,2019-10-29
Telangana,Suryapet,Dengue,2018,27,14.0,0.0,17.08001385,79.79253297,0.4034975547,,4.0,2018-07-08
Telangana,Wanaparthy,Dengue,2019,27,19.0,0.0,16.2852944,77.98644727,0.4771254742,308.82,3.0,2019-07-02
Telangana,Wanaparthy,Dengue,2020,15,73.0,0.0,16.2852944,77.98644727,0.0001341205911,315.388,,2020-04-06
Telangana,Warangal,Acute Diarrhoeal Disease,2010,16,30.0,0.0,17.9820644,79.5970954,0.01763627921,316.37333340000004,4.0,2010-04-21
Telangana,Warangal,Acute Diarrhoeal Disease,2010,22,50.0,0.0,17.9820644,79.5970954,0.02102580763,318.12,3.0,2010-06-06
Telangana,Warangal,Acute Diarrhoeal Disease,2010,26,10.0,0.0,17.9820644,79.5970954,0.2134803996,307.1333334,5.0,2010-06-30
Telangana,Warangal,Acute Diarrhoeal Disease,2010,30,30.0,2.0,17.9820644,79.5970954,1.182017417,,7.0,2010-07-29
Telangana,Warangal,Acute Diarrhoeal Disease,2010,32,50.0,0.0,17.9820644,79.5970954,0.7501316857,305.7933334,9.0,2010-08-11
Telangana,Warangal,Acute Diarrhoeal Disease,2010,33,25.0,0.0,17.9820644,79.5970954,0.9176228001,302.2,,2010-08-20
Telangana,Warangal,Acute Diarrhoeal Disease,2010,36,51.0,0.0,17.9820644,79.5970954,1.656995705,298.96,,2010-09-06
Telangana,Warangal,Acute Diarrhoeal Disease,2010,43,13.0,0.0,17.9820644,79.5970954,0.684105454,301.07,14.0,2010-10-25
Telangana,Warangal,Acute Diarrhoeal Disease,2011,31,20.0,0.0,17.9820644,79.5970954,0.6781850556,303.3266666,6.0,2011-08-02
Telangana,Warangal,Acute Diarrhoeal Disease,2011,32,54.0,0.0,17.9820644,79.5970954,0.05604376418,307.1,8.0,2011-08-11
Telangana,Warangal,Acute Diarrhoeal Disease,2011,36,17.0,0.0,17.9820644,79.5970954,0.7258221073,302.38,,2011-09-05
Telangana,Warangal,Acute Diarrhoeal Disease,2012,29,92.0,0.0,17.9820644,79.5970954,1.712991938,,5.0,2012-07-22
Telangana,Warangal,Acute Diarrhoeal Disease,2017,27,22.0,0.0,17.9820644,79.5970954,0.1567977445,305.54,6.0,2017-07-09
Telangana,Warangal,Dengue,2011,17,8.0,0.0,17.9820644,79.5970954,0.1189280815,310.945,7.0,2011-04-27
Telangana,Warangal,Dengue,2013,18,43.0,0.0,17.9820644,79.5970954,0.03655789313,313.8666666,6.0,2013-04-29
Telangana,Warangal,Malaria,2015,22,24.0,1.0,17.9820644,79.5970954,0.0001530263857,316.86,4.0,2015-05-26
Telangana,Warangal Urban,Acute Diarrhoeal Disease,2017,50,44.0,0.0,18.00441,79.56838,5.4e-05,305.216,8.0,2017-12-14
Telangana,Warangal Urban,Acute Diarrhoeal Disease,2020,8,55.0,0.0,18.00441,79.56838,5.29e-05,306.11333340000004,10.0,2020-02-21
Tripura,Agartala,Acute Diarrhoeal Disease,2018,50,102.0,0.0,23.8312377,91.2823821,3.43e-05,298.192,14.0,2018-12-12
Tripura,Dhalai,Acute Diarrhoeal Disease,2011,5,13.0,6.0,23.8253158,91.97322267,0.00235266067,295.5666666,35.0,2011-02-03
Tripura,Dhalai,Acute Diarrhoeal Disease,2011,15,57.0,1.0,23.8253158,91.97322267,0.06001272779,303.34000000000003,,2011-04-15
Tripura,Dhalai,Acute Diarrhoeal Disease,2017,9,6.0,1.0,23.8253158,91.97322267,0.06434863246,299.44,34.0,2017-03-01
Tripura,Dhalai,Malaria,2014,21,22349.0,172.0,23.8253158,91.97322267,0.1338603606,301.385,,2014-05-25
Tripura,Dhalai,Malaria,2017,21,39.0,0.0,23.8253158,91.97322267,0.09305463564,299.7033334,41.0,2017-05-27
Tripura,Dhalai District,Malaria,2014,21,828.0,24.0,23.9551603,91.8252174,0.07230890149,301.135,,2014-05-25
Tripura,Gomati,Acute Diarrhoeal Disease,2019,34,22.0,0.0,23.4613369,91.60718004,0.4134095106,,28.0,2019-08-25
Tripura,Gomati,Malaria,2019,25,190.0,0.0,23.4613369,91.60718004,0.3864496424,301.72,,2019-06-18
Tripura,Khowai,Acute Diarrhoeal Disease,2018,47,15.0,1.0,24.04673835,91.62320954,0.002108316505,299.096,,2018-11-24
Tripura,Khowai,Malaria,2015,15,151.0,1.0,24.04673835,91.62320954,0.8868027999,298.78400000000005,18.0,2015-04-09
Tripura,North Tripura,Acute Diarrhoeal Disease,2014,8,62.0,0.0,24.0921476,92.24512135,0.3112377587,295.56,34.0,2014-02-20
Tripura,North Tripura,Acute Diarrhoeal Disease,2017,6,23.0,0.0,24.0921476,92.24512135,8.98e-05,297.7,36.0,2017-02-08
Tripura,North Tripura,Acute Diarrhoeal Disease,2018,8,96.0,0.0,24.0921476,92.24512135,9.89e-05,297.1,37.0,2018-02-23
Tripura,North Tripura,Acute Diarrhoeal Disease,2018,9,9.0,0.0,24.0921476,92.24512135,0.04982010661,298.508,34.0,2018-02-28
Tripura,Sepahijala,Acute Diarrhoeal Disease,2017,3,19.0,0.0,23.53074455,91.30156539,6.23e-05,295.4833334,19.0,2017-01-20
Tripura,South Tripura,Acute Diarrhoeal Disease,2014,7,18.0,0.0,23.5,91.666667,0.02572835827,298.832,12.0,2014-02-14
Tripura,South Tripura,Acute Diarrhoeal Disease,2014,51,12.0,1.0,23.5,91.666667,8.77e-05,294.18,12.0,2014-12-15
Tripura,South Tripura,Acute Diarrhoeal Disease,2015,15,30.0,1.0,23.5,91.666667,1.017967427,299.975,21.0,2015-04-09
Tripura,South Tripura,Malaria,2010,50,29.0,3.0,23.5,91.666667,0.0001007299876,295.4366666,,2010-12-18
Tripura,Unakoti,Acute Diarrhoeal Disease,2014,6,30.0,0.0,24.3167458,92.06650224,8.72e-05,294.8166666,29.0,2014-02-03
Tripura,West Tripura,Acute Diarrhoeal Disease,2011,3,11.0,1.0,23.916667,91.5,0.1111277588,291.748,6.0,2011-01-20
Tripura,West Tripura,Acute Diarrhoeal Disease,2016,52,236.0,1.0,23.916667,91.5,0.01185782413,297.46,,2016-12-26
Tripura,West Tripura,Acute Diarrhoeal Disease,2017,15,131.0,0.0,23.916667,91.5,0.1045395675,300.585,17.0,2017-04-13
Uttar Pradesh,Agra,Dengue,2013,41,14.0,0.0,27.1752554,78.0098161,0.09357224264,302.5066666,8.0,2013-10-11
Uttar Pradesh,Agra,Dengue,2015,39,45.0,0.0,27.1752554,78.0098161,0.3932036085,306.40000000000003,,2015-09-22
Uttar Pradesh,Agra,Dengue,2021,36,43.0,1.0,27.1752554,78.0098161,0.2492950753,301.05333340000004,8.0,2021-09-09
Uttar Pradesh,Agra,Malaria,2013,43,39.0,0.0,27.1752554,78.0098161,5.91e-05,307.7733334,5.0,2013-10-25
Uttar Pradesh,Aligarh,Acute Diarrhoeal Disease,2010,20,14.0,2.0,27.833333,78.166667,0.0007197108288,316.39,4.0,2010-05-21
Uttar Pradesh,Aligarh,Acute Diarrhoeal Disease,2016,30,36.0,2.0,27.833333,78.166667,0.4506540532,302.8666666,,2016-07-27
Uttar Pradesh,Aligarh,Acute Diarrhoeal Disease,2019,29,75.0,2.0,27.833333,78.166667,0.1384236479,299.86,4.0,2019-07-16
Uttar Pradesh,Allahabad,Acute Diarrhoeal Disease,2009,31,51.0,0.0,25.4381302,81.8338005,0.3743718314,304.7066666,7.0,2009-08-01
Uttar Pradesh,Allahabad,Acute Diarrhoeal Disease,2009,33,29.0,0.0,25.4381302,81.8338005,0.6519466669,310.12,13.0,2009-08-15
Uttar Pradesh,Allahabad,Acute Diarrhoeal Disease,2010,20,9.0,1.0,25.4381302,81.8338005,0.009275116486,312.2366666,4.0,2010-05-21
Uttar Pradesh,Allahabad,Acute Diarrhoeal Disease,2010,30,8.0,1.0,25.4381302,81.8338005,0.9722630211,,5.0,2010-07-30
Uttar Pradesh,Allahabad,Acute Diarrhoeal Disease,2011,30,16.0,0.0,25.4381302,81.8338005,0.4000203478,305.24,8.0,2011-07-31
Uttar Pradesh,Allahabad,Acute Diarrhoeal Disease,2011,32,16.0,0.0,25.4381302,81.8338005,1.052934161,,5.0,2011-08-08
Uttar Pradesh,Ambedkar Nagar,Acute Diarrhoeal Disease,2009,37,15.0,1.0,26.40349795,82.60728149,1.288642508,301.0,16.0,2009-09-12
Uttar Pradesh,Ambedkar Nagar,Acute Diarrhoeal Disease,2009,42,29.0,3.0,26.40349795,82.60728149,0.02880228527,301.86333340000004,13.0,2009-10-14
Uttar Pradesh,Amethi,Acute Diarrhoeal Disease,2017,21,6.0,1.0,26.34738315,81.62387832,0.05352101694,313.908,4.0,2017-05-23
Uttar Pradesh,Amethi,Acute Diarrhoeal Disease,2017,35,47.0,1.0,26.34738315,81.62387832,0.6776805605,299.55,20.0,2017-09-01
Uttar Pradesh,Auraiya,Acute Diarrhoeal Disease,2010,18,14.0,1.0,26.65573395,79.51504701,0.09098014692,312.188,3.0,2010-05-05
Uttar Pradesh,Auraiya,Acute Diarrhoeal Disease,2013,26,16.0,0.0,26.65573395,79.51504701,1.421101916,,4.0,2013-06-29
Uttar Pradesh,Auraiya,Acute Diarrhoeal Disease,2013,29,20.0,0.0,26.65573395,79.51504701,0.6896339193,302.44,,2013-07-20
Uttar Pradesh,Auraiya,Acute Diarrhoeal Disease,2013,30,47.0,0.0,26.65573395,79.51504701,1.008140275,302.44,9.0,2013-07-23
Uttar Pradesh,Auraiya,Acute Diarrhoeal Disease,2019,23,70.0,0.0,26.65573395,79.51504701,0.001052918649,312.86400000000003,5.0,2019-06-08
Uttar Pradesh,Auraiya,Dengue,2018,42,103.0,3.0,26.65573395,79.51504701,0.0012251311,304.74333340000004,8.0,2018-10-19
Uttar Pradesh,Auraiya,Dengue,2019,44,209.0,0.0,26.65573395,79.51504701,1.52e-05,303.85,8.0,2019-10-29
Uttar Pradesh,Auraiya,Dengue,2021,39,34.0,0.0,26.65573395,79.51504701,0.6104519708,302.57,17.0,2021-09-28
Uttar Pradesh,Auraiya,Dengue,2021,46,43.0,0.0,26.65573395,79.51504701,8e-05,300.43333340000004,6.0,2021-11-18
Uttar Pradesh,Auraiya,Malaria,2011,41,39.0,0.0,26.65573395,79.51504701,4.49e-05,307.2966666,,2011-10-15
Uttar Pradesh,Azamgarh,Acute Diarrhoeal Disease,2013,20,33.0,1.0,26.02269675,83.02887343,0.02195376676,311.96,4.0,2013-05-18
Uttar Pradesh,Azamgarh,Acute Diarrhoeal Disease,2013,33,369.0,2.0,26.02269675,83.02887343,0.6334850485,301.90000000000003,12.0,2013-08-17
Uttar Pradesh,Azamgarh,Acute Diarrhoeal Disease,2016,27,19.0,0.0,26.02269675,83.02887343,0.9814632164,,3.0,2016-07-08
Uttar Pradesh,Azamgarh,Acute Diarrhoeal Disease,2016,29,11.0,1.0,26.02269675,83.02887343,0.7309276958,297.72,4.0,2016-07-24
Uttar Pradesh,Azamgarh,Acute Diarrhoeal Disease,2016,33,23.0,0.0,26.02269675,83.02887343,0.5988926578,298.79,9.0,2016-08-15
Uttar Pradesh,Azamgarh,Acute Diarrhoeal Disease,2017,30,11.0,0.0,26.02269675,83.02887343,1.465155439,303.44,,2017-07-28
Uttar Pradesh,Azamgarh,Cholera,2021,39,575.0,3.0,26.02269675,83.02887343,0.3132791294,300.825,15.0,2021-09-28
Uttar Pradesh,Badaun,Dengue,2016,32,16.0,0.0,28.116667,78.983333,0.4679969753,300.6,,2016-08-11
Uttar Pradesh,Badaun,Dengue,2016,35,18.0,0.0,28.116667,78.983333,0.5388081754,302.12,15.0,2016-09-03
Uttar Pradesh,Badaun,Malaria,2015,32,74.0,5.0,28.116667,78.983333,0.3586064309,307.12,5.0,2015-08-08
Uttar Pradesh,Badaun,Malaria,2015,33,67.0,0.0,28.116667,78.983333,0.3866253717,302.81,11.0,2015-08-15
Uttar Pradesh,Badaun,Malaria,2015,37,91.0,4.0,28.116667,78.983333,0.00512631228,305.11,14.0,2015-09-08
Uttar Pradesh,Ballia,Acute Diarrhoeal Disease,2021,43,14.0,0.0,25.87793255,84.11995931,0.01048046614,301.336,11.0,2021-10-30
Uttar Pradesh,Balrampur,Acute Diarrhoeal Disease,2011,24,9.0,1.0,27.4504805,82.39541774,0.3563857428,304.92,4.0,2011-06-19
Uttar Pradesh,Banda,Acute Diarrhoeal Disease,2010,22,19.0,0.0,25.6240669,80.44804739,0.0002656154313,308.865,3.0,2010-05-31
Uttar Pradesh,Bara Banki,Acute Diarrhoeal Disease,2016,44,24.0,0.0,26.9013312,81.2151601,9.49e-05,303.11,7.0,2016-11-03
Uttar Pradesh,Bara-Banki,Acute Diarrhoeal Disease,2016,15,67.0,0.0,26.9013312,81.2151601,5.71e-05,313.3866666,4.0,2016-04-17
Uttar Pradesh,Bara-Banki,Acute Diarrhoeal Disease,2016,31,9.0,1.0,26.9013312,81.2151601,0.7966329457,300.5733334,9.0,2016-08-05
Uttar Pradesh,Bara-Banki,Acute Diarrhoeal Disease,2017,36,15.0,1.0,26.9013312,81.2151601,0.06115148311,301.15000000000003,20.0,2017-09-10
Uttar Pradesh,Bareilly,AES,2009,49,11.0,5.0,28.416667,79.383333,7.38e-05,294.8833334,6.0,2009-12-06
Uttar Pradesh,Bareilly,Acute Diarrhoeal Disease,2010,30,19.0,3.0,28.416667,79.383333,1.363365482,,6.0,2010-08-01
Uttar Pradesh,Bareilly,Acute Diarrhoeal Disease,2010,34,50.0,1.0,28.416667,79.383333,1.441196299,,7.0,2010-08-26
Uttar Pradesh,Bareilly,Acute Diarrhoeal Disease,2010,39,15.0,1.0,28.416667,79.383333,0.00367616289,303.3366666,13.0,2010-10-03
Uttar Pradesh,Bareilly,Acute Diarrhoeal Disease,2014,27,11.0,0.0,28.416667,79.383333,0.1027656192,306.64,6.0,2014-06-30
Uttar Pradesh,Bareilly,Dengue,2015,34,64.0,0.0,28.416667,79.383333,0.8535924188,302.57,11.0,2015-08-17
Uttar Pradesh,Bareilly,Dengue,2019,31,16.0,0.0,28.416667,79.383333,0.4327190655,304.08,9.0,2019-08-02
Uttar Pradesh,Bareilly,Dengue,2021,38,158.0,5.0,28.416667,79.383333,0.6523132363,300.48400000000004,19.0,2021-09-23
Uttar Pradesh,Bareilly,Malaria,2018,36,36904.0,0.0,28.416667,79.383333,0.7864838707,302.48,8.0,2018-09-03
Uttar Pradesh,Bareilly,Malaria,2019,5,2102.0,0.0,28.416667,79.383333,0.3676343825,291.52,12.0,2019-01-28
Uttar Pradesh,Budaun,Acute Diarrhoeal Disease,2011,32,53.0,3.0,28.06831165,79.04607312,0.740874916,,6.0,2011-08-09
Uttar Pradesh,Budaun,Acute Diarrhoeal Disease,2016,29,8.0,1.0,28.06831165,79.04607312,0.2508885451,299.88,6.0,2016-07-24
Uttar Pradesh,Budaun,Chikungunya,2016,37,11.0,0.0,28.06831165,79.04607312,0.05554498863,304.01,15.0,2016-09-15
Uttar Pradesh,Budaun,Dengue,2010,36,7.0,1.0,28.06831165,79.04607312,0.9623278501,299.74,8.0,2010-09-12
Uttar Pradesh,Budaun,Dengue,2016,32,18.0,0.0,28.06831165,79.04607312,0.2958498923,303.73,8.0,2016-08-09
Uttar Pradesh,Budaun,Dengue & Malaria,2016,42,29.0,0.0,28.06831165,79.04607312,2.78e-05,305.74333340000004,7.0,2016-10-20
Uttar Pradesh,Budaun,Malaria,2016,32,39.0,0.0,28.06831165,79.04607312,0.304115069,302.36,8.0,2016-08-10
Uttar Pradesh,Budaun,Malaria,2016,36,48.0,0.0,28.06831165,79.04607312,0.04214693534,301.2033334,15.0,2016-09-09
Uttar Pradesh,Budaun,Malaria,2016,38,15.0,1.0,28.06831165,79.04607312,0.1531723574,306.64,12.0,2016-09-23
Uttar Pradesh,Budaun,Malaria,2017,33,160.0,3.0,28.06831165,79.04607312,0.05634271209,300.6,10.0,2017-08-17
Uttar Pradesh,Budaun,Malaria,2019,34,360.0,0.0,28.06831165,79.04607312,0.8708419923,301.665,15.0,2019-08-24
Uttar Pradesh,Bulandshahar,Acute Diarrhoeal Disease,2010,16,518.0,4.0,28.5246712,77.5996529,0.01219871481,315.86,3.0,2010-04-20
Uttar Pradesh,Bulandshahar,Malaria,2011,37,49.0,0.0,28.5246712,77.5996529,0.3030659847,301.036,17.0,2011-09-18
Uttar Pradesh,Chandauli,Acute Diarrhoeal Disease,2012,24,15.0,0.0,25.1265777,83.24965577,5.87e-05,313.34000000000003,,2012-06-16
Uttar Pradesh,Chandauli,Acute Diarrhoeal Disease,2013,39,42.0,0.0,25.1265777,83.24965577,0.26988376669999997,301.5833334,15.0,2013-09-28
Uttar Pradesh,Chandauli,Acute Diarrhoeal Disease,2013,41,20.0,0.0,25.1265777,83.24965577,1.245188512,299.552,,2013-10-08
Uttar Pradesh,Chandauli,Acute Diarrhoeal Disease,2014,36,17.0,1.0,25.1265777,83.24965577,0.2721729072,302.844,17.0,2014-09-03
Uttar Pradesh,Chandauli,Acute Diarrhoeal Disease,2015,25,45.0,0.0,25.1265777,83.24965577,0.2952944687,314.788,6.0,2015-06-15
Uttar Pradesh,Chandauli,Acute Diarrhoeal Disease,2015,29,37.0,0.0,25.1265777,83.24965577,0.4928741399,302.51,9.0,2015-07-17
Uttar Pradesh,Chandauli,Acute Diarrhoeal Disease,2015,33,33.0,1.0,25.1265777,83.24965577,0.40521043045,301.923,14.5,2015-08-10
Uttar Pradesh,Chandauli,Acute Diarrhoeal Disease,2015,36,89.0,2.0,25.1265777,83.24965577,0.7040311155,300.6866666,19.0,2015-09-01
Uttar Pradesh,Chandauli,Acute Diarrhoeal Disease,2015,37,20.0,1.0,25.1265777,83.24965577,0.02130153649,302.10400000000004,20.0,2015-09-08
Uttar Pradesh,Chandauli,Acute Diarrhoeal Disease,2015,39,19.0,0.0,25.1265777,83.24965577,0.4236238031,303.82,,2015-09-21
Uttar Pradesh,Chandauli,Acute Diarrhoeal Disease,2016,19,36.0,0.0,25.1265777,83.24965577,0.04507422306,315.82,5.0,2016-05-12
Uttar Pradesh,Chandauli,Acute Diarrhoeal Disease,2016,29,12.0,1.0,25.1265777,83.24965577,0.839618801,,12.0,2016-07-23
Uttar Pradesh,Chandauli,Acute Diarrhoeal Disease,2016,31,272.0,5.0,25.1265777,83.24965577,0.7012221567,,10.0,2016-08-02
Uttar Pradesh,Chandauli,Acute Diarrhoeal Disease,2016,36,88.0,2.0,25.1265777,83.24965577,0.7440165615,304.07,,2016-09-05
Uttar Pradesh,Chandauli,Acute Diarrhoeal Disease,2016,37,56.0,2.0,25.1265777,83.24965577,1.3414024509999998,300.32666666666665,15.0,2016-09-12
Uttar Pradesh,Chandauli,Acute Diarrhoeal Disease,2016,40,71.0,0.0,25.1265777,83.24965577,0.47334107989999996,301.89700000000005,26.0,2016-10-04
Uttar Pradesh,Chandauli,Acute Diarrhoeal Disease,2017,18,13.0,1.0,25.1265777,83.24965577,0.06106084845,315.43,6.0,2017-05-05
Uttar Pradesh,Chandauli,Acute Diarrhoeal Disease,2017,30,64.0,3.0,25.1265777,83.24965577,2.3890794963333337,303.78000000000003,4.666666666666667,2017-07-25
Uttar Pradesh,Chandauli,Acute Diarrhoeal Disease,2017,31,12.0,0.0,25.1265777,83.24965577,0.7534587358,,6.0,2017-08-02
Uttar Pradesh,Chandauli,Acute Diarrhoeal Disease,2017,37,11.0,0.0,25.1265777,83.24965577,0.3127235689,303.37,17.0,2017-09-15
Uttar Pradesh,Chandauli,Acute Diarrhoeal Disease,2018,20,17.0,0.0,25.1265777,83.24965577,0.04421720051,311.496,6.0,2018-05-18
Uttar Pradesh,Chandauli,Acute Diarrhoeal Disease,2019,35,20.0,1.0,25.1265777,83.24965577,0.5828444825000001,300.29200000000003,16.0,2019-08-29
Uttar Pradesh,Chandauli,Acute Diarrhoeal Disease,2019,37,27.0,0.0,25.1265777,83.24965577,0.8802929142,300.44,,2019-09-14
Uttar Pradesh,Chandauli,Acute Diarrhoeal Disease,2019,38,49.0,1.0,25.1265777,83.24965577,0.62061102255,301.445,20.0,2019-09-16
Uttar Pradesh,Chandauli,Acute Diarrhoeal Disease,2021,42,38.0,0.0,25.1265777,83.24965577,0.5887707151,301.548,19.0,2021-10-21
Uttar Pradesh,Chandauli,Acute Diarrhoeal Disease,2021,44,24.0,1.0,25.1265777,83.24965577,8.66e-05,301.456,14.0,2021-11-05
Uttar Pradesh,Deoria,Acute Diarrhoeal Disease,2019,43,14.0,1.0,26.42384715,83.76273169,0.03316729229,301.6666666,,2019-10-23
Uttar Pradesh,Etawah,Acute Diarrhoeal Disease,2016,27,20.0,0.0,26.71832435,79.09025375,0.408398283,310.41,5.0,2016-07-04
Uttar Pradesh,Farrukhabad,Acute Diarrhoeal Disease,2010,30,12.0,0.0,27.43719385,79.48912947,0.8445044952,303.28000000000003,,2010-07-27
Uttar Pradesh,Farrukhabad,Dengue,2019,39,29.0,0.0,27.43719385,79.48912947,0.3975436355,286.88,6.0,2019-09-28
Uttar Pradesh,Farrukhabad,Dengue,2019,44,12.0,0.0,27.43719385,79.48912947,7.3e-05,304.156,5.0,2019-11-02
Uttar Pradesh,Farrukhabad,Dengue,2021,25,7.0,0.0,27.43719385,79.48912947,0.07073094221,306.42,,2021-06-26
Uttar Pradesh,Farrukhabad,Malaria,2021,34,86.0,0.0,27.43719385,79.48912947,0.2052839351,300.81,,2021-08-28
Uttar Pradesh,Farrukhabad,Malaria,2021,40,13.0,0.0,27.43719385,79.48912947,0.0489604129,302.764,,2021-10-07
Uttar Pradesh,Fatehpur,AES,2022,4,1.0,0.0,25.8435395,80.91800397,0.09903011933,290.18,,2022-01-24
Uttar Pradesh,Fatehpur,Acute Diarrhoeal Disease,2016,24,18.0,1.0,25.8435395,80.91800397,0.1599538863,310.48,,2016-06-17
Uttar Pradesh,Fatehpur,Acute Diarrhoeal Disease,2016,31,65.0,1.0,25.8435395,80.91800397,0.7442011591,301.36,7.0,2016-08-06
Uttar Pradesh,Fatehpur,Acute Diarrhoeal Disease,2017,20,15.0,2.0,25.8435395,80.91800397,0.02290172493,315.43,,2017-05-17
Uttar Pradesh,Fatehpur,Dengue,2015,37,57.0,1.0,25.8435395,80.91800397,0.03982951385,306.5933334,13.0,2015-09-12
Uttar Pradesh,Fatehpur,Dengue,2015,39,12.0,0.0,25.8435395,80.91800397,0.1536829495,304.6066666,12.0,2015-09-26
Uttar Pradesh,Fatehpur,Dengue,2019,40,6.0,0.0,25.8435395,80.91800397,0.9107555011,295.27,,2019-09-30
Uttar Pradesh,Fatehpur,Dengue,2019,42,6.0,0.0,25.8435395,80.91800397,0.007440193699,303.6166666,15.0,2019-10-14
Uttar Pradesh,Fatehpur,Dengue,2019,47,8.0,0.0,25.8435395,80.91800397,2.74e-05,301.57,5.0,2019-11-18
Uttar Pradesh,Fatehpur,Dengue,2020,32,18.0,1.0,25.8435395,80.91800397,0.5774017648,304.04,11.0,2020-08-09
Uttar Pradesh,Fatehpur,Dengue,2020,33,7.0,0.0,25.8435395,80.91800397,0.6019255674,304.04,,2020-08-11
Uttar Pradesh,Fatehpur,Dengue,2020,41,5.0,0.0,25.8435395,80.91800397,0.002515332414,305.3533334,,2020-10-06
Uttar Pradesh,Firozabad,Acute Diarrhoeal Disease,2013,24,20.0,0.0,27.17736635,78.38991198,0.008707761804,313.995,,2013-06-10
Uttar Pradesh,Firozabad,Acute Diarrhoeal Disease,2013,26,15.0,0.0,27.17736635,78.38991198,0.03066648349,306.925,5.0,2013-06-24
Uttar Pradesh,Firozabad,Acute Diarrhoeal Disease,2014,37,17.0,0.0,27.17736635,78.38991198,0.6690036075,297.59000000000003,12.0,2014-09-08
Uttar Pradesh,Firozabad,Acute Diarrhoeal Disease,2014,38,13.0,0.0,27.17736635,78.38991198,0.3821883913,300.96500000000003,13.0,2014-09-15
Uttar Pradesh,Firozabad,Acute Diarrhoeal Disease,2019,30,32.0,3.0,27.17736635,78.38991198,1.205940721,311.51,6.0,2019-07-26
Uttar Pradesh,Firozabad,Dengue,2021,35,5754.0,5.0,27.17736635,78.38991198,0.7518674339,304.5,10.0,2021-09-02
Uttar Pradesh,Gautam Buddha Nagar,Acute Diarrhoeal Disease,2016,6,39.0,0.0,28.6292302,77.38416795,0.0559048986,293.5166666,15.0,2016-02-12
Uttar Pradesh,Gautam Buddha Nagar,Dengue,2015,34,48.0,0.0,28.6292302,77.38416795,0.4748045819,300.04,12.0,2015-08-17
Uttar Pradesh,Ghaziabad,Acute Diarrhoeal Disease,2010,29,13.0,0.0,28.6711527,77.4120356,1.624889875,310.38,7.0,2010-07-22
Uttar Pradesh,Ghaziabad,Acute Diarrhoeal Disease,2010,34,18.0,0.0,28.6711527,77.4120356,0.8559485539,301.74,8.0,2010-08-27
Uttar Pradesh,Ghaziabad,Acute Diarrhoeal Disease,2010,39,11.0,0.0,28.6711527,77.4120356,0.03179926932,301.3833334,,2010-09-29
Uttar Pradesh,Ghaziabad,Dengue,2021,35,388.0,0.0,28.6711527,77.4120356,0.06308053572,299.81333340000003,14.0,2021-08-31
Uttar Pradesh,Ghazipur,Acute Diarrhoeal Disease,2009,32,13.0,2.0,25.6035084,83.50745405,0.1365757659,305.22,6.0,2009-08-06
Uttar Pradesh,Ghazipur,Acute Diarrhoeal Disease,2009,34,23.0,0.0,25.6035084,83.50745405,0.7481644209,303.1,,2009-08-21
Uttar Pradesh,Ghazipur,Acute Diarrhoeal Disease,2010,23,15.0,0.0,25.6035084,83.50745405,0.002565244546,311.688,3.0,2010-06-08
Uttar Pradesh,Ghazipur,Acute Diarrhoeal Disease,2010,29,7.0,1.0,25.6035084,83.50745405,0.4952042744,,4.0,2010-07-22
Uttar Pradesh,Ghazipur,Acute Diarrhoeal Disease,2011,32,12.0,0.0,25.6035084,83.50745405,1.199552044,261.5,4.0,2011-08-09
Uttar Pradesh,Ghazipur,Acute Diarrhoeal Disease,2011,38,30.0,0.0,25.6035084,83.50745405,0.406454022,300.38,,2011-09-22
Uttar Pradesh,Ghazipur,Acute Diarrhoeal Disease,2017,31,18.0,0.0,25.6035084,83.50745405,0.7597186379,,,2017-08-05
Uttar Pradesh,Ghazipur,Acute Diarrhoeal Disease,2017,34,14.0,0.0,25.6035084,83.50745405,0.3769483589,303.23,12.0,2017-08-25
Uttar Pradesh,Ghazipur,Acute Diarrhoeal Disease,2019,30,12.0,0.0,25.6035084,83.50745405,1.071848138,308.97,6.0,2019-07-25
Uttar Pradesh,Ghazipur,Acute Diarrhoeal Disease,2021,41,43.0,0.0,25.6035084,83.50745405,0.01547625056,302.932,18.0,2021-10-14
Uttar Pradesh,Ghazipur,Acute Diarrhoeal Disease,2021,42,10.0,0.0,25.6035084,83.50745405,0.359198172,301.7133334,,2021-10-23
Uttar Pradesh,Ghazipur,Acute Diarrhoeal Disease,2021,45,9.0,1.0,25.6035084,83.50745405,0.0001084777241,301.172,,2021-11-09
Uttar Pradesh,Ghazipur,Dengue,2021,38,21.0,0.0,25.6035084,83.50745405,1.419633441,299.34000000000003,11.0,2021-09-20
Uttar Pradesh,Ghazipur,Dengue,2021,40,12.0,0.0,25.6035084,83.50745405,1.210702805,300.27500000000003,16.0,2021-10-05
Uttar Pradesh,Gonda,Acute Diarrhoeal Disease,2010,16,20.0,0.0,27.1096669,81.91832912,0.03583704675,310.02,4.0,2010-04-19
Uttar Pradesh,Gonda,Acute Diarrhoeal Disease,2010,33,21.0,2.0,27.1096669,81.91832912,1.205974333,,7.0,2010-08-22
Uttar Pradesh,Gonda,Acute Diarrhoeal Disease,2010,35,12.0,0.0,27.1096669,81.91832912,0.4842939321,302.03000000000003,6.0,2010-09-01
Uttar Pradesh,Gonda,Acute Diarrhoeal Disease,2019,29,19.0,2.0,27.1096669,81.91832912,0.5614854338,303.47,,2019-07-20
Uttar Pradesh,Gonda,Acute Diarrhoeal Disease,2019,31,12.0,0.0,27.1096669,81.91832912,0.629128705,303.84000000000003,10.0,2019-08-01
Uttar Pradesh,Gonda,Acute Diarrhoeal Disease,2019,34,17.0,0.0,27.1096669,81.91832912,0.6980181961,301.2933334,,2019-08-20
Uttar Pradesh,Gorakhpur,AES,2009,48,13.0,2.0,26.6711433,83.36457244,3.72e-05,299.17,4.0,2009-11-28
Uttar Pradesh,Gorakhpur,Acute Diarrhoeal Disease,2012,30,16.0,2.0,26.6711433,83.36457244,1.121683594,299.56,,2012-07-26
Uttar Pradesh,Hardoi,Acute Diarrhoeal Disease,2010,21,22.0,0.0,27.33857665,80.09752646,0.004001136077,311.7133334,5.0,2010-05-28
Uttar Pradesh,Hardoi,Acute Diarrhoeal Disease,2010,33,10.0,0.0,27.33857665,80.09752646,0.7603290878,306.40000000000003,6.0,2010-08-16
Uttar Pradesh,Hardoi,Acute Diarrhoeal Disease,2012,33,17.0,0.0,27.33857665,80.09752646,0.1718421849,302.3,10.0,2012-08-18
Uttar Pradesh,Hardoi,Acute Diarrhoeal Disease,2012,34,14.0,1.0,27.33857665,80.09752646,0.7938160104,261.32,7.0,2012-08-23
Uttar Pradesh,Hardoi,Acute Diarrhoeal Disease,2013,26,12.0,0.0,27.33857665,80.09752646,0.6728428037,,4.0,2013-06-30
Uttar Pradesh,Hardoi,Acute Diarrhoeal Disease,2016,21,52.0,0.0,27.33857665,80.09752646,0.2888336044,305.195,4.0,2016-05-29
Uttar Pradesh,Hardoi,Acute Diarrhoeal Disease,2016,23,12.0,0.0,27.33857665,80.09752646,0.01785300023,309.012,5.0,2016-06-11
Uttar Pradesh,Hardoi,Acute Diarrhoeal Disease,2017,19,121.0,3.0,27.33857665,80.09752646,0.01866490316,315.18333340000004,,2017-05-08
Uttar Pradesh,Hardoi,Dengue,2015,39,75.0,1.0,27.33857665,80.09752646,0.0505803582,302.56,14.0,2015-09-27
Uttar Pradesh,Hardoi,Dengue,2016,28,933.0,0.0,27.33857665,80.09752646,0.7078000626,307.7,,2016-07-11
Uttar Pradesh,Hardoi,Malaria,2015,34,50.0,0.0,27.33857665,80.09752646,0.5873462079,,11.0,2015-08-19
Uttar Pradesh,Hardoi,Malaria,2015,37,84.0,0.0,27.33857665,80.09752646,0.03829189469,305.8533334,15.0,2015-09-12
Uttar Pradesh,Hardoi,Malaria,2017,21,6.0,0.0,27.33857665,80.09752646,0.06006655106,309.3533334,,2017-05-25
Uttar Pradesh,Hardoi,Malaria,2021,37,150.0,0.0,27.33857665,80.09752646,0.4999214549,302.1,,2021-09-13
Uttar Pradesh,Jalaun,Acute Diarrhoeal Disease,2011,29,16.0,1.0,26.105546,79.42765265,1.09924818,305.52,7.0,2011-07-21
Uttar Pradesh,Jalaun,Acute Diarrhoeal Disease,2012,29,41.0,1.0,26.105546,79.42765265,0.08876741346,309.23,4.0,2012-07-21
Uttar Pradesh,Jalaun,Acute Diarrhoeal Disease,2012,34,29.0,0.0,26.105546,79.42765265,0.2546054365,301.86,,2012-08-20
Uttar Pradesh,Jalaun,Acute Diarrhoeal Disease,2013,30,30.0,0.0,26.105546,79.42765265,0.9081972174,303.39,,2013-07-27
Uttar Pradesh,Jalaun,Acute Diarrhoeal Disease,2019,27,47.0,3.0,26.105546,79.42765265,0.08099650702,313.168,,2019-07-03
Uttar Pradesh,Jalaun,Dengue,2015,44,68.0,0.0,26.105546,79.42765265,0.01230069884,309.89,5.0,2015-10-26
Uttar Pradesh,Jalaun,Dengue,2019,34,5.0,0.0,26.105546,79.42765265,0.7243944379,302.43,16.0,2019-08-23
Uttar Pradesh,Jalaun,Dengue,2019,42,15.0,0.0,26.105546,79.42765265,0.001466828363,305.3833334,,2019-10-16
Uttar Pradesh,Jalaun,Dengue,2021,35,23.0,1.0,26.105546,79.42765265,0.2619904802,302.2,13.0,2021-09-01
Uttar Pradesh,Jalaun,Dengue,2021,40,7.0,0.0,26.105546,79.42765265,0.1089528815,303.08,14.0,2021-10-04
Uttar Pradesh,Jalaun,Malaria,2011,32,34.0,0.0,26.105546,79.42765265,0.8479031731,,2.0,2011-08-11
Uttar Pradesh,Jaunpur,Acute Diarrhoeal Disease,2017,34,25.0,2.0,25.7955927,82.48834098,0.3332824536,300.96,17.0,2017-08-22
Uttar Pradesh,Jaunpur,Acute Diarrhoeal Disease,2018,33,45.0,0.0,25.7955927,82.48834098,0.7327297566,298.12,,2018-08-13
Uttar Pradesh,Jaunpur,Acute Diarrhoeal Disease,2018,34,24.0,0.0,25.7955927,82.48834098,0.5198579763,301.98,7.0,2018-08-23
Uttar Pradesh,Jhansi,Acute Diarrhoeal Disease,2009,40,19.0,3.0,25.5301308,78.65242146,0.04468250718,308.00333340000003,8.0,2009-09-28
Uttar Pradesh,Jhansi,Acute Diarrhoeal Disease,2015,35,16.0,0.0,25.5301308,78.65242146,0.05373441695,302.2666666,14.0,2015-08-27
Uttar Pradesh,Jhansi,Acute Diarrhoeal Disease,2015,38,28.0,0.0,25.5301308,78.65242146,0.2231927359,308.7133334,11.0,2015-09-15
Uttar Pradesh,Jhansi,Dengue,2015,39,23.0,0.0,25.5301308,78.65242146,0.2583586554,307.796,,2015-09-22
Uttar Pradesh,Jhansi,Dengue,2015,40,26.0,0.0,25.5301308,78.65242146,0.0009302723369,312.25333340000003,7.0,2015-10-04
Uttar Pradesh,Jhansi,Dengue,2021,35,40.0,0.0,25.5301308,78.65242146,0.1756067177,303.2266666,13.0,2021-09-01
Uttar Pradesh,Kannauj,Acute Diarrhoeal Disease,2016,18,28.0,0.0,26.9996974,79.68861213,0.03945590357,312.7666666,,2016-05-07
Uttar Pradesh,Kannauj,Acute Diarrhoeal Disease,2016,21,49.0,0.0,26.9996974,79.68861213,0.02358271107,310.36,4.0,2016-05-25
Uttar Pradesh,Kannauj,Acute Diarrhoeal Disease,2016,26,73.0,2.0,26.9996974,79.68861213,0.1768429674,305.61,5.0,2016-06-29
Uttar Pradesh,Kannauj,Acute Diarrhoeal Disease,2018,39,39.0,0.0,26.9996974,79.68861213,0.1795235948,303.945,16.0,2018-09-24
Uttar Pradesh,Kannauj,Acute Diarrhoeal Disease,2018,40,111.0,0.0,26.9996974,79.68861213,0.002815972306,305.55333340000004,13.0,2018-10-03
Uttar Pradesh,Kannauj,Acute Diarrhoeal Disease,2019,35,75.0,0.0,26.9996974,79.68861213,0.8697516112,300.21,,2019-08-28
Uttar Pradesh,Kannauj,Dengue,2021,35,20.0,0.0,26.9996974,79.68861213,0.1708038105,303.46,16.0,2021-08-31
Uttar Pradesh,Kannauj,Dengue,2021,36,125.0,0.0,26.9996974,79.68861213,0.19687095345,301.6433333,14.0,2021-09-09
Uttar Pradesh,Kanpur,Dengue,2015,31,38.0,1.0,26.4609135,80.3217588,0.06079837925,304.975,8.0,2015-08-01
Uttar Pradesh,Kanpur (Dehat),Acute Diarrhoeal Disease,2019,28,153.0,2.0,26.4600465,79.85551,1.010539474,311.90000000000003,2.0,2019-07-09
Uttar Pradesh,Kanpur Nagar,Dengue,2012,39,742.0,0.0,26.4402119,80.26930513,0.05374530317,302.716,15.0,2012-09-24
Uttar Pradesh,Kaushambi,Acute Diarrhoeal Disease,2012,23,23.0,0.0,25.53609455,81.44672839,0.0001772749073,313.6566666,3.0,2012-06-05
Uttar Pradesh,Kaushambi,Acute Diarrhoeal Disease,2015,23,42.0,0.0,25.53609455,81.44672839,5.03e-05,314.99,,2015-06-01
Uttar Pradesh,Kaushambi,Acute Diarrhoeal Disease,2016,18,71.0,0.0,25.53609455,81.44672839,0.006137379379,316.3,4.0,2016-05-02
Uttar Pradesh,Kaushambi,Acute Diarrhoeal Disease,2016,31,189.0,1.0,25.53609455,81.44672839,0.8086427352,302.92,8.0,2016-08-01
Uttar Pradesh,Kaushambi,Acute Diarrhoeal Disease,2017,21,39.0,0.0,25.53609455,81.44672839,0.03315191897,313.25,5.0,2017-05-22
Uttar Pradesh,Kaushambi,Acute Diarrhoeal Disease,2021,34,10.0,0.0,25.53609455,81.44672839,1.055170653,300.74,14.0,2021-08-23
Uttar Pradesh,Kaushambi,Acute Diarrhoeal Disease,2021,39,10.0,0.0,25.53609455,81.44672839,0.8086172793,299.67,17.0,2021-09-27
Uttar Pradesh,Kaushambi,Acute Diarrhoeal Disease,2022,24,8.0,2.0,25.53609455,81.44672839,0.01293798244,311.985,5.0,2022-06-16
Uttar Pradesh,Kushinagar,Acute Diarrhoeal Disease,2016,34,44.0,1.0,26.7438272,83.9162322,0.4079508719,301.856,20.0,2016-08-25
Uttar Pradesh,Kushinagar,Acute Diarrhoeal Disease,2019,34,25.0,1.0,26.7438272,83.9162322,1.473709979,300.704,19.0,2019-08-25
Uttar Pradesh,Lakhimpur Kheri,AES,2014,35,3.0,0.0,27.98506015,80.75384538,0.08111239529,301.85,,2014-08-29
Uttar Pradesh,Lakhimpur Kheri,AES,2016,33,27.0,2.0,27.98506015,80.75384538,1.095861544,301.56,13.0,2016-08-16
Uttar Pradesh,Lakhimpur Kheri,Acute Diarrhoeal Disease,2011,31,48.0,0.0,27.98506015,80.75384538,1.245870313,288.9533334,12.0,2011-08-07
Uttar Pradesh,Lakhimpur Kheri,Acute Diarrhoeal Disease,2012,27,33.0,0.0,27.98506015,80.75384538,0.1495115982,305.95,8.0,2012-07-05
Uttar Pradesh,Lakhimpur Kheri,Acute Diarrhoeal Disease,2012,38,24.0,1.0,27.98506015,80.75384538,2.675316422,301.06,18.0,2012-09-23
Uttar Pradesh,Lalitpur,Acute Diarrhoeal Disease,2019,41,26.0,0.0,24.70038485,78.51866759,0.0199100931,303.3,14.0,2019-10-13
Uttar Pradesh,Lucknow,Acute Diarrhoeal Disease,2009,43,47.0,0.0,26.8420098,80.94785711,2.62e-05,303.588,9.0,2009-10-20
Uttar Pradesh,Lucknow,Acute Diarrhoeal Disease,2010,16,43.0,1.0,26.8420098,80.94785711,0.0001121594501,311.7333334,4.0,2010-04-20
Uttar Pradesh,Lucknow,Acute Diarrhoeal Disease,2012,28,26.0,1.0,26.8420098,80.94785711,1.401348153,305.74,,2012-07-10
Uttar Pradesh,Lucknow,Acute Diarrhoeal Disease,2012,29,30.0,2.0,26.8420098,80.94785711,0.2318804346,302.91,7.0,2012-07-17
Uttar Pradesh,Lucknow,Acute Diarrhoeal Disease,2012,30,20.0,0.0,26.8420098,80.94785711,1.81531669,,,2012-07-27
Uttar Pradesh,Lucknow,Acute Diarrhoeal Disease,2012,32,29.0,0.0,26.8420098,80.94785711,1.132204714,303.08,,2012-08-11
Uttar Pradesh,Lucknow,Acute Diarrhoeal Disease,2013,15,12.0,0.0,26.8420098,80.94785711,0.001357264057,309.94,6.0,2013-04-11
Uttar Pradesh,Lucknow,Acute Diarrhoeal Disease,2014,14,11.0,0.0,26.8420098,80.94785711,0.0005369273635,305.3666666,7.0,2014-04-01
Uttar Pradesh,Lucknow,Acute Diarrhoeal Disease,2014,52,17.0,0.0,26.8420098,80.94785711,0.0004688717545,290.86,6.0,2014-12-28
Uttar Pradesh,Lucknow,Acute Diarrhoeal Disease,2015,28,17.0,0.0,26.8420098,80.94785711,1.010651082,,,2015-07-11
Uttar Pradesh,Lucknow,Acute Diarrhoeal Disease,2015,36,12.0,0.0,26.8420098,80.94785711,0.0515453984,302.73,13.0,2015-09-04
Uttar Pradesh,Lucknow,Acute Diarrhoeal Disease,2015,38,19.0,0.0,26.8420098,80.94785711,0.1901439083,305.935,13.0,2015-09-15
Uttar Pradesh,Lucknow,Acute Diarrhoeal Disease,2015,40,10.0,0.0,26.8420098,80.94785711,5.44e-05,307.16,12.0,2015-10-04
Uttar Pradesh,Lucknow,Acute Diarrhoeal Disease,2016,25,10.0,0.0,26.8420098,80.94785711,0.8302538979,314.64,,2016-06-24
Uttar Pradesh,Lucknow,Acute Diarrhoeal Disease,2021,33,73.0,0.0,26.8420098,80.94785711,0.2987519879,303.1,12.0,2021-08-16
Uttar Pradesh,Lucknow,Acute Diarrhoeal Disease,2021,41,12.0,0.0,26.8420098,80.94785711,0.03974676226,302.67,14.0,2021-10-11
Uttar Pradesh,Lucknow,Acute Diarrhoeal Disease,2021,43,20.0,0.0,26.8420098,80.94785711,0.006125706605,301.7166666,10.0,2021-10-26
Uttar Pradesh,Lucknow,Cholera,2021,32,138.0,1.0,26.8420098,80.94785711,0.2134510228,,5.0,2021-08-09
Uttar Pradesh,Lucknow,Cholera,2021,39,13.0,0.0,26.8420098,80.94785711,0.2957323009,302.372,18.0,2021-10-02
Uttar Pradesh,Maharajganj,AES,2010,52,321.0,42.0,26.46876745,81.17995234,0.1612736045,295.312,4.0,2011-01-01
Uttar Pradesh,Mahoba,Acute Diarrhoeal Disease,2020,6,40.0,0.0,25.36176885,79.70499475,0.0001586055263,293.52,18.0,2020-02-05
Uttar Pradesh,Mainpuri,Dengue,2021,35,32.0,0.0,27.2098219,79.04813701,0.2972599919,303.41,11.0,2021-08-30
Uttar Pradesh,Mathura,Acute Diarrhoeal Disease,2016,44,282.0,0.0,27.633333,77.583333,9.49e-05,307.1566666,3.0,2016-11-03
Uttar Pradesh,Mathura,Acute Diarrhoeal Disease,2019,26,194.0,0.0,27.633333,77.583333,0.03729180815,314.3433334,3.0,2019-06-27
Uttar Pradesh,Mathura,Cholera,2016,18,173.0,3.0,27.633333,77.583333,0.04562310327,321.7366666,3.0,2016-05-05
Uttar Pradesh,Mathura,Dengue,2021,33,182.0,6.0,27.633333,77.583333,0.1655406454,306.056,,2021-08-21
Uttar Pradesh,Mathura,Malaria,2015,43,40.0,0.0,27.633333,77.583333,0.01922118528,311.5733334,4.0,2015-10-21
Uttar Pradesh,Mau,Acute Diarrhoeal Disease,2016,21,20.0,0.0,26.0376878,83.49793418,0.2601296122,308.24,4.0,2016-05-27
Uttar Pradesh,Mau,Acute Diarrhoeal Disease,2017,24,11.0,0.0,26.0376878,83.49793418,0.1246368736,308.865,5.0,2017-06-13
Uttar Pradesh,Mau,Acute Diarrhoeal Disease,2017,35,10.0,0.0,26.0376878,83.49793418,0.6229923477,301.3066666,16.0,2017-08-31
Uttar Pradesh,Mirzapur,Acute Diarrhoeal Disease,2011,32,51.0,2.0,25.1010477,82.62574936,1.392780375,301.96,4.0,2011-08-09
Uttar Pradesh,Mirzapur,Acute Diarrhoeal Disease,2014,30,12.0,0.0,25.1010477,82.62574936,0.5395933643,304.0733334,6.0,2014-07-21
Uttar Pradesh,Mirzapur,Acute Diarrhoeal Disease,2016,29,43.0,0.0,25.1010477,82.62574936,0.7607275653,,9.0,2016-07-20
Uttar Pradesh,Mirzapur,Acute Diarrhoeal Disease,2016,32,9.0,2.0,25.1010477,82.62574936,0.6055965656,302.82,9.0,2016-08-10
Uttar Pradesh,Mirzapur,Acute Diarrhoeal Disease,2016,33,40.0,0.0,25.1010477,82.62574936,3.390064787,,3.0,2016-08-18
Uttar Pradesh,Mirzapur,Acute Diarrhoeal Disease,2016,40,56.0,0.0,25.1010477,82.62574936,0.6320282972,302.0875,22.0,2016-10-04
Uttar Pradesh,Mirzapur,Acute Diarrhoeal Disease,2017,19,69.0,2.0,25.1010477,82.62574936,0.001518857119,318.1066666,,2017-05-08
Uttar Pradesh,Mirzapur,Acute Diarrhoeal Disease,2017,22,25.0,1.0,25.1010477,82.62574936,0.107414924,314.32,,2017-06-02
Uttar Pradesh,Mirzapur,Acute Diarrhoeal Disease,2017,25,16.0,1.0,25.1010477,82.62574936,0.2017533802,312.312,5.0,2017-06-24
Uttar Pradesh,Mirzapur,Acute Diarrhoeal Disease,2017,41,85.0,0.0,25.1010477,82.62574936,0.2245114684,304.195,16.0,2017-10-13
Uttar Pradesh,Mirzapur,Acute Diarrhoeal Disease,2022,20,12.0,0.0,25.1010477,82.62574936,0.0004174087149,313.0,4.0,2022-05-18
Uttar Pradesh,Muzaffarnagar,Dengue,2019,39,8.0,0.0,29.44800635,77.74068503,0.5270895123,301.356,20.0,2019-09-23
Uttar Pradesh,Muzaffarnagar,Dengue,2021,35,140.0,0.0,29.44800635,77.74068503,0.0667314591,298.66,13.0,2021-08-31
Uttar Pradesh,Panchsheel Nagar,AES,2021,33,3.0,0.0,28.573908,77.38394602,0.005460305864,300.96,14.0,2021-08-17
Uttar Pradesh,Pilibhit,Acute Diarrhoeal Disease,2009,36,157.0,0.0,28.6908066,79.83107249,0.5070418247,300.50333340000003,15.0,2009-08-31
Uttar Pradesh,Pratapgarh,Acute Diarrhoeal Disease,2010,34,9.0,3.0,25.75,81.75,1.329514999,,11.0,2010-08-25
Uttar Pradesh,Pratapgarh,Acute Diarrhoeal Disease,2010,36,40.0,0.0,25.75,81.75,0.3507650031,301.4066666,13.0,2010-09-11
Uttar Pradesh,Pratapgarh,Acute Diarrhoeal Disease,2012,33,19.0,0.0,25.75,81.75,0.8976307268,298.2,9.0,2012-08-15
Uttar Pradesh,Rae-Bareilly,Acute Diarrhoeal Disease,2016,28,22.0,2.0,26.25019525,81.38095671,0.5297163416,,4.0,2016-07-16
Uttar Pradesh,Rae-Bareilly,Acute Diarrhoeal Disease,2016,30,10.0,2.0,26.25019525,81.38095671,0.7669661812,,6.0,2016-07-30
Uttar Pradesh,Rae-Bareilly,Acute Diarrhoeal Disease,2017,17,15.0,0.0,26.25019525,81.38095671,0.03456115924,312.32,4.0,2017-04-28
Uttar Pradesh,Raebareli,Acute Diarrhoeal Disease,2013,37,39.0,3.0,26.25252795,81.17502109,0.02699545983,301.752,17.0,2013-09-09
Uttar Pradesh,Saharanpur,Dengue,2016,35,14.0,0.0,29.9880774,77.50812995,0.9422240641,303.39,23.0,2016-09-03
Uttar Pradesh,Saharanpur,Dengue,2016,36,44.0,0.0,29.9880774,77.50812995,0.03905808568,300.46,19.0,2016-09-09
Uttar Pradesh,Saharanpur,Dengue,2019,40,21.0,0.0,29.9880774,77.50812995,0.5449565275,300.49,19.0,2019-10-01
Uttar Pradesh,Saharanpur,Dengue,2021,35,5.0,0.0,29.9880774,77.50812995,0.433826222,299.995,17.0,2021-09-04
Uttar Pradesh,Saharanpur,Malaria,2011,32,13.0,0.0,29.9880774,77.50812995,0.3720825074,293.6866666,19.0,2011-08-11
Uttar Pradesh,Saharanpur,Malaria,2015,35,113.0,0.0,29.9880774,77.50812995,0.7003341687,298.92,21.0,2015-08-24
Uttar Pradesh,Sant Kabir Nagar,Acute Diarrhoeal Disease,2019,37,18.0,0.0,26.7882737,82.9600798,0.6775651825,300.42,,2019-09-13
Uttar Pradesh,Sant Ravidas Nagar,Acute Diarrhoeal Disease,2021,38,7.0,1.0,25.3560294,82.50057725,0.5724666311,302.53000000000003,18.0,2021-09-26
Uttar Pradesh,Sant Ravidas Nagar,Acute Diarrhoeal Disease,2022,20,21.0,1.0,25.3560294,82.50057725,0.03582953885,311.22400000000005,4.0,2022-05-21
Uttar Pradesh,Shahjahanpur,Acute Diarrhoeal Disease,2009,34,12.0,4.0,27.91263315,79.74656295,1.747453525,298.96,,2009-08-21
Uttar Pradesh,Shamli,Dengue,2019,44,5.0,0.0,29.5008816,77.34838259,0.002175384014,298.23,14.0,2019-10-30
Uttar Pradesh,Shravasti,Acute Diarrhoeal Disease,2013,37,25.0,2.0,27.5083429,82.0263569,0.11739406,300.376,14.0,2013-09-11
Uttar Pradesh,Shravasti,Acute Diarrhoeal Disease,2014,41,17.0,2.0,27.5083429,82.0263569,0.01535263721,302.64,13.0,2014-10-10
Uttar Pradesh,Shravasti,Acute Diarrhoeal Disease,2018,28,35.0,5.0,27.5083429,82.0263569,0.6959592285,,11.0,2018-07-15
Uttar Pradesh,Siddharth Nagar,Acute Diarrhoeal Disease,2009,31,9.0,3.0,27.25264095,82.86964796,0.4175227936,304.02500000000003,,2009-07-27
Uttar Pradesh,Siddharth Nagar,Acute Diarrhoeal Disease,2014,37,16.0,1.0,27.25264095,82.86964796,0.270232543,300.976,15.0,2014-09-10
Uttar Pradesh,Siddharth Nagar,Acute Diarrhoeal Disease,2014,41,17.0,2.0,27.25264095,82.86964796,0.01986413341,301.53000000000003,,2014-10-08
Uttar Pradesh,Siddharth Nagar,Acute Diarrhoeal Disease,2015,30,37.0,0.0,27.25264095,82.86964796,0.2366803124,,8.0,2015-07-26
Uttar Pradesh,Siddharth Nagar,Acute Diarrhoeal Disease,2016,28,3.0,2.0,27.25264095,82.86964796,0.2673979473,,4.0,2016-07-13
Uttar Pradesh,Siddharth Nagar,Acute Diarrhoeal Disease,2016,33,7.0,1.0,27.25264095,82.86964796,0.6261146988,303.3666666,13.0,2016-08-18
Uttar Pradesh,Siddharth Nagar,Acute Diarrhoeal Disease,2017,6,15.0,1.0,27.25264095,82.86964796,0.01254942549,294.652,,2017-02-09
Uttar Pradesh,Siddharth Nagar,Acute Diarrhoeal Disease,2017,13,16.0,0.0,27.25264095,82.86964796,0.004839875014,303.5166666,8.0,2017-03-28
Uttar Pradesh,Siddharth Nagar,Acute Diarrhoeal Disease,2018,32,32.0,1.0,27.25264095,82.86964796,2.048736145,270.74,10.0,2018-08-06
Uttar Pradesh,Siddharth Nagar,Acute Diarrhoeal Disease,2018,33,10.0,2.0,27.25264095,82.86964796,0.7003031729,301.67,,2018-08-13
Uttar Pradesh,Siddharth Nagar,Acute Diarrhoeal Disease,2018,36,33.0,1.0,27.25264095,82.86964796,0.7210717794,301.38,20.0,2018-09-08
Uttar Pradesh,Siddharth Nagar,Acute Diarrhoeal Disease,2019,33,9.0,1.0,27.25264095,82.86964796,0.7824356537,300.79,,2019-08-12
Uttar Pradesh,Siddharth Nagar,Acute Diarrhoeal Disease,2021,43,24.0,0.0,27.25264095,82.86964796,0.1597301369,300.395,9.0,2021-10-26
Uttar Pradesh,Siddharth Nagar,Acute Diarrhoeal Disease,2022,22,30.0,1.0,27.25264095,82.86964796,0.05871040047,308.695,5.0,2022-05-31
Uttar Pradesh,Siddharth Nagar,Cholera,2021,38,60.0,2.0,27.25264095,82.86964796,0.2459655701,300.81333340000003,20.0,2021-09-25
Uttar Pradesh,Sitapur,Malaria,2019,31,344.0,0.0,27.5046392,80.82946583,0.9672363146,,7.0,2019-07-29
Uttar Pradesh,Sonbhadra,Malaria,2021,47,119.0,0.0,24.38657525,83.07863061,6.28e-05,299.768,12.0,2021-11-27
Uttar Pradesh,Unnao,Acute Diarrhoeal Disease,2010,34,63.0,0.0,26.57550365,80.61376178,1.685035722,302.24,9.0,2010-08-26
Uttar Pradesh,Unnao,Acute Diarrhoeal Disease,2012,16,75.0,0.0,26.57550365,80.61376178,0.02286046324,308.5266666,5.0,2012-04-18
Uttar Pradesh,Unnao,Acute Diarrhoeal Disease,2012,19,15.0,2.0,26.57550365,80.61376178,0.005721131603,310.81,5.0,2012-05-10
Uttar Pradesh,Unnao,Acute Diarrhoeal Disease,2012,31,186.0,0.0,26.57550365,80.61376178,0.5652478263,,,2012-08-04
Uttar Pradesh,Unnao,Acute Diarrhoeal Disease,2013,32,34.0,1.0,26.57550365,80.61376178,0.4352456376,306.02,4.0,2013-08-08
Uttar Pradesh,Unnao,Acute Diarrhoeal Disease,2014,21,119.0,0.0,26.57550365,80.61376178,0.001230990823,314.2266666,5.0,2014-05-21
Uttar Pradesh,Unnao,Acute Diarrhoeal Disease,2014,22,14.0,2.0,26.57550365,80.61376178,0.02898302019,314.012,5.0,2014-05-29
Uttar Pradesh,Unnao,Acute Diarrhoeal Disease,2016,18,17.0,0.0,26.57550365,80.61376178,6.43e-05,314.86,4.0,2016-05-02
Uttar Pradesh,Uttar Pradesh,Acute Diarrhoeal Disease,2010,21,18.0,0.0,26.8420098,80.94785711,0.007380153207,308.78000000000003,5.0,2010-05-29
Uttar Pradesh,Varanasi,Acute Diarrhoeal Disease,2010,30,17.0,0.0,25.3356491,83.0076292,0.9219296621,,,2010-07-27
Uttar Pradesh,Varanasi,Acute Diarrhoeal Disease,2016,33,2.0,1.0,25.3356491,83.0076292,0.9202396928,,6.0,2016-08-15
Uttar Pradesh,Varanasi,Acute Diarrhoeal Disease,2017,25,16.0,2.0,25.3356491,83.0076292,0.3044072988,310.89,5.0,2017-06-23
Uttarakhand,Almora,Acute Diarrhoeal Disease,2009,23,119.0,0.0,29.703095,79.43317023,0.4943960874,298.1733334,,2009-06-02
Uttarakhand,Almora,Acute Diarrhoeal Disease,2009,26,16.0,1.0,29.703095,79.43317023,0.001140426067,306.92,,2009-06-25
Uttarakhand,Almora,Acute Diarrhoeal Disease,2009,28,24.0,2.0,29.703095,79.43317023,0.2137620211,298.6633334,23.0,2009-07-08
Uttarakhand,Almora,Acute Diarrhoeal Disease,2012,32,17.0,0.0,29.703095,79.43317023,2.146771585,272.095,20.0,2012-08-06
Uttarakhand,Almora,Acute Diarrhoeal Disease,2015,17,16.0,0.0,29.703095,79.43317023,0.09138773066,295.8933334,,2015-04-23
Uttarakhand,Almora,Acute Diarrhoeal Disease,2016,23,46.0,0.0,29.703095,79.43317023,0.7497734966,295.9966666,,2016-06-09
Uttarakhand,Almora,Acute Diarrhoeal Disease,2019,13,28.0,0.0,29.703095,79.43317023,0.1610176345,294.936,21.0,2019-03-31
Uttarakhand,Bageshwar,Acute Diarrhoeal Disease,2011,28,19.0,0.0,30.0084975,79.93004575,1.19183345,274.116,25.0,2011-07-15
Uttarakhand,Chamoli,Acute Diarrhoeal Disease,2010,24,32.0,0.0,30.5,79.5,0.2640573566,284.8766666,11.0,2010-06-14
Uttarakhand,Chamoli,Acute Diarrhoeal Disease,2013,28,58.0,0.0,30.5,79.5,0.9531846172,280.6266666,5.0,2013-07-13
Uttarakhand,Champawat,AES,2011,29,1.0,1.0,29.23631315,80.10172077,2.027111,299.90000000000003,,2011-07-20
Uttarakhand,Champawat,Acute Diarrhoeal Disease,2011,12,66.0,0.0,29.23631315,80.10172077,0.05943331965,297.74333340000004,,2011-03-21
Uttarakhand,Champawat,Acute Diarrhoeal Disease,2021,36,3.0,1.0,29.23631315,80.10172077,0.400900506,297.488,,2021-09-06
Uttarakhand,Dehradun,Acute Diarrhoeal Disease,2009,35,143.0,0.0,30.3255646,78.0436813,0.2474946798,298.62,34.0,2009-08-24
Uttarakhand,Dehradun,Acute Diarrhoeal Disease,2013,16,29.0,0.0,30.3255646,78.0436813,0.1573451136,302.5366666,20.0,2013-04-18
Uttarakhand,Dehradun,Acute Diarrhoeal Disease,2013,24,15.0,0.0,30.3255646,78.0436813,0.623198409,299.955,13.0,2013-06-12
Uttarakhand,Dehradun,Acute Diarrhoeal Disease,2013,27,45.0,2.0,30.3255646,78.0436813,0.9771555092,295.99,21.0,2013-07-07
Uttarakhand,Dehradun,Acute Diarrhoeal Disease,2019,29,29.0,0.0,30.3255646,78.0436813,1.157722778,295.97,16.0,2019-07-17
Uttarakhand,Dehradun,Acute Diarrhoeal Disease,2021,36,10.0,1.0,30.3255646,78.0436813,0.491790591,296.2,,2021-09-06
Uttarakhand,Dehradun,Acute Diarrhoeal Disease,2021,39,25.0,0.0,30.3255646,78.0436813,0.4615250723,297.868,,2021-09-29
Uttarakhand,Dehradun,Cholera,2009,52,4.0,0.0,30.3255646,78.0436813,0.0006261171766,288.96,12.0,2009-12-24
Uttarakhand,Dehradun,Dengue,2010,37,19.0,0.0,30.3255646,78.0436813,2.604377781,283.42400000000004,,2010-09-13
Uttarakhand,Dehradun,Dengue,2016,29,41.0,0.0,30.3255646,78.0436813,3.39884712,292.36,,2016-07-18
Uttarakhand,Haridwar,AES,2021,37,1.0,1.0,29.91235135,78.00871782,0.2997871955,300.2666666,,2021-09-14
Uttarakhand,Haridwar,Acute Diarrhoeal Disease,2009,26,134.0,1.0,29.91235135,78.00871782,6.96e-05,314.1466666,,2009-06-26
Uttarakhand,Haridwar,Acute Diarrhoeal Disease,2013,25,51.0,0.0,29.91235135,78.00871782,2.501123016,300.28000000000003,20.0,2013-06-20
Uttarakhand,Haridwar,Acute Diarrhoeal Disease,2016,23,67.0,0.0,29.91235135,78.00871782,0.1251127343,302.0,17.0,2016-06-12
Uttarakhand,Haridwar,Acute Diarrhoeal Disease,2018,34,50.0,0.0,29.91235135,78.00871782,1.067449565,301.87,8.0,2018-08-24
Uttarakhand,Haridwar,Acute Diarrhoeal Disease,2019,37,80.0,0.0,29.91235135,78.00871782,0.1369732541,299.875,,2019-09-14
Uttarakhand,Haridwar,Cholera,2011,22,27.0,0.0,29.91235135,78.00871782,0.2152802117,302.51,,2011-06-02
Uttarakhand,Haridwar,Dengue,2011,36,10.0,0.0,29.91235135,78.00871782,0.2491719523,300.54400000000004,,2011-09-05
Uttarakhand,Haridwar,Dengue,2012,41,126.0,1.0,29.91235135,78.00871782,0.02495645839,302.14,30.0,2012-10-08
Uttarakhand,Haridwar,Dengue,2013,37,50.0,1.0,29.91235135,78.00871782,0.4037716843,298.908,29.0,2013-09-12
Uttarakhand,Haridwar,Dengue,2021,41,172.0,0.0,29.91235135,78.00871782,6.86e-05,302.0233334,,2021-10-16
Uttarakhand,Haridwar,Malaria,2021,36,4.0,2.0,29.91235135,78.00871782,0.3724820428,300.86,24.0,2021-09-07
Uttarakhand,Nainital,Acute Diarrhoeal Disease,2010,15,23.0,0.0,29.29478295,79.41548094,0.000198828127,305.8366666,20.0,2010-04-13
Uttarakhand,Nainital,Acute Diarrhoeal Disease,2010,21,34.0,2.0,29.29478295,79.41548094,0.05917055359,306.44,,2010-05-25
Uttarakhand,Nainital,Acute Diarrhoeal Disease,2011,18,13.0,0.0,29.29478295,79.41548094,0.1424577131,304.0,,2011-05-08
Uttarakhand,Nainital,Acute Diarrhoeal Disease,2011,19,58.0,0.0,29.29478295,79.41548094,0.143572851,303.3316666,22.0,2011-05-09
Uttarakhand,Nainital,Acute Diarrhoeal Disease,2013,22,11.0,0.0,29.29478295,79.41548094,0.005238654671,305.1333334,22.0,2013-05-30
Uttarakhand,Nainital,Acute Diarrhoeal Disease,2018,50,9.0,0.0,29.29478295,79.41548094,0.0203542968,288.716,17.0,2018-12-15
Uttarakhand,Nainital,Dengue,2010,34,3.0,0.0,29.29478295,79.41548094,1.53304402,287.34000000000003,,2010-08-28
Uttarakhand,Nainital,Dengue,2010,37,643.0,0.0,29.29478295,79.41548094,0.8191441814,298.5133334,,2010-09-13
Uttarakhand,Nainital,Dengue,2019,31,492.0,0.0,29.29478295,79.41548094,0.4806696712,303.34000000000003,22.0,2019-08-01
Uttarakhand,Nainital,Malaria,2009,25,77.0,0.0,29.29478295,79.41548094,0.001155309137,308.0966666,23.0,2009-06-19
Uttarakhand,Pauri,Acute Diarrhoeal Disease,2012,18,42.0,0.0,30.1479882,78.7759518,0.4081425836,302.1533334,18.0,2012-05-02
Uttarakhand,Pauri Garhwal,Acute Diarrhoeal Disease,2012,32,58.0,0.0,29.84591115,78.70766746,1.962977678,290.67,23.0,2012-08-06
Uttarakhand,Pauri Garhwal,Dengue,2019,42,8.0,0.0,29.84591115,78.70766746,0.1611135297,295.2,34.0,2019-10-20
Uttarakhand,Pithoragarh,Acute Diarrhoeal Disease,2009,24,16.0,0.0,29.585871,80.215167,0.109107781,298.13,,2009-06-09
Uttarakhand,Pithoragarh,Acute Diarrhoeal Disease,2012,26,101.0,1.0,29.585871,80.215167,0.5690513164,293.156,23.0,2012-06-26
Uttarakhand,Pithoragarh,Acute Diarrhoeal Disease,2014,26,45.0,0.0,29.585871,80.215167,1.768520064,294.4866666,26.0,2014-06-23
Uttarakhand,Pithoragarh,Acute Diarrhoeal Disease,2014,27,60.0,0.0,29.585871,80.215167,0.3711660687,296.05,26.0,2014-07-01
Uttarakhand,Pratap Nagar,Acute Diarrhoeal Disease,2010,29,25.0,1.0,29.2175566,79.5024268,4.752676189,300.29,18.0,2010-07-22
Uttarakhand,Rudraprayag,Acute Diarrhoeal Disease,2013,28,41.0,1.0,30.3009965,79.06287965,1.492103608,282.325,18.0,2013-07-08
Uttarakhand,Rudraprayag,Acute Diarrhoeal Disease,2016,21,48.0,0.0,30.3009965,79.06287965,0.1755433531,300.12333340000004,,2016-05-24
Uttarakhand,Rudraprayag,Acute Diarrhoeal Disease,2016,23,46.0,0.0,30.3009965,79.06287965,0.5716554241,299.46,25.0,2016-06-12
Uttarakhand,Rudraprayag,Acute Diarrhoeal Disease,2017,29,13.0,0.0,30.3009965,79.06287965,1.602749148,284.49333340000004,11.0,2017-07-21
Uttarakhand,Rudraprayag,Acute Diarrhoeal Disease,2018,17,9.0,0.0,30.3009965,79.06287965,0.1631998365,296.4066666,22.0,2018-04-26
Uttarakhand,Rudraprayag,Dengue,2019,34,20.0,0.0,30.3009965,79.06287965,2.366893812,280.18,,2019-08-20
Uttarakhand,Tehri,Acute Diarrhoeal Disease,2011,29,8.0,0.0,30.40260205,78.38835789,0.7451201882,297.27,10.0,2011-07-23
Uttarakhand,Tehri,Acute Diarrhoeal Disease,2012,26,18.0,0.0,30.40260205,78.38835789,0.267498839,305.9033334,16.0,2012-07-01
Uttarakhand,Tehri,Acute Diarrhoeal Disease,2013,30,12.0,2.0,30.40260205,78.38835789,1.119331194,294.75,29.0,2013-07-24
Uttarakhand,Tehri,Acute Diarrhoeal Disease,2013,50,13.0,1.0,30.40260205,78.38835789,0.001210797981,289.56,12.0,2013-12-13
Uttarakhand,Tehri,Dengue,2018,36,21.0,1.0,30.40260205,78.38835789,1.449797307,287.5066666,,2018-09-05
Uttarakhand,Tehri Garhwal,Acute Diarrhoeal Disease,2015,16,68.0,0.0,30.5,78.666667,0.2523844608,293.45,24.0,2015-04-17
Uttarakhand,Tehri Garhwal,Acute Diarrhoeal Disease,2017,36,7.0,0.0,30.5,78.666667,1.526703808,288.02,,2017-09-05
Uttarakhand,Tehri Garhwal,Acute Diarrhoeal Disease,2019,33,5.0,1.0,30.5,78.666667,1.486027581,286.252,23.0,2019-08-14
Uttarakhand,Udham Singh Nagar,Acute Diarrhoeal Disease,2022,22,39.0,0.0,29.0480988,79.43131332,0.1078197664,300.28000000000003,28.0,2022-05-30
Uttarakhand,Udham Singh Nagar,Dengue,2017,41,9.0,0.0,29.0480988,79.43131332,0.01370921104,298.8566666,35.0,2017-10-09
Uttarakhand,Uttarkashi,AES,2014,28,3.0,0.0,30.7291049,78.4403495,0.3212381182,301.77,,2014-07-12
Uttarakhand,Uttarkashi,Acute Diarrhoeal Disease,2009,31,11.0,2.0,30.7291049,78.4403495,0.9592088222,298.168,24.0,2009-07-29
Uttarakhand,Uttarkashi,Acute Diarrhoeal Disease,2013,26,17.0,0.0,30.7291049,78.4403495,0.3719316922,298.76,,2013-06-25
Uttarakhand,Uttarkashi,Acute Diarrhoeal Disease,2013,27,11.0,1.0,30.7291049,78.4403495,0.9771555092,295.99,21.0,2013-07-07
Uttarakhand,Uttarkashi,Acute Diarrhoeal Disease,2013,35,26.0,0.0,30.7291049,78.4403495,0.5605079031,294.81333340000003,30.0,2013-09-01
West Bengal,24 North Parganas,Acute Diarrhoeal Disease,2010,37,185.0,0.0,22.642931,88.8930579,0.8185774935,,11.0,2010-09-17
West Bengal,24 North Parganas,Acute Diarrhoeal Disease,2011,16,25.0,1.0,22.642931,88.8930579,0.1518664035,303.17,,2011-04-22
West Bengal,24 North Parganas,Acute Diarrhoeal Disease,2011,18,21.0,0.0,22.642931,88.8930579,0.536171301,302.996,13.0,2011-05-07
West Bengal,24 North Parganas,Acute Diarrhoeal Disease,2011,28,76.0,0.0,22.5998923,88.40887363,0.4891034868,301.11333340000004,5.0,2011-07-13
West Bengal,24 North Parganas,Acute Diarrhoeal Disease,2012,7,125.0,0.0,22.642931,88.8930579,0.05165978424,296.132,,2012-02-18
West Bengal,24 North Parganas,Acute Diarrhoeal Disease,2013,18,35.0,1.0,22.642931,88.8930579,0.05325392179,304.35,10.0,2013-05-03
West Bengal,24 North Parganas,Acute Diarrhoeal Disease,2013,27,42.0,0.0,22.642931,88.8930579,0.8699962805,,6.0,2013-07-02
West Bengal,24 North Parganas,Acute Diarrhoeal Disease,2013,28,39.0,0.0,22.642931,88.8930579,0.2123469179,300.72,,2013-07-12
West Bengal,24 North Parganas,Acute Diarrhoeal Disease,2013,31,131.0,0.0,22.642931,88.8930579,1.21407937,301.44,11.0,2013-08-02
West Bengal,24 North Parganas,Acute Diarrhoeal Disease,2013,35,109.0,0.0,22.642931,88.8930579,0.605417868,301.89,10.0,2013-08-26
West Bengal,24 North Parganas,Acute Diarrhoeal Disease,2013,37,40.0,0.0,22.642931,88.8930579,0.3516940065,302.04,15.0,2013-09-10
West Bengal,24 North Parganas,Acute Diarrhoeal Disease,2013,38,36.0,0.0,22.642931,88.8930579,0.4033924757,301.332,21.0,2013-09-17
West Bengal,24 North Parganas,Acute Diarrhoeal Disease,2013,41,803.0,1.0,22.642931,88.8930579,1.225737338,298.76,22.0,2013-10-09
West Bengal,24 North Parganas,Acute Diarrhoeal Disease,2014,29,135.0,0.0,22.642931,88.8930579,0.7140316173,302.46,8.0,2014-07-18
West Bengal,24 North Parganas,Acute Diarrhoeal Disease,2014,30,82.0,0.0,22.642931,88.8930579,0.5720922819,300.66,,2014-07-27
West Bengal,24 North Parganas,Acute Diarrhoeal Disease,2014,31,251.0,0.0,22.642931,88.8930579,0.6442252260500001,300.66,10.0,2014-07-29
West Bengal,24 North Parganas,Acute Diarrhoeal Disease,2016,8,299.0,0.0,22.642931,88.8930579,0.3064307018,,17.0,2016-02-27
West Bengal,24 North Parganas,Acute Diarrhoeal Disease,2016,9,1123.0,1.0,22.642931,88.8930579,0.2916258067,300.4466666,17.0,2016-03-02
West Bengal,24 North Parganas,Acute Diarrhoeal Disease,2016,10,568.0,0.0,22.642931,88.8930579,0.01997622733,300.9766666,15.0,2016-03-07
West Bengal,24 North Parganas,Acute Diarrhoeal Disease,2016,11,62.0,0.0,22.642931,88.8930579,0.04801277378,301.38,18.0,2016-03-17
West Bengal,24 North Parganas,Acute Diarrhoeal Disease,2016,12,88.0,0.0,22.642931,88.8930579,0.1709611368,303.42,16.0,2016-03-23
West Bengal,24 North Parganas,Acute Diarrhoeal Disease,2016,27,132.0,0.0,22.642931,88.8930579,0.8332319097,298.86,7.0,2016-07-04
West Bengal,24 North Parganas,Acute Diarrhoeal Disease,2017,10,48.0,0.0,22.642931,88.8930579,0.4075908985,300.40500000000003,18.0,2017-03-11
West Bengal,24 North Parganas,Acute Diarrhoeal Disease,2017,27,193.0,0.0,22.642931,88.8930579,0.675513068,295.96,,2017-07-04
West Bengal,24 North Parganas,Acute Diarrhoeal Disease,2017,31,18.0,0.0,22.642931,88.8930579,0.6668045778,297.82,6.0,2017-08-01
West Bengal,24 North Parganas,Acute Diarrhoeal Disease,2018,23,112.0,0.0,22.642931,88.8930579,0.6208200145,302.135,14.0,2018-06-08
West Bengal,24 North Parganas,Acute Diarrhoeal Disease,2018,33,253.0,0.0,22.642931,88.8930579,0.2227696272,300.6,,2018-08-13
West Bengal,24 North Parganas,Acute Diarrhoeal Disease,2018,34,253.0,0.0,22.642931,88.8930579,0.4042403568,300.6466666,,2018-08-20
West Bengal,24 North Parganas,Acute Diarrhoeal Disease,2021,3,62.0,0.0,22.642931,88.8930579,7.19e-05,293.5066666,6.0,2021-01-18
West Bengal,24 North Parganas,Acute Diarrhoeal Disease,2021,11,93.0,0.0,22.642931,88.8930579,0.09780574633,301.7566666,20.0,2021-03-19
West Bengal,24 North Parganas,Acute Diarrhoeal Disease,2021,36,94.0,0.0,22.642931,88.8930579,0.3785768589,301.31,17.0,2021-09-07
West Bengal,24 North Parganas,Acute Diarrhoeal Disease,2022,9,915.0,0.0,22.642931,88.8930579,0.0127255705,299.72,,2022-03-05
West Bengal,24 North Parganas,Acute Diarrhoeal Disease,2022,15,132.0,0.0,22.642931,88.8930579,0.1245795666,302.7066666,16.0,2022-04-17
West Bengal,24 North Parganas,Chikungunya,2010,37,2926.0,0.0,22.642931,88.8930579,0.7400192658,,11.0,2010-09-16
West Bengal,24 North Parganas,Cholera,2011,28,78.0,0.0,22.642931,88.8930579,0.5312132695,299.40000000000003,9.0,2011-07-13
West Bengal,24 North Parganas,Cholera,2013,21,144.0,0.0,22.642931,88.8930579,0.9277109325,296.36,,2013-05-25
West Bengal,24 North Parganas,Cholera,2013,36,92.0,0.0,22.642931,88.8930579,0.6664716292,299.93,9.0,2013-09-04
West Bengal,24 North Parganas,Cholera,2013,38,438.0,2.0,22.642931,88.8930579,0.4744809165,301.545,,2013-09-22
West Bengal,24 North Parganas,Cholera,2013,41,698.0,0.0,22.642931,88.8930579,1.225737338,298.76,22.0,2013-10-09
West Bengal,24 North Parganas,Cholera,2014,29,1212.0,0.0,22.642931,88.89305789999999,0.7140316173,302.46,8.0,2014-07-18
West Bengal,24 North Parganas,Cholera,2016,12,509.0,0.0,22.642931,88.8930579,0.03973893759,303.8533334,16.0,2016-03-26
West Bengal,24 North Parganas,Cholera,2016,26,137.0,0.0,22.642931,88.8930579,0.3703167204,297.0933334,,2016-07-03
West Bengal,24 North Parganas,Cholera,2021,36,1027.0,1.0,22.642931,88.8930579,0.3785768589,301.31,17.0,2021-09-07
West Bengal,24 North Parganas,Dengue,2010,43,279.0,0.0,22.642931,88.8930579,0.01066506888,301.445,17.0,2010-10-30
West Bengal,24 North Parganas,Dengue,2012,41,573.0,2.0,22.642931,88.8930579,0.69160053185,300.42333340000005,22.0,2012-10-08
West Bengal,24 North Parganas,Dengue,2013,27,42.0,0.0,22.642931,88.8930579,0.9594689816,300.32,15.0,2013-07-05
West Bengal,24 North Parganas,Dengue,2014,33,1579.0,1.0,22.642931,88.89305789999999,0.8215743203,301.42,9.0,2014-08-11
West Bengal,24 North Parganas,Dengue,2014,39,225.0,0.0,22.642931,88.8930579,0.788186879,301.89,,2014-09-22
West Bengal,24 North Parganas,Dengue,2016,23,598.0,0.0,22.642931,88.8930579,0.5447739172,299.152,13.0,2016-06-10
West Bengal,24 North Parganas,Dengue,2016,32,808.0,3.0,22.642931,88.89305789999999,0.8922636225000001,300.42,8.0,2016-08-10
West Bengal,24 North Parganas,Dengue,2017,31,4258.0,0.0,22.642931,88.89305789999999,0.74527289885,296.865,6.0,2017-08-01
West Bengal,24 North Parganas,Dengue,2017,38,2222.0,0.0,22.642931,88.8930579,1.668240644,301.12,,2017-09-21
West Bengal,Balurghat,AES,2014,26,17.0,1.0,25.2634866,88.78900294,1.055040469,293.772,6.0,2014-06-23
West Bengal,Bankura,Acute Diarrhoeal Disease,2009,40,82.0,0.0,23.13195425,87.2073972,0.4479642155,301.32,,2009-09-29
West Bengal,Bankura,Acute Diarrhoeal Disease,2010,40,10.0,0.0,23.13195425,87.2073972,0.04128890433,303.48,14.0,2010-10-04
West Bengal,Bankura,Acute Diarrhoeal Disease,2010,47,111.0,0.0,23.131954249999996,87.2073972,0.02092402301266667,302.29266666666666,7.666666666666667,2010-11-22
West Bengal,Bankura,Acute Diarrhoeal Disease,2011,6,52.0,0.0,23.13195425,87.2073972,8.24e-05,302.03000000000003,5.0,2011-02-11
West Bengal,Bankura,Acute Diarrhoeal Disease,2011,7,11.0,0.0,23.13195425,87.2073972,8.37e-05,304.9866666,5.0,2011-02-16
West Bengal,Bankura,Acute Diarrhoeal Disease,2011,13,77.0,1.0,23.131954249999996,87.2073972,0.13420260973333334,308.772,6.0,2011-03-28
West Bengal,Bankura,Acute Diarrhoeal Disease,2011,25,158.0,1.0,23.13195425,87.2073972,1.91880019,301.64,7.0,2011-06-21
West Bengal,Bankura,Acute Diarrhoeal Disease,2011,26,36.0,0.0,23.13195425,87.2073972,0.8836813648,,5.0,2011-06-30
West Bengal,Bankura,Acute Diarrhoeal Disease,2011,31,21.0,0.0,23.13195425,87.2073972,0.1739229098,303.2733334,8.0,2011-08-02
West Bengal,Bankura,Acute Diarrhoeal Disease,2011,32,168.0,0.0,23.13195425,87.2073972,2.1907017145000003,,5.0,2011-08-11
West Bengal,Bankura,Acute Diarrhoeal Disease,2011,33,250.0,0.0,23.13195425,87.2073972,1.4375726809,299.95,8.0,2011-08-15
West Bengal,Bankura,Acute Diarrhoeal Disease,2011,34,233.0,0.0,23.131954249999996,87.2073972,0.7097328488,300.44,9.0,2011-08-22
West Bengal,Bankura,Acute Diarrhoeal Disease,2011,35,87.0,0.0,23.13195425,87.2073972,0.9889695088,299.3066666,13.0,2011-09-04
West Bengal,Bankura,Acute Diarrhoeal Disease,2011,36,57.0,0.0,23.13195425,87.2073972,0.9751605581,300.40000000000003,,2011-09-05
West Bengal,Bankura,Acute Diarrhoeal Disease,2011,37,278.0,0.0,23.13195425,87.2073972,0.442547995,301.69,6.0,2011-09-15
West Bengal,Bankura,Acute Diarrhoeal Disease,2011,38,36.0,0.0,23.13195425,87.2073972,1.2432076315,,6.0,2011-09-20
West Bengal,Bankura,Acute Diarrhoeal Disease,2011,39,134.0,0.0,23.13195425,87.2073972,0.5920549818,300.62,16.0,2011-09-26
West Bengal,Bankura,Acute Diarrhoeal Disease,2011,41,144.0,1.0,23.13195425,87.2073972,0.05755053315,302.255,,2011-10-16
West Bengal,Bankura,Acute Diarrhoeal Disease,2011,45,25.0,0.0,23.13195425,87.2073972,8.05e-05,301.935,8.0,2011-11-10
West Bengal,Bankura,Acute Diarrhoeal Disease,2012,18,97.0,1.0,23.13195425,87.2073972,0.1378234793,308.0466666,8.0,2012-05-01
West Bengal,Bankura,Acute Diarrhoeal Disease,2012,28,39.0,0.0,23.13195425,87.2073972,0.7840985681,300.88,,2012-07-10
West Bengal,Bankura,Acute Diarrhoeal Disease,2012,37,67.0,0.0,23.13195425,87.2073972,0.9683097494,303.42,13.0,2012-09-10
West Bengal,Bankura,Acute Diarrhoeal Disease,2013,20,37.0,0.0,23.13195425,87.2073972,0.3590028731,307.344,9.0,2013-05-14
West Bengal,Bankura,Acute Diarrhoeal Disease,2013,28,105.0,0.0,23.13195425,87.2073972,0.1753418573,301.69,,2013-07-11
West Bengal,Bankura,Acute Diarrhoeal Disease,2013,31,57.0,0.0,23.13195425,87.2073972,1.428228436,300.08,7.0,2013-08-01
West Bengal,Bankura,Acute Diarrhoeal Disease,2013,35,191.0,0.0,23.131954249999996,87.2073972,1.59062928,301.12888893333337,13.0,2013-08-30
West Bengal,Bankura,Acute Diarrhoeal Disease,2013,39,212.0,1.0,23.13195425,87.2073972,0.5188650462,299.26,19.0,2013-09-25
West Bengal,Bankura,Acute Diarrhoeal Disease,2013,41,118.0,0.0,23.131954249999996,87.2073972,0.8887398649999999,300.44622226666667,15.0,2013-10-07
West Bengal,Bankura,Acute Diarrhoeal Disease,2013,42,124.0,0.0,23.131954249999996,87.2073972,0.6031892011333334,299.45,16.0,2013-10-16
West Bengal,Bankura,Acute Diarrhoeal Disease,2013,43,22.0,0.0,23.13195425,87.2073972,0.2199854514,300.8066666,,2013-10-24
West Bengal,Bankura,Acute Diarrhoeal Disease,2013,44,15.0,0.0,23.13195425,87.2073972,1.378436967,298.18,15.0,2013-10-28
West Bengal,Bankura,Acute Diarrhoeal Disease,2013,45,80.0,0.0,23.13195425,87.2073972,0.006270543453,300.144,10.0,2013-11-10
West Bengal,Bankura,Acute Diarrhoeal Disease,2013,47,28.0,0.0,23.13195425,87.2073972,4.12e-05,298.6433334,8.0,2013-11-23
West Bengal,Bankura,Acute Diarrhoeal Disease,2014,22,29.0,0.0,23.13195425,87.2073972,0.7871395027,306.0866666,10.0,2014-05-31
West Bengal,Bankura,Acute Diarrhoeal Disease,2014,27,53.0,0.0,23.13195425,87.2073972,2.404066103,,10.0,2014-07-03
West Bengal,Bankura,Acute Diarrhoeal Disease,2015,31,50.0,0.0,23.13195425,87.2073972,2.398600255,300.12,,2015-07-28
West Bengal,Bankura,Acute Diarrhoeal Disease,2015,32,67.0,0.0,23.13195425,87.2073972,1.305015567,302.3,8.0,2015-08-06
West Bengal,Bankura,Acute Diarrhoeal Disease,2015,34,14.0,0.0,23.13195425,87.2073972,0.6288746182,303.54,12.0,2015-08-23
West Bengal,Bankura,Acute Diarrhoeal Disease,2015,35,23.0,0.0,23.13195425,87.2073972,0.4226179668,302.19333340000003,12.0,2015-08-26
West Bengal,Bankura,Acute Diarrhoeal Disease,2015,38,253.0,0.0,23.13195425,87.2073972,0.6735439485,300.95,11.0,2015-09-20
West Bengal,Bankura,Acute Diarrhoeal Disease,2016,12,50.0,0.0,23.13195425,87.2073972,0.002279863416,311.01,6.0,2016-03-26
West Bengal,Bankura,Acute Diarrhoeal Disease,2016,14,30.0,0.0,23.13195425,87.2073972,0.06224836321,311.04400000000004,6.0,2016-04-07
West Bengal,Bankura,Acute Diarrhoeal Disease,2016,19,66.0,0.0,23.13195425,87.2073972,0.3035211539,312.196,7.0,2016-05-09
West Bengal,Bankura,Acute Diarrhoeal Disease,2016,21,28.0,0.0,23.13195425,87.2073972,0.2300678405,305.62,10.0,2016-05-26
West Bengal,Bankura,Acute Diarrhoeal Disease,2016,22,26.0,0.0,23.13195425,87.2073972,0.3757965464,306.75333340000003,10.0,2016-06-02
West Bengal,Bankura,Acute Diarrhoeal Disease,2016,23,93.0,0.0,23.13195425,87.2073972,0.3697414052,304.45,10.0,2016-06-06
West Bengal,Bankura,Acute Diarrhoeal Disease,2016,24,65.0,0.0,23.13195425,87.2073972,0.5233663577,301.19,10.0,2016-06-19
West Bengal,Bankura,Acute Diarrhoeal Disease,2016,35,49.0,0.0,23.13195425,87.2073972,0.3177472798,303.12,13.0,2016-09-03
West Bengal,Bankura,Acute Diarrhoeal Disease,2016,40,121.0,0.0,23.13195425,87.2073972,0.1556593242,299.824,19.0,2016-10-04
West Bengal,Bankura,Acute Diarrhoeal Disease,2017,46,101.0,1.0,23.13195425,87.2073972,2.9e-05,300.0066666,10.0,2017-11-14
West Bengal,Bankura,Acute Diarrhoeal Disease,2019,14,83.0,0.0,23.13195425,87.2073972,0.09626971162,309.34000000000003,7.0,2019-04-05
West Bengal,Bankura,Cholera,2011,32,354.0,0.0,23.13195425,87.2073972,2.217227749,,2.0,2011-08-11
West Bengal,Bankura,Cholera,2011,33,73.0,1.0,23.13195425,87.2073972,0.933028728,300.21,,2011-08-20
West Bengal,Bankura,Cholera,2012,19,56.0,0.0,23.13195425,87.2073972,0.1957883956,308.1266666,9.0,2012-05-09
West Bengal,Bankura,Cholera,2012,29,73.0,0.0,23.13195425,87.2073972,0.7812662339,,7.0,2012-07-22
West Bengal,Bankura,Cholera,2012,30,54.0,1.0,23.13195425,87.2073972,0.5384241344,301.56,,2012-07-26
West Bengal,Bankura,Cholera,2012,36,90.0,0.0,23.13195425,87.2073972,0.7397642436,,13.0,2012-09-08
West Bengal,Bankura,Cholera,2012,44,61.0,0.0,23.13195425,87.2073972,0.2224849364,301.61333340000004,8.0,2012-11-04
West Bengal,Bankura,Cholera,2013,19,70.0,0.0,23.13195425,87.2073972,0.3584283449,309.3833334,8.0,2013-05-07
West Bengal,Bankura,Cholera,2013,34,82.0,0.0,23.13195425,87.2073972,1.10650385,303.38,,2013-08-20
West Bengal,Bankura,Cholera,2013,38,39.0,0.0,23.13195425,87.2073972,0.5879064888,302.3866666,16.0,2013-09-19
West Bengal,Bankura,Cholera,2013,43,332.0,0.0,23.13195425,87.2073972,0.219070312425,300.51666665000005,15.0,2013-10-24
West Bengal,Bankura,Cholera,2015,34,34.0,0.0,23.13195425,87.2073972,0.6686845086,302.64,6.0,2015-08-17
West Bengal,Bankura,Cholera,2015,35,62.0,1.0,23.13195425,87.2073972,0.6996552503,301.52,,2015-08-29
West Bengal,Bankura,Cholera,2016,18,122.0,0.0,23.13195425,87.2073972,0.08036036783,315.344,6.0,2016-05-02
West Bengal,Bankura,Cholera,2016,22,49.0,0.0,23.13195425,87.2073972,0.3320668232,307.27500000000003,,2016-05-31
West Bengal,Bankura,Cholera,2016,24,56.0,0.0,23.13195425,87.2073972,0.5233663577,301.19,10.0,2016-06-19
West Bengal,Bankura,Dengue,2010,46,12.0,0.0,23.13195425,87.2073972,0.02642647165,302.86400000000003,8.0,2010-11-21
West Bengal,Bankura,Dengue,2011,26,12.0,0.0,23.13195425,87.2073972,1.000746546,,5.0,2011-07-01
West Bengal,Bankura,Dengue,2016,41,149.0,0.0,23.13195425,87.2073972,0.2139307529,300.875,,2016-10-15
West Bengal,Bardhaman,Acute Diarrhoeal Disease,2015,29,12.0,0.0,23.41146995,87.84499445,1.938187705,301.51,5.0,2015-07-15
West Bengal,Bardhaman,Acute Diarrhoeal Disease,2015,31,16.0,0.0,23.41146995,87.84499445,2.111795415,,2.0,2015-08-02
West Bengal,Bardhaman,Acute Diarrhoeal Disease,2015,32,21.0,0.0,23.41146995,87.84499445,1.384114142,,,2015-08-05
West Bengal,Bardhaman,Acute Diarrhoeal Disease,2018,23,67.0,0.0,23.41146995,87.84499445,0.6528929526,306.69,9.0,2018-06-06
West Bengal,Bardhaman,Acute Diarrhoeal Disease,2021,14,41.0,0.0,23.41146995,87.84499445,0.02559297015,306.36,,2021-04-06
West Bengal,Bardhaman,Acute Diarrhoeal Disease,2021,24,29.0,0.0,23.41146995,87.84499445,0.9575893962,300.72,,2021-06-17
West Bengal,Bardhaman,Acute Diarrhoeal Disease,2022,7,89.0,0.0,23.41146995,87.84499445,0.003711025774,296.68,,2022-02-17
West Bengal,Bardhaman,Acute Diarrhoeal Disease,2022,16,91.0,0.0,23.41146995,87.84499445,0.1065287191,306.0133334,11.0,2022-04-18
West Bengal,Bardhaman,Chikungunya,2011,39,150.0,0.0,23.41146995,87.84499445,0.2890344527,300.91,24.0,2011-10-01
West Bengal,Bardhaman,Dengue,2015,50,59.0,0.0,23.41146995,87.84499445,0.0709529131,300.9866666,5.0,2015-12-08
West Bengal,Basirhat,Acute Diarrhoeal Disease,2019,23,27.0,0.0,22.642931,88.8930579,1.666489829,300.668,9.0,2019-06-05
West Bengal,Basirhat,Acute Diarrhoeal Disease,2021,33,37.0,0.0,22.642931,88.8930579,0.7029735752,,4.0,2021-08-17
West Bengal,Birbhum,Acute Diarrhoeal Disease,2010,26,57.0,0.0,24.0,87.583333,1.118796396,,,2010-07-04
West Bengal,Birbhum,Acute Diarrhoeal Disease,2010,28,13.0,0.0,24.0,87.583333,0.9007069604,305.13,7.0,2010-07-13
West Bengal,Birbhum,Acute Diarrhoeal Disease,2010,34,32.0,0.0,24.0,87.583333,0.5289607512,,6.0,2010-08-24
West Bengal,Birbhum,Acute Diarrhoeal Disease,2010,36,33.0,0.0,24.0,87.583333,0.3474999999,301.56,14.0,2010-09-07
West Bengal,Birbhum,Acute Diarrhoeal Disease,2010,46,46.0,0.0,24.0,87.583333,0.04555250344,303.165,,2010-11-17
West Bengal,Birbhum,Acute Diarrhoeal Disease,2011,26,55.0,0.0,24.0,87.583333,1.554170713,,2.0,2011-07-02
West Bengal,Birbhum,Acute Diarrhoeal Disease,2011,38,41.0,0.0,24.0,87.583333,1.492180517,300.24,,2011-09-22
West Bengal,Birbhum,Acute Diarrhoeal Disease,2011,46,34.0,0.0,24.0,87.583333,0.02658370427,303.108,8.0,2011-11-15
West Bengal,Birbhum,Acute Diarrhoeal Disease,2013,27,37.0,1.0,24.0,87.583333,0.6855644553,303.72,7.0,2013-07-05
West Bengal,Birbhum,Acute Diarrhoeal Disease,2013,28,348.0,1.0,24.0,87.583333,0.16139461236666666,303.72,7.0,2013-07-09
West Bengal,Birbhum,Acute Diarrhoeal Disease,2013,29,51.0,0.0,24.0,87.583333,0.2398459689,303.44,8.0,2013-07-15
West Bengal,Birbhum,Acute Diarrhoeal Disease,2013,32,104.0,0.0,24.0,87.583333,0.4098052525,298.87,3.0,2013-08-08
West Bengal,Birbhum,Acute Diarrhoeal Disease,2013,34,68.0,0.0,24.0,87.583333,1.032777006,,7.0,2013-08-23
West Bengal,Birbhum,Acute Diarrhoeal Disease,2013,35,42.0,0.0,24.0,87.583333,0.8185598586,304.62,7.0,2013-08-26
West Bengal,Birbhum,Acute Diarrhoeal Disease,2013,36,261.0,2.0,24.0,87.583333,0.7453862617,302.24,11.0,2013-09-04
West Bengal,Birbhum,Acute Diarrhoeal Disease,2013,37,69.0,0.0,24.0,87.583333,0.2966174278,301.69333340000003,15.0,2013-09-09
West Bengal,Birbhum,Acute Diarrhoeal Disease,2013,44,67.0,0.0,24.0,87.583333,0.21819151209666665,299.9535555333334,17.0,2013-10-28
West Bengal,Birbhum,Acute Diarrhoeal Disease,2013,46,30.0,0.0,24.0,87.583333,4.81e-05,300.4566666,,2013-11-17
West Bengal,Birbhum,Acute Diarrhoeal Disease,2013,50,91.0,0.0,24.0,87.583333,7.23e-05,297.668,5.0,2013-12-12
West Bengal,Birbhum,Acute Diarrhoeal Disease,2013,51,31.0,0.0,24.0,87.583333,9.31e-05,297.94,5.0,2013-12-16
West Bengal,Birbhum,Acute Diarrhoeal Disease,2014,16,30.0,0.0,24.0,87.583333,0.03832914537,311.652,8.0,2014-04-16
West Bengal,Birbhum,Acute Diarrhoeal Disease,2014,29,115.0,0.0,24.0,87.583333,0.6493171162,305.04,6.0,2014-07-17
West Bengal,Birbhum,Acute Diarrhoeal Disease,2014,35,32.0,0.0,24.0,87.583333,0.7284770323,302.16,,2014-08-29
West Bengal,Birbhum,Acute Diarrhoeal Disease,2015,20,77.0,0.0,24.0,87.583333,0.1001214283,304.34000000000003,8.0,2015-05-12
West Bengal,Birbhum,Acute Diarrhoeal Disease,2015,29,31.0,0.0,24.0,87.583333,0.979236586,306.68,6.0,2015-07-18
West Bengal,Birbhum,Acute Diarrhoeal Disease,2015,33,19.0,0.0,24.0,87.583333,0.6843670933,303.17,,2015-08-13
West Bengal,Birbhum,Acute Diarrhoeal Disease,2016,10,33.0,0.0,24.0,87.583333,0.05428874424,306.71500000000003,,2016-03-12
West Bengal,Birbhum,Acute Diarrhoeal Disease,2016,27,41.0,0.0,24.0,87.583333,1.557949462,,5.0,2016-07-08
West Bengal,Birbhum,Acute Diarrhoeal Disease,2016,30,59.0,0.0,24.0,87.583333,0.7985850383,,3.0,2016-07-25
West Bengal,Birbhum,Acute Diarrhoeal Disease,2017,36,97.0,0.0,24.0,87.583333,0.8089144552,296.27,18.0,2017-09-04
West Bengal,Birbhum,Acute Diarrhoeal Disease,2019,4,51.0,0.0,24.0,87.583333,6.93e-05,297.82,6.0,2019-01-23
West Bengal,Birbhum,Acute Diarrhoeal Disease,2021,22,51.0,0.0,24.0,87.583333,1.111215294,301.78000000000003,,2021-06-01
West Bengal,Birbhum,Acute Diarrhoeal Disease,2021,24,35.0,0.0,24.0,87.583333,0.9983273238,297.26,,2021-06-17
West Bengal,Birbhum,Acute Diarrhoeal Disease,2021,27,27.0,0.0,24.0,87.583333,0.9184439755,302.72,7.0,2021-07-05
West Bengal,Birbhum,Acute Diarrhoeal Disease,2021,42,38.0,0.0,24.0,87.583333,0.6824351099,304.15000000000003,24.0,2021-10-21
West Bengal,Birbhum,Cholera,2011,32,540.0,0.0,24.0,87.583333,1.804068677,,7.0,2011-08-14
West Bengal,Birbhum,Cholera,2011,33,99.0,0.0,24.0,87.583333,0.8301458926,301.52,7.0,2011-08-16
West Bengal,Birbhum,Cholera,2011,34,36.0,0.0,24.0,87.583333,0.5190254608,301.56,12.0,2011-08-27
West Bengal,Birbhum,Cholera,2012,27,74.0,0.0,24.0,87.583333,0.6296381912,302.57,5.0,2012-07-06
West Bengal,Birbhum,Cholera,2012,32,19.0,0.0,24.0,87.583333,0.5199324555,301.74,6.0,2012-08-06
West Bengal,Birbhum,Cholera,2013,26,126.0,0.0,24.0,87.583333,0.7894428198,305.21,,2013-06-25
West Bengal,Birbhum,Cholera,2014,14,31.0,0.0,24.0,87.583333,2.95e-05,310.144,9.0,2014-04-03
West Bengal,Birbhum,Cholera,2018,43,49.0,0.0,24.0,87.583333,0.001771063983,302.8333334,17.0,2018-10-26
West Bengal,Birbhum,Cholera,2018,44,117.0,0.0,24.0,87.583333,0.01147096072,301.736,14.0,2018-11-02
West Bengal,Birbhum,Cholera,2021,24,51.0,0.0,24.0,87.583333,0.9983273238,297.26,,2021-06-17
West Bengal,Birbhum,Dengue,2011,9,16.0,1.0,24.0,87.583333,0.001634080366,302.85,6.0,2011-03-01
West Bengal,Birbhum,Dengue,2014,28,28.0,0.0,24.0,87.583333,0.9084384399,,7.0,2014-07-10
West Bengal,Birbhum,Dengue,2014,40,152.0,0.0,24.0,87.583333,0.1947968649,301.01,,2014-09-29
West Bengal,Birbhum,Dengue,2014,41,82.0,0.0,24.0,87.583333,0.07103023029,300.79200000000003,,2014-10-07
West Bengal,Birbhum,Dengue,2015,39,138.0,0.0,24.0,87.583333,1.382785148,302.28000000000003,24.0,2015-09-24
West Bengal,Birbhum,Dengue,2015,41,570.0,0.0,24.0,87.583333,0.0597272682,302.76,26.0,2015-10-05
West Bengal,Birbhum,Dengue,2017,29,723.0,0.0,24.0,87.583333,0.5813826903,306.40000000000003,4.0,2017-07-23
West Bengal,Bishnupur,Acute Diarrhoeal Disease,2019,14,83.0,0.0,23.0758821,87.3146517,0.09626971162,309.34000000000003,7.0,2019-04-05
West Bengal,Burdwan,Acute Diarrhoeal Disease,2010,30,97.0,1.0,23.2495714,87.8681751,0.508871035,,5.0,2010-07-30
West Bengal,Burdwan,Acute Diarrhoeal Disease,2010,49,61.0,0.0,23.2495714,87.8681751,0.1642041764,299.84000000000003,5.0,2010-12-07
West Bengal,Burdwan,Acute Diarrhoeal Disease,2011,10,40.0,0.0,23.2495714,87.8681751,9.79e-05,308.132,5.0,2011-03-09
West Bengal,Burdwan,Acute Diarrhoeal Disease,2011,15,152.0,0.0,23.2495714,87.8681751,0.04750040655,306.72,,2011-04-15
West Bengal,Burdwan,Acute Diarrhoeal Disease,2011,16,118.0,1.0,23.2495714,87.8681751,0.09735155277,306.99333340000004,12.0,2011-04-19
West Bengal,Burdwan,Acute Diarrhoeal Disease,2011,22,18.0,0.0,23.2495714,87.8681751,0.1476103517,303.192,,2011-06-02
West Bengal,Burdwan,Acute Diarrhoeal Disease,2011,23,27.0,0.0,23.2495714,87.8681751,0.133609334,307.1866666,10.0,2011-06-06
West Bengal,Burdwan,Acute Diarrhoeal Disease,2011,24,279.0,0.0,23.249571399999997,87.86817509999999,1.322711214,310.18,,2011-06-17
West Bengal,Burdwan,Acute Diarrhoeal Disease,2011,25,64.0,0.0,23.2495714,87.8681751,3.056996042,302.64,4.0,2011-06-22
West Bengal,Burdwan,Acute Diarrhoeal Disease,2011,29,20.0,0.0,23.2495714,87.8681751,0.9774922627,299.62,6.0,2011-07-24
West Bengal,Burdwan,Acute Diarrhoeal Disease,2011,30,22.0,0.0,23.2495714,87.8681751,0.3423232318,301.44,,2011-07-27
West Bengal,Burdwan,Acute Diarrhoeal Disease,2011,32,32.0,0.0,23.2495714,87.8681751,2.577542082,,8.0,2011-08-14
West Bengal,Burdwan,Acute Diarrhoeal Disease,2011,34,48.0,0.0,23.2495714,87.8681751,0.8904316685,302.14,9.0,2011-08-22
West Bengal,Burdwan,Acute Diarrhoeal Disease,2011,43,75.0,0.0,23.2495714,87.8681751,0.008208972847,302.42,16.0,2011-10-30
West Bengal,Burdwan,Acute Diarrhoeal Disease,2011,44,16.0,0.0,23.2495714,87.8681751,5.33e-05,302.036,13.0,2011-11-04
West Bengal,Burdwan,Acute Diarrhoeal Disease,2011,45,30.0,0.0,23.2495714,87.8681751,0.0001114341509,301.86400000000003,,2011-11-08
West Bengal,Burdwan,Acute Diarrhoeal Disease,2013,18,43.0,0.0,23.2495714,87.8681751,0.02006135743,309.048,,2013-05-01
West Bengal,Burdwan,Acute Diarrhoeal Disease,2013,24,57.0,0.0,23.2495714,87.8681751,0.760807067,306.06,10.0,2013-06-16
West Bengal,Burdwan,Acute Diarrhoeal Disease,2013,26,37.0,0.0,23.2495714,87.8681751,0.8501508311,306.63,10.0,2013-06-24
West Bengal,Burdwan,Acute Diarrhoeal Disease,2013,27,140.0,1.0,23.2495714,87.8681751,0.4920896206,,9.0,2013-07-06
West Bengal,Burdwan,Acute Diarrhoeal Disease,2013,28,64.0,0.0,23.2495714,87.8681751,0.1784036433,,9.0,2013-07-09
West Bengal,Burdwan,Acute Diarrhoeal Disease,2013,31,65.0,0.0,23.2495714,87.8681751,0.936807591,,6.0,2013-07-29
West Bengal,Burdwan,Acute Diarrhoeal Disease,2013,33,38.0,0.0,23.2495714,87.8681751,0.6284038724,304.56,7.0,2013-08-16
West Bengal,Burdwan,Acute Diarrhoeal Disease,2013,34,17.0,0.0,23.2495714,87.8681751,0.7034741654,304.56,7.0,2013-08-19
West Bengal,Burdwan,Acute Diarrhoeal Disease,2013,36,35.0,0.0,23.2495714,87.8681751,0.675687971,303.12,,2013-09-06
West Bengal,Burdwan,Acute Diarrhoeal Disease,2013,42,105.0,0.0,23.2495714,87.8681751,0.2118755592,298.86,20.0,2013-10-20
West Bengal,Burdwan,Acute Diarrhoeal Disease,2014,19,26.0,0.0,23.2495714,87.8681751,0.271653495,308.1,9.0,2014-05-06
West Bengal,Burdwan,Acute Diarrhoeal Disease,2014,26,38.0,0.0,23.2495714,87.8681751,2.021732673,309.88,3.0,2014-06-23
West Bengal,Burdwan,Acute Diarrhoeal Disease,2014,32,51.0,0.0,23.2495714,87.8681751,0.5760152934,304.2,8.0,2014-08-07
West Bengal,Burdwan,Acute Diarrhoeal Disease,2014,33,102.0,0.0,23.2495714,87.8681751,0.9180000133,304.14,,2014-08-13
West Bengal,Burdwan,Acute Diarrhoeal Disease,2014,34,37.0,0.0,23.2495714,87.8681751,1.146172737,303.68,4.0,2014-08-19
West Bengal,Burdwan,Acute Diarrhoeal Disease,2014,36,20.0,0.0,23.2495714,87.8681751,0.6415584593,297.2,13.0,2014-09-02
West Bengal,Burdwan,Acute Diarrhoeal Disease,2014,45,37.0,0.0,23.2495714,87.8681751,0.005422309301,301.84000000000003,18.0,2014-11-04
West Bengal,Burdwan,Acute Diarrhoeal Disease,2015,9,46.0,0.0,23.2495714,87.8681751,0.0003333427365,304.812,7.0,2015-03-01
West Bengal,Burdwan,Acute Diarrhoeal Disease,2015,15,70.0,0.0,23.2495714,87.8681751,0.4218895384,307.14,9.0,2015-04-08
West Bengal,Burdwan,Acute Diarrhoeal Disease,2015,17,38.0,0.0,23.2495714,87.8681751,0.1609825463,305.31,10.0,2015-04-22
West Bengal,Burdwan,Acute Diarrhoeal Disease,2015,19,8.0,0.0,23.2495714,87.8681751,0.2607719652,302.456,13.0,2015-05-05
West Bengal,Burdwan,Acute Diarrhoeal Disease,2015,20,183.0,0.0,23.2495714,87.8681751,0.23928319925000002,306.4425,12.0,2015-05-14
West Bengal,Burdwan,Acute Diarrhoeal Disease,2015,21,44.0,0.0,23.2495714,87.8681751,0.2299621449,306.228,10.0,2015-05-18
West Bengal,Burdwan,Acute Diarrhoeal Disease,2015,26,14.0,0.0,23.2495714,87.8681751,0.9555868208,,,2015-06-26
West Bengal,Burdwan,Acute Diarrhoeal Disease,2015,28,36.0,0.0,23.2495714,87.8681751,1.751969541,,,2015-07-12
West Bengal,Burdwan,Acute Diarrhoeal Disease,2015,35,38.0,0.0,23.2495714,87.8681751,0.7444905027,300.4866666,,2015-08-29
West Bengal,Burdwan,Acute Diarrhoeal Disease,2015,40,37.0,0.0,23.2495714,87.8681751,0.5159640947,301.7466666,23.0,2015-09-28
West Bengal,Burdwan,Acute Diarrhoeal Disease,2015,41,166.0,0.0,23.2495714,87.8681751,0.16090082083,302.328,24.0,2015-10-06
West Bengal,Burdwan,Acute Diarrhoeal Disease,2016,11,47.0,0.0,23.2495714,87.8681751,0.01095217981,304.7333334,8.0,2016-03-15
West Bengal,Burdwan,Acute Diarrhoeal Disease,2016,14,24.0,0.0,23.2495714,87.8681751,0.1317388752,305.212,8.0,2016-04-04
West Bengal,Burdwan,Acute Diarrhoeal Disease,2016,19,26.0,0.0,23.2495714,87.8681751,0.3332409758,309.15500000000003,7.0,2016-05-11
West Bengal,Burdwan,Acute Diarrhoeal Disease,2016,20,52.0,0.0,23.2495714,87.8681751,0.2255140594,304.492,6.0,2016-05-21
West Bengal,Burdwan,Acute Diarrhoeal Disease,2016,24,12.0,0.0,23.2495714,87.8681751,0.2689992205,308.74,8.0,2016-06-13
West Bengal,Burdwan,Acute Diarrhoeal Disease,2016,30,59.0,0.0,23.2495714,87.8681751,0.8754437899,,,2016-07-26
West Bengal,Burdwan,Acute Diarrhoeal Disease,2016,33,114.0,0.0,23.2495714,87.8681751,0.7249962112,298.3,14.0,2016-08-21
West Bengal,Burdwan,Acute Diarrhoeal Disease,2017,12,27.0,0.0,23.2495714,87.8681751,0.02462458392,305.116,10.0,2017-03-24
West Bengal,Burdwan,Acute Diarrhoeal Disease,2017,25,71.0,0.0,23.2495714,87.8681751,0.6980844596,307.1866666,11.0,2017-06-22
West Bengal,Burdwan,Acute Diarrhoeal Disease,2017,30,154.0,0.0,23.2495714,87.8681751,1.387436199,,5.0,2017-07-24
West Bengal,Burdwan,Acute Diarrhoeal Disease,2017,32,23.0,0.0,23.2495714,87.8681751,0.8085990065,,4.0,2017-08-08
West Bengal,Burdwan,Acute Diarrhoeal Disease,2019,25,40.0,0.0,23.2495714,87.8681751,1.396773262,307.445,9.0,2019-06-23
West Bengal,Burdwan,Acute Diarrhoeal Disease,2019,41,23.0,0.0,23.2495714,87.8681751,0.7170284008,300.115,27.0,2019-10-13
West Bengal,Burdwan,Acute Diarrhoeal Disease,2021,49,89.0,0.0,23.2495714,87.8681751,1.914023558,297.16,8.0,2021-12-09
West Bengal,Burdwan,Chikungunya,2010,50,50.0,1.0,23.2495714,87.8681751,4.57e-05,295.375,,2010-12-18
West Bengal,Burdwan,Chikungunya,2011,39,60.0,0.0,23.2495714,87.8681751,0.283694283,301.375,21.0,2011-10-01
West Bengal,Burdwan,Dengue,2013,26,850.0,1.0,23.249571399999997,87.86817509999999,0.55611224,309.92,7.0,2013-06-27
West Bengal,Burdwan,Dengue,2013,33,122.0,0.0,23.2495714,87.8681751,0.7434617982,,7.0,2013-08-15
West Bengal,Burdwan,Dengue,2013,35,17.0,0.0,23.2495714,87.8681751,1.349343749,304.42,,2013-08-29
West Bengal,Burdwan,Dengue,2015,37,36.0,0.0,23.2495714,87.8681751,0.0797010194,304.3333334,20.0,2015-09-11
West Bengal,Chapra,Acute Diarrhoeal Disease,2010,30,24.0,1.0,23.55917085,88.57108716,0.574056877,300.12,12.0,2010-08-01
West Bengal,Cooch Bihar,AES,2011,30,3.0,0.0,26.3223696,89.4592445,0.8626475887,300.96,4.0,2011-07-29
West Bengal,Dakshin Dinajpur,AES,2014,26,44.0,3.0,25.38703085,88.50471505,1.010059671,305.98,5.0,2014-06-23
West Bengal,Dakshin Dinajpur,Acute Diarrhoeal Disease,2009,39,112.0,4.0,25.38703085,88.50471505,0.42477818555,298.76750000000004,25.0,2009-09-23
West Bengal,Dakshin Dinajpur,Acute Diarrhoeal Disease,2009,41,51.0,0.0,25.38703085,88.50471505,1.675899744,299.3866666,24.0,2009-10-11
West Bengal,Dakshin Dinajpur,Acute Diarrhoeal Disease,2009,42,32.0,0.0,25.38703085,88.50471505,0.6802490504,300.14,24.0,2009-10-13
West Bengal,Dakshin Dinajpur,Acute Diarrhoeal Disease,2011,13,151.0,0.0,25.38703085,88.50471505,0.465613352,298.9666666,19.0,2011-04-01
West Bengal,Dakshin Dinajpur,Acute Diarrhoeal Disease,2011,22,15.0,0.0,25.38703085,88.50471505,0.6051147217,300.7133334,11.0,2011-05-31
West Bengal,Dakshin Dinajpur,Acute Diarrhoeal Disease,2011,34,22.0,0.0,25.38703085,88.50471505,0.5057740247,288.56,15.0,2011-08-26
West Bengal,Dakshin Dinajpur,Acute Diarrhoeal Disease,2012,16,80.0,0.0,25.38703085,88.50471505,0.03266755462,301.3566666,19.0,2012-04-19
West Bengal,Dakshin Dinajpur,Acute Diarrhoeal Disease,2013,42,48.0,1.0,25.38703085,88.50471505,0.6437953988,299.40000000000003,28.0,2013-10-20
West Bengal,Dakshin Dinajpur,Acute Diarrhoeal Disease,2016,27,42.0,0.0,25.38703085,88.50471505,1.567592651,,4.0,2016-07-07
West Bengal,Dakshin Dinajpur,Acute Diarrhoeal Disease,2017,30,72.0,0.0,25.38703085,88.50471505,0.5189521535,300.96,4.0,2017-07-29
West Bengal,Dakshin Dinajpur,Cholera,2013,42,118.0,1.0,25.38703085,88.50471505,0.6955109415,299.15000000000003,28.0,2013-10-19
West Bengal,Dakshin Dinajpur,Cholera,2014,40,23.0,0.0,25.38703085,88.50471505,0.1735476764,298.3566666,,2014-09-30
West Bengal,Dakshin Dinajpur,Dengue,2015,45,100.0,0.0,25.38703085,88.50471505,0.03306367674,300.9133334,14.0,2015-11-03
West Bengal,Dakshin Dinajpur,Dengue,2016,34,114.0,0.0,25.38703085,88.50471505,0.5268346398,303.6,19.0,2016-08-23
West Bengal,Dakshin Dinajpur,Malaria,2011,43,30.0,0.0,25.38703085,88.50471505,0.1342358017,300.66,17.0,2011-10-25
West Bengal,Darjeeling,Acute Diarrhoeal Disease,2011,22,183.0,0.0,26.8700325,88.3608759,0.7972522722,302.212,,2011-06-02
West Bengal,Darjeeling,Acute Diarrhoeal Disease,2013,22,179.0,0.0,26.8700325,88.3608759,2.876126342,302.62,,2013-06-02
West Bengal,"Darjeeling, Jalpaiguri",Dengue,2013,35,530.0,0.0,26.8735351,88.6131918,1.789624224,300.0933334,7.0,2013-08-30
West Bengal,Dinajpur,Acute Diarrhoeal Disease,2010,14,27.0,0.0,25.8707958,87.96259728,0.0001169802441,308.95,6.0,2010-04-09
West Bengal,Hooghly,Acute Diarrhoeal Disease,2010,15,148.0,0.0,22.9052114,88.3760639,0.00181662063,303.908,11.0,2010-04-17
West Bengal,Hooghly,Acute Diarrhoeal Disease,2010,29,65.0,0.0,22.9052114,88.3760639,0.4111894395,301.44,,2010-07-19
West Bengal,Hooghly,Acute Diarrhoeal Disease,2010,30,11.0,0.0,22.9052114,88.3760639,0.6375606769,299.40000000000003,10.0,2010-08-01
West Bengal,Hooghly,Acute Diarrhoeal Disease,2010,38,59.0,0.0,22.9052114,88.3760639,0.7749973804,298.8333334,18.0,2010-09-24
West Bengal,Hooghly,Acute Diarrhoeal Disease,2010,42,100.0,0.0,22.9052114,88.3760639,0.1825438571,302.585,,2010-10-24
West Bengal,Hooghly,Acute Diarrhoeal Disease,2011,11,35.0,0.0,22.9052114,88.3760639,0.00879140506,302.98,13.0,2011-03-19
West Bengal,Hooghly,Acute Diarrhoeal Disease,2011,13,134.0,0.0,22.9052114,88.3760639,0.2367435734,301.285,16.0,2011-03-31
West Bengal,Hooghly,Acute Diarrhoeal Disease,2011,14,63.0,0.0,22.9052114,88.3760639,0.2059038448,300.536,,2011-04-06
West Bengal,Hooghly,Acute Diarrhoeal Disease,2012,18,22.0,0.0,22.9052114,88.3760639,0.7368032,303.168,13.0,2012-05-06
West Bengal,Hooghly,Acute Diarrhoeal Disease,2012,20,24.0,0.0,22.9052114,88.3760639,0.2793016209,307.08,,2012-05-16
West Bengal,Hooghly,Acute Diarrhoeal Disease,2012,29,33.0,0.0,22.9052114,88.3760639,0.9161987616,302.21,11.0,2012-07-16
West Bengal,Hooghly,Acute Diarrhoeal Disease,2012,30,49.0,0.0,22.9052114,88.3760639,0.7766022394,301.38,10.0,2012-07-25
West Bengal,Hooghly,Acute Diarrhoeal Disease,2012,32,22.0,0.0,22.9052114,88.3760639,0.7000530805,301.84000000000003,,2012-08-12
West Bengal,Hooghly,Acute Diarrhoeal Disease,2012,33,219.0,0.0,22.9052114,88.3760639,0.7222642074,301.7066666,10.0,2012-08-17
West Bengal,Hooghly,Acute Diarrhoeal Disease,2013,20,39.0,0.0,22.9052114,88.3760639,0.05630491233,303.075,11.0,2013-05-15
West Bengal,Hooghly,Acute Diarrhoeal Disease,2013,22,28.0,0.0,22.9052114,88.3760639,0.3958172922,,7.0,2013-05-30
West Bengal,Hooghly,Acute Diarrhoeal Disease,2013,23,35.0,0.0,22.9052114,88.3760639,0.5702977234,301.1666666,16.0,2013-06-04
West Bengal,Hooghly,Acute Diarrhoeal Disease,2013,24,74.0,0.0,22.9052114,88.3760639,0.5825221849,301.52666669999996,13.0,2013-06-10
West Bengal,Hooghly,Acute Diarrhoeal Disease,2013,25,59.0,0.0,22.9052114,88.3760639,0.74973677645,301.8065,14.0,2013-06-18
West Bengal,Hooghly,Acute Diarrhoeal Disease,2013,26,13.0,0.0,22.9052114,88.3760639,1.143655366,302.7466666,,2013-06-25
West Bengal,Hooghly,Acute Diarrhoeal Disease,2013,29,24.0,0.0,22.9052114,88.3760639,0.1942826283,300.5,,2013-07-20
West Bengal,Hooghly,Acute Diarrhoeal Disease,2013,31,34.0,0.0,22.9052114,88.3760639,1.231089027,301.14,10.0,2013-07-29
West Bengal,Hooghly,Acute Diarrhoeal Disease,2013,35,29.0,0.0,22.9052114,88.3760639,1.064864079,300.4866666,,2013-08-29
West Bengal,Hooghly,Acute Diarrhoeal Disease,2013,41,57.0,0.0,22.9052114,88.3760639,0.8485084938,301.06,18.0,2013-10-12
West Bengal,Hooghly,Acute Diarrhoeal Disease,2013,42,60.0,0.0,22.9052114,88.3760639,0.6660276001,301.63,18.0,2013-10-14
West Bengal,Hooghly,Acute Diarrhoeal Disease,2014,31,60.0,0.0,22.9052114,88.3760639,0.5468923065,299.805,11.0,2014-08-03
West Bengal,Hooghly,Acute Diarrhoeal Disease,2014,34,81.0,0.0,22.9052114,88.3760639,1.2591820255,300.29,7.0,2014-08-18
West Bengal,Hooghly,Acute Diarrhoeal Disease,2014,39,586.0,0.0,22.9052114,88.3760639,0.9803978433,300.3,21.0,2014-09-26
West Bengal,Hooghly,Acute Diarrhoeal Disease,2015,15,10.0,0.0,22.9052114,88.3760639,0.7278883779,304.02500000000003,15.0,2015-04-09
West Bengal,Hooghly,Acute Diarrhoeal Disease,2015,34,30.0,0.0,22.9052114,88.3760639,0.6829723977,303.06,8.0,2015-08-18
West Bengal,Hooghly,Acute Diarrhoeal Disease,2016,9,35.0,0.0,22.9052114,88.3760639,0.3501829609,299.54,,2016-03-04
West Bengal,Hooghly,Acute Diarrhoeal Disease,2016,19,14.0,0.0,22.9052114,88.3760639,0.5737764719,306.085,13.0,2016-05-10
West Bengal,Hooghly,Acute Diarrhoeal Disease,2019,46,301.0,0.0,22.9052114,88.3760639,0.7525065351,300.7266666,15.0,2019-11-15
West Bengal,Hooghly,Acute Diarrhoeal Disease,2020,10,43.0,0.0,22.9052114,88.3760639,0.2020248538,298.785,12.0,2020-03-08
West Bengal,Hooghly,Acute Diarrhoeal Disease,2021,9,29.0,0.0,22.9052114,88.3760639,6.9e-05,303.87,,2021-03-06
West Bengal,Hooghly,Acute Diarrhoeal Disease,2021,15,289.0,0.0,22.9052114,88.3760639,0.113017599,306.2166666,13.0,2021-04-16
West Bengal,Hooghly,Acute Diarrhoeal Disease,2022,17,40.0,0.0,22.9052114,88.3760639,0.04226417578,302.65000000000003,12.0,2022-04-25
West Bengal,Hooghly,Chikungunya,2011,41,136.0,0.0,22.9052114,88.3760639,0.08795907942,303.084,19.0,2011-10-10
West Bengal,Hooghly,Cholera,2009,28,44.0,0.0,22.9052114,88.3760639,0.6681143026,303.34000000000003,7.0,2009-07-08
West Bengal,Hooghly,Cholera,2011,16,35.0,0.0,22.9052114,88.3760639,0.2027345886,303.268,15.0,2011-04-24
West Bengal,Hooghly,Cholera,2012,28,37.0,0.0,22.9052114,88.3760639,1.475789607,299.5,,2012-07-10
West Bengal,Hooghly,Cholera,2012,30,24.0,0.0,22.9052114,88.3760639,0.6197077635,300.1266666,,2012-07-26
West Bengal,Hooghly,Cholera,2012,37,65.0,2.0,22.9052114,88.3760639,1.354658172,297.26,10.0,2012-09-10
West Bengal,Hooghly,Cholera,2013,34,39.0,3.0,22.9052114,88.3760639,1.4906497365,300.265,14.0,2013-08-21
West Bengal,Hooghly,Cholera,2013,43,52.0,0.0,22.9052114,88.3760639,3.002960368,299.40000000000003,16.0,2013-10-27
West Bengal,Hooghly,Cholera,2013,48,13.0,0.0,22.9052114,88.3760639,6.04e-05,298.81333340000003,9.0,2013-11-27
West Bengal,Hooghly,Cholera,2013,50,69.0,0.0,22.9052114,88.3760639,5.11e-05,297.692,10.0,2013-12-15
West Bengal,Hooghly,Cholera,2014,31,56.0,0.0,22.9052114,88.3760639,0.5468923065,299.805,11.0,2014-08-03
West Bengal,Hooghly,Cholera,2014,34,58.0,0.0,22.9052114,88.3760639,0.8979382878,300.29,12.0,2014-08-22
West Bengal,Hooghly,Cholera,2014,39,372.0,0.0,22.9052114,88.3760639,0.9803978433,300.3,21.0,2014-09-26
West Bengal,Hooghly,Cholera,2014,46,12.0,0.0,22.9052114,88.3760639,8.58e-05,302.2366666,11.0,2014-11-12
West Bengal,Hooghly,Cholera,2015,20,61.0,0.0,22.9052114,88.3760639,0.1988079739,304.8575,15.0,2015-05-11
West Bengal,Hooghly,Cholera,2021,14,25.0,0.0,22.9052114,88.3760639,0.03927329535,305.37,,2021-04-07
West Bengal,Hooghly,Cholera,2022,14,50.0,0.0,22.9052114,88.3760639,0.01606103471,301.768,,2022-04-06
West Bengal,Hooghly,Dengue,2012,35,22.0,0.0,22.9052114,88.3760639,0.6450592376,300.42,,2012-08-27
West Bengal,Hooghly,Dengue,2014,35,223.0,0.0,22.9052114,88.3760639,0.6230619635,303.08,,2014-08-29
West Bengal,Hooghly,Dengue,2014,46,79.0,0.0,22.9052114,88.3760639,8.44e-05,302.02,11.0,2014-11-13
West Bengal,Hooghly,Dengue,2016,28,8235.0,0.0,22.9052114,88.3760639,0.7027602741,295.2,,2016-07-11
West Bengal,Hooghly,Dengue,2016,34,1615.0,0.0,22.9052114,88.3760639,1.7835332634999999,301.64,13.0,2016-08-23
West Bengal,Howrah,Acute Diarrhoeal Disease,2010,15,121.0,0.0,22.5736296,88.3251045,0.0001091301774,304.8966666,12.0,2010-04-12
West Bengal,Howrah,Acute Diarrhoeal Disease,2010,26,24.0,0.0,22.5736296,88.3251045,0.8787628304,,11.0,2010-06-29
West Bengal,Howrah,Acute Diarrhoeal Disease,2011,22,182.0,2.0,22.5736296,88.3251045,0.3472671727,303.756,13.0,2011-06-03
West Bengal,Howrah,Acute Diarrhoeal Disease,2011,38,493.0,0.0,22.5736296,88.3251045,1.01343592,299.26,16.0,2011-09-23
West Bengal,Howrah,Acute Diarrhoeal Disease,2012,7,76.0,0.0,22.5736296,88.3251045,0.03647180793,298.91200000000003,9.0,2012-02-19
West Bengal,Howrah,Acute Diarrhoeal Disease,2013,28,32.0,3.0,22.5736296,88.3251045,0.3236214334,302.5066666,13.0,2013-07-09
West Bengal,Howrah,Acute Diarrhoeal Disease,2014,39,17.0,0.0,22.5736296,88.3251045,0.742394535,299.32,20.0,2014-09-25
West Bengal,Howrah,Acute Diarrhoeal Disease,2016,17,35.0,0.0,22.5736296,88.3251045,0.0009789672656,307.0866666,10.0,2016-04-26
West Bengal,Howrah,Acute Diarrhoeal Disease,2016,44,70.0,0.0,22.5736296,88.3251045,0.1587350213,300.87,17.0,2016-11-02
West Bengal,Howrah,Acute Diarrhoeal Disease,2018,11,6.0,0.0,22.5736296,88.3251045,0.0450272739,305.452,12.0,2018-03-18
West Bengal,Howrah,Acute Diarrhoeal Disease,2021,14,31.0,0.0,22.5736296,88.3251045,0.04199322725,305.7633334,11.0,2021-04-05
West Bengal,Howrah,Acute Diarrhoeal Disease,2021,36,42.0,0.0,22.5736296,88.3251045,0.4185922657,298.47200000000004,10.0,2021-09-07
West Bengal,Howrah,Chikungunya,2009,43,803.0,0.0,22.5736296,88.3251045,0.05016815469,303.16400000000004,17.0,2009-10-21
West Bengal,Howrah,Chikungunya,2011,36,590.0,0.0,22.5736296,88.3251045,1.229217162,300.2,,2011-09-05
West Bengal,Howrah,Cholera,2010,19,180.0,3.0,22.5736296,88.3251045,0.1501845099,303.645,10.0,2010-05-10
West Bengal,Howrah,Cholera,2013,36,164.0,0.0,22.5736296,88.3251045,0.9759187793,299.935,10.0,2013-09-02
West Bengal,Howrah,Cholera,2019,19,108.0,2.0,22.5736296,88.3251045,0.6215048781,305.0933334,,2019-05-08
West Bengal,Howrah,Cholera,2022,15,53.0,0.0,22.5736296,88.3251045,0.002075951935,305.268,10.0,2022-04-17
West Bengal,Howrah,Dengue,2011,42,84.0,0.0,22.5736296,88.3251045,0.1589969597,303.865,12.0,2011-10-21
West Bengal,Howrah,Dengue,2021,41,290.0,0.0,22.5736296,88.3251045,0.293379319,300.7066666,17.0,2021-10-17
West Bengal,Howrah,Dengue & Chikungunya,2011,36,538.0,0.0,22.5736296,88.3251045,1.229217162,300.2,,2011-09-05
West Bengal,Howrah,Dengue & Chikungunya,2011,38,18.0,0.0,22.5736296,88.3251045,1.243327224,300.54,,2011-09-21
West Bengal,Jalpaiguri,Acute Diarrhoeal Disease,2010,15,108.0,0.0,26.4733048,88.67886686,0.110891772,297.052,,2010-04-15
West Bengal,Jalpaiguri,Acute Diarrhoeal Disease,2010,16,52.0,0.0,26.4733048,88.67886686,0.4002448055,294.2,,2010-04-23
West Bengal,Jalpaiguri,Acute Diarrhoeal Disease,2010,31,66.0,4.0,26.4733048,88.67886686,0.6525142255,298.02,21.0,2010-08-08
West Bengal,Jalpaiguri,Acute Diarrhoeal Disease,2010,32,34.0,4.0,26.4733048,88.67886686,0.4878018815,298.4666666,21.0,2010-08-10
West Bengal,Jalpaiguri,Acute Diarrhoeal Disease,2010,37,120.0,3.0,26.473304800000005,88.67886686000001,2.045599452,289.685,18.0,2010-09-18
West Bengal,Jalpaiguri,Acute Diarrhoeal Disease,2010,40,48.0,0.0,26.4733048,88.67886686,0.2055501428,299.29,,2010-10-08
West Bengal,Jalpaiguri,Acute Diarrhoeal Disease,2010,42,22.0,0.0,26.4733048,88.67886686,0.06549441107,301.16,,2010-10-24
West Bengal,Jalpaiguri,Acute Diarrhoeal Disease,2011,5,164.0,0.0,26.473304800000005,88.67886686000001,0.004832064648,292.6033334,23.0,2011-02-03
West Bengal,Jalpaiguri,Acute Diarrhoeal Disease,2011,15,64.0,0.0,26.4733048,88.67886686,0.2846339955,296.2266666,,2011-04-15
West Bengal,Jalpaiguri,Acute Diarrhoeal Disease,2011,18,51.0,0.0,26.4733048,88.67886686,1.138024476,296.2266666,28.0,2011-05-05
West Bengal,Jalpaiguri,Acute Diarrhoeal Disease,2011,20,64.0,0.0,26.4733048,88.67886686,0.7012608493,298.46,18.0,2011-05-22
West Bengal,Jalpaiguri,Acute Diarrhoeal Disease,2011,21,162.0,1.0,26.473304800000005,88.67886686000001,0.8194955368,296.37333340000004,18.0,2011-05-23
West Bengal,Jalpaiguri,Acute Diarrhoeal Disease,2011,23,22.0,1.0,26.4733048,88.67886686,0.6625597915,300.9966666,24.0,2011-06-12
West Bengal,Jalpaiguri,Acute Diarrhoeal Disease,2012,22,41.0,0.0,26.4733048,88.67886686,0.2978554764,297.5,27.0,2012-05-29
West Bengal,Jalpaiguri,Acute Diarrhoeal Disease,2012,41,37.0,0.0,26.4733048,88.67886686,0.33678309120000005,298.4325,32.0,2012-10-11
West Bengal,Jalpaiguri,Acute Diarrhoeal Disease,2014,24,87.0,0.0,26.4733048,88.67886686,4.066443031,287.64,,2014-06-10
West Bengal,Jalpaiguri,Acute Diarrhoeal Disease,2015,41,10.0,0.0,26.4733048,88.67886686,0.03349130141,299.04,37.0,2015-10-06
West Bengal,Jalpaiguri,Acute Diarrhoeal Disease,2016,18,71.0,0.0,26.4733048,88.67886686,0.487725339,300.4733334,,2016-05-07
West Bengal,Jalpaiguri,Chikungunya,2011,44,801.0,0.0,26.4733048,88.67886686,0.01132713893,298.056,34.0,2011-11-03
West Bengal,Jalpaiguri,Chikungunya,2012,20,145.0,0.0,26.4733048,88.67886686,0.25796123815,295.62,27.0,2012-05-18
West Bengal,Jalpaiguri,Chikungunya,2012,26,281.0,0.0,26.4733048,88.67886686,1.492751894,294.9666666,15.0,2012-06-30
West Bengal,Jalpaiguri,Chikungunya,2015,42,54.0,0.0,26.4733048,88.67886686,0.2229495515,299.5733334,,2015-10-15
West Bengal,Jalpaiguri,Cholera,2010,42,24.0,0.0,26.4733048,88.67886686,0.06549441107,301.16,,2010-10-24
West Bengal,Jalpaiguri,Cholera,2012,33,19.0,0.0,26.4733048,88.67886686,0.9305222014,296.9733334,11.0,2012-08-17
West Bengal,Jalpaiguri,Cholera,2012,34,23.0,0.0,26.4733048,88.67886686,1.530263691,299.58,24.0,2012-08-25
West Bengal,Jalpaiguri,Cholera,2012,41,68.0,3.0,26.4733048,88.67886686,0.3063938379,298.97,32.0,2012-10-12
West Bengal,Jalpaiguri,Dengue,2013,31,189.0,1.0,26.4733048,88.67886686,1.191221325,297.04,15.0,2013-08-01
West Bengal,Jalpaiguri,Dengue,2013,42,76.0,0.0,26.4733048,88.67886686,0.4712297584,301.82,,2013-10-16
West Bengal,Jalpaiguri,Dengue,2016,42,515.0,0.0,26.4733048,88.67886686,2.730706938,291.32,36.0,2016-10-17
West Bengal,Jalpaiguri,Dengue,2021,36,119.0,1.0,26.4733048,88.67886686,0.8274690328,296.148,37.0,2021-09-10
West Bengal,Jalpaiguri,Dengue,2022,18,272.0,0.0,26.4733048,88.67886686,0.2161416423,304.6,,2022-05-08
West Bengal,Jalpaiguri,Malaria,2013,43,15.0,0.0,26.4733048,88.67886686,0.08052506598,296.66,32.0,2013-10-22
West Bengal,Jalpaiguri,Malaria,2015,25,137.0,0.0,26.4733048,88.67886686,1.502784551,290.88,12.0,2015-06-15
West Bengal,Jalpaiguri,Malaria,2017,21,533.0,0.0,26.4733048,88.67886686,0.3568819471,300.256,27.0,2017-05-23
West Bengal,Jhargram,Acute Diarrhoeal Disease,2020,6,62.0,0.0,22.3770636,87.04867177,0.05328491101,296.54400000000004,8.0,2020-02-08
West Bengal,Kolkata,Cholera,2011,28,78.0,0.0,22.5666449,88.3544854,0.4891034868,301.11333340000004,5.0,2011-07-13
West Bengal,Malda,AES,2014,23,211.0,95.0,25.0057449,88.1398483,0.42971348979999996,302.812,9.0,2014-06-05
West Bengal,Malda,Acute Diarrhoeal Disease,2011,35,36.0,0.0,25.0057449,88.1398483,0.3558414286,301.2566666,15.0,2011-09-03
West Bengal,Malda,Acute Diarrhoeal Disease,2011,49,40.0,2.0,25.0057449,88.1398483,0.004872643105,300.408,6.0,2011-12-06
West Bengal,Malda,Acute Diarrhoeal Disease,2012,26,45.0,0.0,25.0057449,88.1398483,0.1151740729,302.36,8.0,2012-07-01
West Bengal,Malda,Acute Diarrhoeal Disease,2013,20,24.0,0.0,25.0057449,88.1398483,0.1900903172,306.428,6.0,2013-05-15
West Bengal,Malda,Acute Diarrhoeal Disease,2013,22,31.0,1.0,25.0057449,88.1398483,0.6385460286,308.73,6.0,2013-05-28
West Bengal,Malda,Acute Diarrhoeal Disease,2013,36,251.0,0.0,25.0057449,88.1398483,0.8015506819,298.46,,2013-09-06
West Bengal,Malda,Acute Diarrhoeal Disease,2013,45,22.0,0.0,25.0057449,88.1398483,0.008647886468,300.548,12.0,2013-11-10
West Bengal,Malda,Acute Diarrhoeal Disease,2014,4,61.0,0.0,25.0057449,88.1398483,0.0006860751964,295.552,8.0,2014-01-22
West Bengal,Malda,Acute Diarrhoeal Disease,2014,17,47.0,0.0,25.0057449,88.1398483,2.95e-05,313.94,8.0,2014-04-27
West Bengal,Malda,Acute Diarrhoeal Disease,2016,18,12.0,0.0,25.0057449,88.1398483,0.1416746334,309.77,8.0,2016-05-06
West Bengal,Malda,Acute Diarrhoeal Disease,2017,36,124.0,0.0,25.0057449,88.1398483,0.2916475852,301.96,16.0,2017-09-10
West Bengal,Malda,Acute Diarrhoeal Disease,2018,17,61.0,0.0,25.0057449,88.1398483,0.04142471576,304.6,10.0,2018-04-26
West Bengal,Malda,Chikungunya,2009,45,50.0,0.0,25.0057449,88.1398483,7.61e-05,301.608,12.0,2009-11-06
West Bengal,Malda,Cholera,2012,38,87.0,0.0,25.0057449,88.1398483,0.9318668218,296.08,8.0,2012-09-19
West Bengal,Malda,Cholera,2016,19,101.0,0.0,25.0057449,88.1398483,0.3848566304,307.488,8.0,2016-05-14
West Bengal,Malda,Dengue,2014,44,193.0,6.0,25.0057449,88.1398483,0.05474470437,301.48,16.0,2014-10-28
West Bengal,Malda,Dengue,2017,39,278.0,0.0,25.0057449,88.1398483,0.6536106912,300.36,19.0,2017-09-25
West Bengal,Malda,Dengue & Chikungunya,2017,27,1228.0,0.0,25.0057449,88.1398483,1.295882154,,4.0,2017-07-09
West Bengal,Malda,Malaria,2011,26,618.0,0.0,25.0057449,88.1398483,1.7958235369999997,300.38,,2011-07-03
West Bengal,Malda,Malaria,2014,30,22.0,0.0,25.0057449,88.1398483,0.6358668522,299.64,10.0,2014-07-21
West Bengal,Malda,Malaria,2014,33,243.0,1.0,25.0057449,88.1398483,1.35079462,300.72,2.0,2014-08-17
West Bengal,Malda,Malaria,2014,48,34.0,0.0,25.0057449,88.1398483,8.9e-05,299.82,7.0,2014-11-26
West Bengal,Malda,Malaria,2014,51,37.0,0.0,25.0057449,88.1398483,0.02914822248,294.98,,2014-12-18
West Bengal,Malda,Malaria,2015,28,53.0,1.0,25.0057449,88.1398483,1.114236037,302.08,7.0,2015-07-10
West Bengal,Medinipur,Acute Diarrhoeal Disease,2019,46,28.0,0.0,22.4221814,87.3221281,0.6049356307,297.28000000000003,16.0,2019-11-11
West Bengal,Medinipur West,Acute Diarrhoeal Disease,2013,25,87.0,0.0,22.4221814,87.3221281,0.5479036541,304.7266666,13.0,2013-06-22
West Bengal,Medinipur West,Acute Diarrhoeal Disease,2014,2,31.0,0.0,22.4221814,87.3221281,0.0008298155457,296.16,6.0,2014-01-10
West Bengal,Medinipur West,Acute Diarrhoeal Disease,2019,35,53.0,1.0,22.4221814,87.3221281,0.5158848629,302.3,9.0,2019-09-01
West Bengal,Medinipur West,Cholera,2014,39,148.0,0.0,22.4221814,87.3221281,0.7540796909,301.72,20.0,2014-09-24
West Bengal,Midnapore,Acute Diarrhoeal Disease,2015,14,92.0,0.0,22.4671958,87.17500551,0.1335085865,307.27500000000003,7.0,2015-04-01
West Bengal,Midnapore East,Acute Diarrhoeal Disease,2019,28,22.0,0.0,22.05211075,88.07124658,0.8999829591,299.78000000000003,7.0,2019-07-10
West Bengal,Midnapur West,Acute Diarrhoeal Disease,2015,6,400.0,0.0,22.4671958,87.17500551,0.002337955336,298.428,7.0,2015-02-04
West Bengal,Midnapur West,Acute Diarrhoeal Disease,2015,24,200.0,0.0,22.4205314,87.3219109,0.07864023381,311.7266666,,2015-06-09
West Bengal,Murshidabad,Acute Diarrhoeal Disease,2010,15,145.0,0.0,24.1745993,88.2721335,0.0753457464,307.2033334,8.0,2010-04-16
West Bengal,Murshidabad,Acute Diarrhoeal Disease,2010,28,34.0,1.0,24.1745993,88.2721335,1.071846974,300.62,8.0,2010-07-16
West Bengal,Murshidabad,Acute Diarrhoeal Disease,2010,33,106.0,0.0,24.1745993,88.2721335,0.6515505131,298.1,9.0,2010-08-19
West Bengal,Murshidabad,Acute Diarrhoeal Disease,2010,46,72.0,0.0,24.1745993,88.2721335,0.05698276869,302.5,9.0,2010-11-21
West Bengal,Murshidabad,Acute Diarrhoeal Disease,2011,29,27.0,2.0,24.1745993,88.2721335,1.323108293,287.72,7.0,2011-07-23
West Bengal,Murshidabad,Acute Diarrhoeal Disease,2011,35,23.0,0.0,24.1745993,88.2721335,0.475402698,300.504,14.0,2011-08-31
West Bengal,Murshidabad,Acute Diarrhoeal Disease,2011,39,21.0,0.0,24.1745993,88.2721335,0.5222860714,300.88,11.0,2011-09-28
West Bengal,Murshidabad,Acute Diarrhoeal Disease,2011,48,29.0,0.0,24.1745993,88.2721335,4.34e-05,302.0666666,7.0,2011-11-29
West Bengal,Murshidabad,Acute Diarrhoeal Disease,2012,22,41.0,0.0,24.1745993,88.2721335,0.1757088485,305.685,7.0,2012-06-02
West Bengal,Murshidabad,Acute Diarrhoeal Disease,2013,33,32.0,0.0,24.1745993,88.2721335,0.9093162393,301.13,6.0,2013-08-14
West Bengal,Murshidabad,Acute Diarrhoeal Disease,2013,35,36.0,0.0,24.1745993,88.2721335,0.6705734839,299.82,14.0,2013-08-31
West Bengal,Murshidabad,Acute Diarrhoeal Disease,2013,36,59.0,0.0,24.1745993,88.2721335,0.7656059518,301.16,14.0,2013-09-03
West Bengal,Murshidabad,Acute Diarrhoeal Disease,2015,45,30.0,0.0,24.1745993,88.2721335,0.01144172743,301.904,12.0,2015-11-07
West Bengal,Murshidabad,Acute Diarrhoeal Disease,2015,46,52.0,0.0,24.1745993,88.2721335,0.0002289147022,300.7266666,10.0,2015-11-14
West Bengal,Murshidabad,Acute Diarrhoeal Disease,2016,10,43.0,0.0,24.1745993,88.2721335,0.03540201986,302.668,11.0,2016-03-11
West Bengal,Murshidabad,Acute Diarrhoeal Disease,2016,28,58.0,0.0,24.1745993,88.2721335,0.5094029031,301.0133334,10.0,2016-07-17
West Bengal,Murshidabad,Acute Diarrhoeal Disease,2016,36,47.0,0.0,24.1745993,88.2721335,0.7345677473,302.26,10.0,2016-09-10
West Bengal,Murshidabad,Dengue,2013,40,27.0,0.0,24.1745993,88.2721335,0.9734056509,300.40000000000003,6.0,2013-10-05
West Bengal,Murshidabad,Dengue,2014,44,77.0,0.0,24.1745993,88.2721335,0.05176576577,301.815,,2014-10-31
West Bengal,Murshidabad,Dengue,2016,33,266.0,0.0,24.1745993,88.2721335,0.7605017521,301.05,6.0,2016-08-17
West Bengal,Murshidabad,Dengue,2018,28,241.0,0.0,24.1745993,88.2721335,0.3702091536,300.0333334,10.0,2018-07-14
West Bengal,Murshidabad,Dengue,2018,31,735.0,0.0,24.1745993,88.2721335,1.15151054,,3.0,2018-08-03
West Bengal,Murshidabad,Dengue,2018,32,532.0,0.0,24.1745993,88.2721335,1.147983465,,5.0,2018-08-06
West Bengal,Murshidabad,Dengue,2018,34,651.0,0.0,24.1745993,88.2721335,0.3636899329,303.72,5.0,2018-08-23
West Bengal,Murshidabad,Dengue,2019,33,497.0,0.0,24.1745993,88.2721335,0.7416281037,304.38,8.0,2019-08-16
West Bengal,Nadia,Acute Diarrhoeal Disease,2009,26,24.0,0.0,23.48454125,88.55676307,0.1380151688,303.8866666,8.0,2009-06-27
West Bengal,Nadia,Acute Diarrhoeal Disease,2010,19,115.0,0.0,23.48454125,88.55676307,0.215320033375,305.84850000000006,9.0,2010-05-10
West Bengal,Nadia,Acute Diarrhoeal Disease,2010,22,51.0,0.0,23.48454125,88.55676307,0.696739917,299.58,,2010-06-02
West Bengal,Nadia,Acute Diarrhoeal Disease,2010,37,104.0,0.0,23.48454125,88.55676307,1.163606182,296.38,8.0,2010-09-17
West Bengal,Nadia,Acute Diarrhoeal Disease,2011,23,71.0,0.0,23.48454125,88.55676307,0.1904720442,303.572,11.0,2011-06-12
West Bengal,Nadia,Acute Diarrhoeal Disease,2011,41,17.0,0.0,23.48454125,88.55676307,0.0884768875,302.59200000000004,16.0,2011-10-11
West Bengal,Nadia,Acute Diarrhoeal Disease,2012,13,41.0,0.0,23.48454125,88.55676307,0.0001090914192,305.7666666,,2012-03-29
West Bengal,Nadia,Acute Diarrhoeal Disease,2014,27,69.0,0.0,23.48454125,88.55676307,1.137506672,301.12,8.0,2014-07-02
West Bengal,Nadia,Acute Diarrhoeal Disease,2014,28,56.0,0.0,23.48454125,88.55676307,0.9114438279,297.73,11.0,2014-07-07
West Bengal,Nadia,Acute Diarrhoeal Disease,2015,26,59.0,0.0,23.48454125,88.55676307,0.9757700111,300.85,,2015-06-26
West Bengal,Nadia,Acute Diarrhoeal Disease,2015,29,28.0,0.0,23.48454125,88.55676307,1.839021019,302.39,10.0,2015-07-15
West Bengal,Nadia,Acute Diarrhoeal Disease,2015,34,76.0,0.0,23.48454125,88.55676307,0.508717249,,5.0,2015-08-23
West Bengal,Nadia,Acute Diarrhoeal Disease,2019,17,332.0,0.0,23.48454125,88.55676307,0.215991275,303.2233334,,2019-04-22
West Bengal,Nadia,Chikungunya,2010,34,2724.0,0.0,23.484541249999996,88.55676307,0.3522695191,300.22,7.0,2010-08-25
West Bengal,Nadia,Chikungunya,2012,34,17.0,0.0,23.48454125,88.55676307,0.5042963347,299.96,9.0,2012-08-25
West Bengal,Nadia,Cholera,2010,25,287.0,0.0,23.48454125,88.55676307,0.5943407048,301.49,11.0,2010-06-27
West Bengal,Nadia,Cholera,2011,41,21.0,0.0,23.48454125,88.55676307,0.06926525952,304.1,16.0,2011-10-14
West Bengal,Nadia,Cholera,2015,16,59.0,0.0,23.48454125,88.55676307,0.2479846539,302.016,,2015-04-15
West Bengal,Nadia,Dengue,2010,35,233.0,0.0,23.48454125,88.55676307,0.2664040613,301.86,11.0,2010-09-01
West Bengal,Nadia,Dengue,2010,38,24.0,0.0,23.48454125,88.55676307,1.052907316,300.34000000000003,,2010-09-21
West Bengal,Nadia,Dengue,2012,30,38.0,0.0,23.48454125,88.55676307,0.6467231556,299.65000000000003,8.0,2012-07-28
West Bengal,Nadia,Dengue,2012,33,45.0,0.0,23.48454125,88.55676307,0.853531279,301.18,10.0,2012-08-13
West Bengal,Nadia,Dengue,2012,34,27.0,0.0,23.48454125,88.55676307,0.3690817139,299.975,9.0,2012-08-21
West Bengal,Nadia,Dengue,2012,35,111.0,0.0,23.484541249999996,88.55676307,0.2433684707,299.9583333333333,13.0,2012-09-01
West Bengal,Nadia,Dengue,2012,37,26.0,0.0,23.48454125,88.55676307,0.7557719853,300.31,12.0,2012-09-15
West Bengal,Nadia,Dengue,2012,40,37.0,0.0,23.48454125,88.55676307,0.3930995035,304.2866666,,2012-10-06
West Bengal,Nadia,Dengue,2012,41,80.0,0.0,23.48454125,88.55676307,0.5512497360999999,302.73,16.0,2012-10-08
West Bengal,Nadia,Dengue,2012,43,10.0,0.0,23.48454125,88.55676307,0.002279750984,304.676,12.0,2012-10-28
West Bengal,Nadia,Dengue,2013,33,26.0,0.0,23.48454125,88.55676307,0.7646850002,299.49,11.0,2013-08-15
West Bengal,Nadia,Dengue,2013,34,35.0,0.0,23.48454125,88.55676307,0.9420507977,301.88,,2013-08-20
West Bengal,Nadia,Dengue,2013,35,26.0,0.0,23.48454125,88.55676307,0.9666357969,302.13,,2013-08-28
West Bengal,Nadia,Dengue,2013,43,51.0,0.0,23.48454125,88.55676307,0.2488551425,301.28000000000003,,2013-10-23
West Bengal,Nadia,Dengue,2015,35,364.0,0.0,23.484541249999996,88.55676307,0.7176648537,299.32,,2015-08-28
West Bengal,Nadia,Dengue,2016,33,162.0,0.0,23.48454125,88.55676307,0.6048808829,301.76,11.0,2016-08-18
West Bengal,Nadia,Dengue,2016,34,53.0,0.0,23.48454125,88.55676307,1.719825849,303.29,,2016-08-27
West Bengal,Nadia,Dengue,2017,34,694.0,0.0,23.484541249999996,88.55676307,0.9129071531,301.19,,2017-08-21
West Bengal,Nadia,Dengue,2018,28,419.0,0.0,23.48454125,88.55676307,0.3733149412,300.355,11.0,2018-07-13
West Bengal,Nadia,Dengue,2018,35,465.0,0.0,23.48454125,88.55676307,0.3576269969,296.90000000000003,,2018-08-28
West Bengal,Nadia,Dengue,2018,36,765.0,0.0,23.48454125,88.55676307,0.59091485165,300.38250000000005,10.0,2018-09-07
West Bengal,Nadia,Dengue,2018,37,1006.0,0.0,23.48454125,88.55676307,0.41120352314999997,299.63,10.0,2018-09-10
West Bengal,Nadia,Dengue,2019,32,27.0,0.0,23.48454125,88.55676307,0.6856440832,301.33,9.0,2019-08-09
West Bengal,Nadia,Dengue & Chikungunya,2010,42,301.0,0.0,23.48454125,88.55676307,0.2277246495,301.30333340000004,14.0,2010-10-21
West Bengal,Nayabasti,Acute Diarrhoeal Disease,2018,1,39.0,0.0,26.1090303,88.070742,4.34e-05,297.49,6.5,2018-01-02
West Bengal,Paschim Medinipur,Acute Diarrhoeal Disease,2010,19,18.0,0.0,22.3599134,87.41331448,0.04054183471,306.085,11.0,2010-05-15
West Bengal,Paschim Medinipur,Acute Diarrhoeal Disease,2010,20,32.0,0.0,22.3599134,87.41331448,0.06088922759,304.69,5.0,2010-05-22
West Bengal,Paschim Medinipur,Acute Diarrhoeal Disease,2010,28,5.0,2.0,22.3599134,87.41331448,0.5332420299,303.85,10.0,2010-07-18
West Bengal,Paschim Medinipur,Acute Diarrhoeal Disease,2011,12,80.0,0.0,22.3599134,87.41331448,9.92e-05,304.296,14.0,2011-03-23
West Bengal,Paschim Medinipur,Acute Diarrhoeal Disease,2013,23,646.0,0.0,22.3599134,87.41331448,0.6505363101,302.94,14.0,2013-06-04
West Bengal,Paschim Medinipur,Acute Diarrhoeal Disease,2013,25,83.0,0.0,22.3599134,87.41331448,0.7142903175,303.77,15.0,2013-06-22
West Bengal,Paschim Medinipur,Acute Diarrhoeal Disease,2013,29,92.0,0.0,22.3599134,87.41331448,0.4794822168,303.78000000000003,8.0,2013-07-15
West Bengal,Paschim Medinipur,Acute Diarrhoeal Disease,2013,34,71.0,0.0,22.3599134,87.41331448,1.002564491,,,2013-08-21
West Bengal,Paschim Medinipur,Acute Diarrhoeal Disease,2013,35,11.0,1.0,22.3599134,87.41331448,0.8771236949,303.52,,2013-08-29
West Bengal,Paschim Medinipur,Acute Diarrhoeal Disease,2013,36,21.0,0.0,22.3599134,87.41331448,0.8294179142,300.40000000000003,10.0,2013-09-02
West Bengal,Paschim Medinipur,Acute Diarrhoeal Disease,2013,37,23.0,1.0,22.3599134,87.41331448,0.7612111239,300.5,12.0,2013-09-12
West Bengal,Paschim Medinipur,Acute Diarrhoeal Disease,2015,24,54.0,0.0,22.3599134,87.41331448,0.04125139154,308.40500000000003,6.0,2015-06-11
West Bengal,Paschim Medinipur,Acute Diarrhoeal Disease,2015,26,213.0,0.0,22.3599134,87.41331448,0.7059749579,303.48,11.0,2015-06-23
West Bengal,Paschim Medinipur,Acute Diarrhoeal Disease,2015,27,115.0,0.0,22.3599134,87.41331448,1.09485445,,6.0,2015-06-29
West Bengal,Paschim Medinipur,Acute Diarrhoeal Disease,2015,30,20.0,0.0,22.3599134,87.41331448,1.830506975,,3.0,2015-07-23
West Bengal,Paschim Medinipur,Acute Diarrhoeal Disease,2015,40,22.0,0.0,22.3599134,87.41331448,0.2086396692,301.3,,2015-09-29
West Bengal,Paschim Medinipur,Acute Diarrhoeal Disease,2015,43,87.0,0.0,22.3599134,87.41331448,0.04006380641,302.952,,2015-10-23
West Bengal,Paschim Medinipur,Acute Diarrhoeal Disease,2016,21,148.0,0.0,22.3599134,87.41331448,0.41929966350000003,302.31666670000004,11.0,2016-05-25
West Bengal,Paschim Medinipur,Acute Diarrhoeal Disease,2016,49,20.0,0.0,22.3599134,87.41331448,0.002038949924,299.5233334,7.0,2016-12-05
West Bengal,Paschim Medinipur,Acute Diarrhoeal Disease,2022,15,105.0,0.0,22.3599134,87.41331448,0.001576650271,303.61,17.0,2022-04-12
West Bengal,Paschim Medinipur,Dengue,2010,35,14.0,1.0,22.3599134,87.41331448,0.4367004405,303.68,11.0,2010-08-30
West Bengal,Paschim Medinipur,Dengue,2015,43,87.0,0.0,22.3599134,87.41331448,0.04006380641,302.952,,2015-10-23
West Bengal,Paschim Medinipur,Dengue,2016,28,1665.0,2.0,22.3599134,87.41331448,0.3408034743,,4.0,2016-07-15
West Bengal,Paschim Medinipur,Dengue,2018,22,1173.0,0.0,22.3599134,87.41331448,0.3585401131,303.08,13.0,2018-05-28
West Bengal,Paschim Medinipur,Dengue,2018,32,1430.0,0.0,22.3599134,87.41331448,1.318926098,,6.0,2018-08-06
West Bengal,Paschim Medinipur,Dengue,2018,33,1568.0,0.0,22.3599134,87.41331448,0.3791070026,301.16,5.0,2018-08-14
West Bengal,Paschim Medinipur,Dengue,2018,34,497.0,0.0,22.3599134,87.41331448,0.5344839437,300.84000000000003,,2018-08-21
West Bengal,Paschim Medinipur,Dengue,2018,36,1430.0,0.0,22.3599134,87.41331448,0.6796600413,301.56,10.0,2018-09-04
West Bengal,Purba Bardhaman,Acute Diarrhoeal Disease,2021,13,126.0,0.0,23.391717,87.90621212,0.004923739049,305.7766666,14.0,2021-03-31
West Bengal,Purba Bardhaman,Cholera,2021,22,29.0,0.0,23.391717,87.90621212,0.8991830033,302.24,5.0,2021-05-31
West Bengal,Purba Medinipur,Acute Diarrhoeal Disease,2010,13,56.0,0.0,22.06217445,87.83672383,0.01595741024,305.748,13.0,2010-04-03
West Bengal,Purba Medinipur,Acute Diarrhoeal Disease,2012,13,20.0,0.0,22.06217445,87.83672383,0.00127212215,305.5666666,16.0,2012-03-27
West Bengal,Purba Medinipur,Acute Diarrhoeal Disease,2012,17,288.0,0.0,22.06217445,87.83672383,0.07721241987,307.3866666,12.0,2012-04-26
West Bengal,Purba Medinipur,Acute Diarrhoeal Disease,2012,19,61.0,0.0,22.06217445,87.83672383,0.3057073361,305.83,12.0,2012-05-09
West Bengal,Purba Medinipur,Acute Diarrhoeal Disease,2013,18,15.0,1.0,22.06217445,87.83672383,0.2743950832,306.02,11.0,2013-05-05
West Bengal,Purba Medinipur,Acute Diarrhoeal Disease,2013,24,28.0,0.0,22.06217445,87.83672383,1.013651826,303.9666666,13.0,2013-06-14
West Bengal,Purba Medinipur,Acute Diarrhoeal Disease,2013,27,133.0,0.0,22.06217445,87.83672383,0.8392125134,,,2013-07-03
West Bengal,Purba Medinipur,Chikungunya,2016,5,27.0,0.0,22.06217445,87.83672383,0.04543780319,298.51,,2016-02-01
West Bengal,Purba Medinipur,Cholera,2009,19,9689.0,0.0,22.06217445,87.83672383,0.0312300409,307.135,7.0,2009-05-05
West Bengal,Purba Medinipur,Dengue,2015,31,41.0,0.0,22.06217445,87.83672383,3.356932155,,2.0,2015-08-02
West Bengal,Purba Medinipur,Dengue,2015,35,41.0,0.0,22.06217445,87.83672383,0.6464243981,302.11,6.0,2015-08-27
West Bengal,Purba Medinipur,Dengue,2015,39,40.0,0.0,22.06217445,87.83672383,0.6741331972,302.2,,2015-09-22
West Bengal,Purba Medinipur,Dengue,2017,31,423.0,0.0,22.06217445,87.83672383,1.5981315700000003,,5.0,2017-07-31
West Bengal,Purba Medinipur,Dengue,2017,33,169.0,0.0,22.06217445,87.83672383,0.6258037772,,5.0,2017-08-18
West Bengal,Purba Medinipur,Dengue,2019,33,892.0,0.0,22.06217445,87.83672383,0.6876565804,304.09000000000003,,2019-08-12
West Bengal,Purulia,Acute Diarrhoeal Disease,2009,24,125.0,0.0,23.3291882,86.3672378,0.105475161,308.2466666,9.0,2009-06-14
West Bengal,Purulia,Acute Diarrhoeal Disease,2010,26,67.0,1.0,23.3291882,86.3672378,0.5502031647,306.17,8.0,2010-06-30
West Bengal,Purulia,Acute Diarrhoeal Disease,2010,29,10.0,0.0,23.3291882,86.3672378,0.184327081,305.72,8.0,2010-07-23
West Bengal,Purulia,Acute Diarrhoeal Disease,2011,5,15.0,0.0,23.3291882,86.3672378,0.007797300717,299.78000000000003,5.0,2011-02-06
West Bengal,Purulia,Acute Diarrhoeal Disease,2011,6,84.0,0.0,23.3291882,86.3672378,8.02e-05,301.83,,2011-02-10
West Bengal,Purulia,Acute Diarrhoeal Disease,2011,18,68.0,0.0,23.3291882,86.3672378,0.2322560709,310.84000000000003,6.0,2011-05-07
West Bengal,Purulia,Acute Diarrhoeal Disease,2011,20,42.0,0.0,23.3291882,86.3672378,0.324178848,306.65500000000003,7.0,2011-05-22
West Bengal,Purulia,Acute Diarrhoeal Disease,2011,22,46.0,0.0,23.3291882,86.3672378,0.2339765864,306.584,9.0,2011-05-30
West Bengal,Purulia,Acute Diarrhoeal Disease,2011,33,154.0,0.0,23.3291882,86.3672378,1.5332545905000001,298.40000000000003,5.0,2011-08-16
West Bengal,Purulia,Acute Diarrhoeal Disease,2011,38,52.0,0.0,23.3291882,86.3672378,1.30074146,299.46,14.0,2011-09-23
West Bengal,Purulia,Acute Diarrhoeal Disease,2012,28,24.0,0.0,23.3291882,86.3672378,0.764212161,298.68,5.0,2012-07-09
West Bengal,Purulia,Acute Diarrhoeal Disease,2013,22,22.0,0.0,23.3291882,86.3672378,0.08224998322,307.69,6.0,2013-05-28
West Bengal,Purulia,Acute Diarrhoeal Disease,2013,27,15.0,0.0,23.3291882,86.3672378,0.4914722661,300.22,7.0,2013-07-02
West Bengal,Purulia,Acute Diarrhoeal Disease,2013,30,22.0,0.0,23.3291882,86.3672378,0.5696596008,300.925,8.0,2013-07-26
West Bengal,Purulia,Acute Diarrhoeal Disease,2013,31,34.0,1.0,23.3291882,86.3672378,1.296523229,300.81,8.0,2013-07-30
West Bengal,Purulia,Acute Diarrhoeal Disease,2013,32,70.0,2.0,23.3291882,86.3672378,0.48651711875,301.66,4.0,2013-08-08
West Bengal,Purulia,Acute Diarrhoeal Disease,2013,34,19.0,0.0,23.3291882,86.3672378,0.7306844081,299.74,9.0,2013-08-23
West Bengal,Purulia,Acute Diarrhoeal Disease,2013,35,20.0,0.0,23.3291882,86.3672378,0.4519243719,301.93,9.0,2013-08-26
West Bengal,Purulia,Acute Diarrhoeal Disease,2013,39,57.0,0.0,23.3291882,86.3672378,0.53221213255,301.2575,17.0,2013-09-23
West Bengal,Purulia,Acute Diarrhoeal Disease,2013,40,37.0,0.0,23.3291882,86.3672378,1.248126825,300.9866666,8.0,2013-10-06
West Bengal,Purulia,Acute Diarrhoeal Disease,2013,41,37.0,0.0,23.3291882,86.3672378,1.108494111,300.9866666,,2013-10-07
West Bengal,Purulia,Acute Diarrhoeal Disease,2013,42,103.0,0.0,23.3291882,86.3672378,0.69468968965,299.4925,14.0,2013-10-17
West Bengal,Purulia,Acute Diarrhoeal Disease,2013,43,11.0,0.0,23.3291882,86.3672378,0.265454557,302.17,14.0,2013-10-25
West Bengal,Purulia,Acute Diarrhoeal Disease,2013,45,52.0,0.0,23.3291882,86.3672378,0.004378894008,300.904,10.0,2013-11-10
West Bengal,Purulia,Acute Diarrhoeal Disease,2013,48,33.0,0.0,23.3291882,86.3672378,8.67e-05,298.66,8.0,2013-11-28
West Bengal,Purulia,Acute Diarrhoeal Disease,2014,13,85.0,0.0,23.3291882,86.3672378,0.04697146231,306.6266666,7.0,2014-03-27
West Bengal,Purulia,Acute Diarrhoeal Disease,2014,36,37.0,0.0,23.3291882,86.3672378,0.4035063195,300.0733334,15.0,2014-09-07
West Bengal,Purulia,Acute Diarrhoeal Disease,2015,20,23.0,0.0,23.3291882,86.3672378,0.09194151813,310.98,8.0,2015-05-15
West Bengal,Purulia,Acute Diarrhoeal Disease,2016,1,19.0,0.0,23.3291882,86.3672378,1.74e-06,298.148,4.0,2016-01-05
West Bengal,Purulia,Acute Diarrhoeal Disease,2016,27,77.0,0.0,23.3291882,86.3672378,0.67903535925,302.8,5.0,2016-07-09
West Bengal,Purulia,Acute Diarrhoeal Disease,2016,28,60.0,0.0,23.3291882,86.3672378,0.6654739616,,5.0,2016-07-15
West Bengal,Purulia,Acute Diarrhoeal Disease,2016,29,35.0,0.0,23.3291882,86.3672378,0.6942979479,,6.0,2016-07-20
West Bengal,Purulia,Acute Diarrhoeal Disease,2016,33,139.0,0.0,23.3291882,86.3672378,1.170137742,300.02,13.0,2016-08-21
West Bengal,Purulia,Acute Diarrhoeal Disease,2016,34,116.0,1.0,23.3291882,86.3672378,1.071039828,301.0266666,13.0,2016-08-24
West Bengal,Purulia,Acute Diarrhoeal Disease,2017,30,115.0,0.0,23.3291882,86.3672378,1.356479216,,1.0,2017-07-26
West Bengal,Purulia,Acute Diarrhoeal Disease,2018,16,83.0,0.0,23.3291882,86.3672378,0.0309011268685,309.35333330000003,7.0,2018-04-18
West Bengal,Purulia,Acute Diarrhoeal Disease,2018,30,57.0,0.0,23.3291882,86.3672378,0.6247734298,,4.0,2018-07-26
West Bengal,Purulia,Acute Diarrhoeal Disease,2019,24,25.0,0.0,23.3291882,86.3672378,0.130734667,309.42,,2019-06-10
West Bengal,Purulia,Acute Diarrhoeal Disease,2019,33,35.0,0.0,23.3291882,86.3672378,0.5817800031,302.21,7.0,2019-08-15
West Bengal,Purulia,Acute Diarrhoeal Disease,2019,42,30.0,0.0,23.3291882,86.3672378,0.4544244418,301.0,20.0,2019-10-14
West Bengal,Purulia,Acute Diarrhoeal Disease,2020,9,68.0,0.0,23.3291882,86.3672378,0.1675449555,299.18,6.0,2020-02-27
West Bengal,Purulia,Acute Diarrhoeal Disease,2021,6,25.0,0.0,23.3291882,86.3672378,0.02399720849,299.0,4.0,2021-02-08
West Bengal,Purulia,Acute Diarrhoeal Disease,2021,11,255.0,0.0,23.19989585,86.3209473,0.219921134,307.012,6.0,2021-03-16
West Bengal,Purulia,Acute Diarrhoeal Disease,2021,26,37.0,0.0,23.3291882,86.3672378,0.4780475287,,,2021-07-04
West Bengal,Purulia,Acute Diarrhoeal Disease,2021,31,22.0,0.0,23.3291882,86.3672378,0.6639760347,,8.0,2021-08-06
West Bengal,Purulia,Acute Diarrhoeal Disease,2021,44,25.0,0.0,23.3291882,86.3672378,0.0103289685,300.77,14.0,2021-11-02
West Bengal,Purulia,Cholera,2013,2,195.0,0.0,23.3291882,86.3672378,0.0005306157107,293.28400000000005,5.0,2013-01-13
West Bengal,Purulia,Cholera,2013,18,60.0,1.0,23.3291882,86.3672378,0.001065052594,314.59000000000003,,2013-05-01
West Bengal,Purulia,Cholera,2013,30,21.0,0.0,23.3291882,86.3672378,0.5696596008,300.925,8.0,2013-07-26
West Bengal,Purulia,Cholera,2013,31,80.0,1.0,23.3291882,86.3672378,1.292345364,300.6,8.0,2013-07-30
West Bengal,Purulia,Cholera,2013,32,30.0,0.0,23.3291882,86.3672378,0.3806123076,301.28000000000003,4.0,2013-08-08
West Bengal,Purulia,Cholera,2013,36,17.0,0.0,23.3291882,86.3672378,0.6525809511,303.3333334,,2013-09-06
West Bengal,Purulia,Cholera,2013,42,70.0,0.0,23.3291882,86.3672378,0.5606699398,300.205,12.0,2013-10-14
West Bengal,Purulia,Cholera,2013,43,23.0,0.0,23.3291882,86.3672378,0.2595004589,302.1,,2013-10-23
West Bengal,Purulia,Cholera,2013,48,43.0,0.0,23.3291882,86.3672378,6.89e-05,298.87,8.0,2013-11-26
West Bengal,Purulia,Cholera,2014,34,67.0,0.0,23.3291882,86.3672378,1.201280507,,8.0,2014-08-18
West Bengal,Purulia,Cholera,2014,36,71.0,0.0,23.3291882,86.3672378,0.4035063195,300.0733334,15.0,2014-09-07
West Bengal,Purulia,Cholera,2015,36,15.0,0.0,23.3291882,86.3672378,0.7917855506,300.86,13.0,2015-09-01
West Bengal,Purulia,Cholera,2015,48,31.0,0.0,23.3291882,86.3672378,7.87e-05,303.04,5.0,2015-11-29
West Bengal,Purulia,Cholera,2016,21,117.0,2.0,23.3291882,86.3672378,0.2843318082,307.295,7.0,2016-05-29
West Bengal,Purulia,Cholera,2016,22,179.0,0.0,23.3291882,86.3672378,0.3221189614,308.67044446666665,7.0,2016-05-30
West Bengal,Purulia,Cholera,2016,23,30.0,0.0,23.3291882,86.3672378,0.4138951428,308.165,7.0,2016-06-06
West Bengal,Purulia,Cholera,2016,27,46.0,0.0,23.3291882,86.3672378,0.9064950318,302.8,5.0,2016-07-09
West Bengal,Purulia,Cholera,2019,28,31.0,0.0,23.3291882,86.3672378,0.7925198686,,,2019-07-12
West Bengal,Purulia,Cholera,2021,39,28.0,0.0,23.3291882,86.3672378,2.165862731,298.64,20.0,2021-10-03
West Bengal,Purulia,Cholera,2021,41,22.0,0.0,23.3291882,86.3672378,0.02310090096,301.0266666,21.0,2021-10-13
West Bengal,Purulia,Dengue,2018,30,651.0,0.0,23.3291882,86.3672378,0.5356093389,303.40000000000003,4.0,2018-07-24
West Bengal,Purulia,Dengue,2018,31,16.0,0.0,23.3291882,86.3672378,0.9024276265,,3.0,2018-07-31
West Bengal,Purulia,Malaria,2014,19,21.0,0.0,23.3291882,86.3672378,0.08476274688,312.1966666,6.0,2014-05-05
West Bengal,Purulia,Malaria,2015,22,19.0,0.0,23.3291882,86.3672378,0.04908339931,309.0,8.0,2015-05-26
West Bengal,Purulia,Malaria,2015,26,51.0,0.0,23.3291882,86.3672378,0.3922971656,303.3933334,9.0,2015-06-23
West Bengal,Purulia,Malaria,2016,12,24.0,0.0,23.3291882,86.3672378,0.006067224981,310.3066666,5.0,2016-03-25
West Bengal,Rampurhat,Acute Diarrhoeal Disease,2019,17,72.0,0.0,24.1763069,87.7859569,0.1243603352,307.2633334,11.0,2019-04-27
West Bengal,Rampurhat,Cholera,2018,44,102.0,0.0,24.1763069,87.7859569,0.001800650255,302.42400000000004,17.0,2018-10-29
West Bengal,South Parganas,Acute Diarrhoeal Disease,2009,29,112.0,0.0,22.5760669,88.42006758,0.4744473145,302.75,9.0,2009-07-17
West Bengal,South Parganas,Acute Diarrhoeal Disease,2009,39,4485.0,0.0,22.5760669,88.42006758,0.7405739352,299.768,14.0,2009-09-23
West Bengal,South Parganas,Acute Diarrhoeal Disease,2010,36,78.0,0.0,22.5760669,88.42006758,0.5877028879,299.236,14.0,2010-09-11
West Bengal,South Parganas,Acute Diarrhoeal Disease,2011,18,21.0,0.0,22.5760669,88.42006758,0.5945047607,304.392,12.0,2011-05-02
West Bengal,South Parganas,Acute Diarrhoeal Disease,2011,50,48.0,0.0,22.5760669,88.42006758,0.006126871217,296.9666666,7.0,2011-12-16
West Bengal,South Parganas,Acute Diarrhoeal Disease,2013,23,23.0,1.0,22.5760669,88.42006758,0.3353474664,300.92,15.0,2013-06-05
West Bengal,South Parganas,Acute Diarrhoeal Disease,2013,25,36.0,0.0,22.5760669,88.42006758,0.4124176147,301.90000000000003,15.0,2013-06-20
West Bengal,South Parganas,Acute Diarrhoeal Disease,2014,30,248.0,0.0,22.5760669,88.42006757999998,0.6574892526,,4.0,2014-07-22
West Bengal,South Parganas,Acute Diarrhoeal Disease,2014,31,140.0,0.0,22.5760669,88.42006758,0.77567197975,287.08,9.0,2014-07-29
West Bengal,South Parganas,Acute Diarrhoeal Disease,2014,38,115.0,0.0,22.5760669,88.42006758,0.1911812722,301.536,12.0,2014-09-18
West Bengal,South Parganas,Acute Diarrhoeal Disease,2015,22,18.0,0.0,22.5760669,88.42006758,0.01330339936,305.052,10.0,2015-05-27
West Bengal,South Parganas,Acute Diarrhoeal Disease,2015,26,18.0,0.0,22.5760669,88.42006758,0.9995718671,,4.0,2015-06-27
West Bengal,South Parganas,Acute Diarrhoeal Disease,2015,31,19.0,0.0,22.5760669,88.42006758,1.642966621,,,2015-07-27
West Bengal,South Parganas,Acute Diarrhoeal Disease,2015,33,575.0,0.0,22.5760669,88.42006758,0.2034110575,300.59000000000003,9.0,2015-08-10
West Bengal,South Parganas,Acute Diarrhoeal Disease,2015,36,15.0,0.0,22.5760669,88.42006758,0.7592146024,,5.0,2015-08-31
West Bengal,South Parganas,Acute Diarrhoeal Disease,2016,7,39.0,0.0,22.5760669,88.42006758,0.02198617318,301.6533334,,2016-02-20
West Bengal,South Parganas,Acute Diarrhoeal Disease,2016,18,192.0,0.0,22.5760669,88.42006758,0.1914645192,307.26766670000006,11.0,2016-05-03
West Bengal,South Parganas,Acute Diarrhoeal Disease,2016,19,54.0,0.0,22.5760669,88.42006758,0.19993040235,305.9096667,13.0,2016-05-11
West Bengal,South Parganas,Acute Diarrhoeal Disease,2016,20,19.0,0.0,22.5760669,88.42006758,1.207549647,302.65000000000003,8.0,2016-05-22
West Bengal,South Parganas,Acute Diarrhoeal Disease,2016,34,79.0,0.0,22.5760669,88.42006758,1.476226079,300.7266666,,2016-08-27
West Bengal,South Parganas,Acute Diarrhoeal Disease,2016,36,157.0,0.0,22.5760669,88.42006758,0.4305632851,297.43333340000004,13.0,2016-09-11
West Bengal,South Parganas,Acute Diarrhoeal Disease,2019,38,59.0,0.0,22.5760669,88.42006758,0.2094489234,302.6666666,19.0,2019-09-20
West Bengal,South Parganas,Acute Diarrhoeal Disease,2021,10,122.0,0.0,22.5760669,88.42006758,0.001902199772,304.2066666,8.0,2021-03-09
West Bengal,South Parganas,Acute Diarrhoeal Disease,2021,12,89.0,0.0,22.5760669,88.42006758,0.0102162131178,304.5016667,11.0,2021-03-22
West Bengal,South Parganas,Acute Diarrhoeal Disease,2021,13,120.0,1.0,22.5760669,88.42006758,0.02131883061,305.42,11.0,2021-04-04
West Bengal,South Parganas,Acute Diarrhoeal Disease,2021,15,146.0,0.0,22.5760669,88.42006758,0.06447265222,306.84000000000003,12.0,2021-04-16
West Bengal,South Parganas,Acute Diarrhoeal Disease,2021,16,55.0,0.0,22.5760669,88.42006758,0.02302723382,306.28000000000003,,2021-04-22
West Bengal,South Parganas,Acute Diarrhoeal Disease,2021,29,51.0,0.0,22.5760669,88.42006758,0.518780131,301.89,9.0,2021-07-24
West Bengal,South Parganas,Acute Diarrhoeal Disease,2022,8,42.0,0.0,22.5760669,88.42006758,0.1333235523,299.22,10.0,2022-02-23
West Bengal,South Parganas,Acute Diarrhoeal Disease,2022,12,35.0,0.0,22.5760669,88.42006758,0.01326398044,304.952,13.0,2022-03-26
West Bengal,South Parganas,Acute Diarrhoeal Disease,2022,16,71.0,0.0,22.5760669,88.42006758,0.001930660318,304.93333340000004,10.0,2022-04-19
West Bengal,South Parganas,Cholera,2009,22,51225.0,23.0,22.5760669,88.42006758,0.4886619113,302.92,,2009-05-25
West Bengal,South Parganas,Cholera,2013,18,70.0,0.0,22.5760669,88.42006758,0.06509398581,304.7733334,,2013-04-30
West Bengal,South Parganas,Cholera,2016,12,776.0,0.0,22.5760669,88.42006758,0.03823733197,303.9766666,13.0,2016-03-26
West Bengal,South Parganas,Cholera,2016,22,26.0,0.0,22.5760669,88.42006758,0.1586993147,304.075,,2016-06-01
West Bengal,South Parganas,Cholera,2016,24,60.0,0.0,22.5760669,88.42006758,0.56374140875,302.14,12.0,2016-06-18
West Bengal,South Parganas,Dengue,2016,23,57.0,0.0,22.5760669,88.42006758,0.7075943093,303.60400000000004,,2016-06-09
West Bengal,South Parganas,Dengue,2016,37,127.0,0.0,22.5760669,88.42006758,0.7554481302,301.004,19.0,2016-09-17
West Bengal,South Parganas,Dengue,2016,43,83.0,0.0,22.5760669,88.42006758,0.1254093123,301.764,16.0,2016-10-29
West Bengal,South Parganas,Dengue,2018,38,728.0,0.0,22.5760669,88.42006758,0.5798968279,302.67,,2018-09-21
West Bengal,Uttar Dinajpur,Cholera,2016,12,870.0,0.0,25.8707958,87.96259728,0.01384412423,304.48,8.0,2016-03-26
West Bengal,Uttar Dinajpur,Dengue,2016,8,140.0,0.0,25.8707958,87.96259728,0.001412002241,298.97,,2016-02-23
West Bengal,West Medinipur,Acute Diarrhoeal Disease,2010,17,13.0,1.0,22.2788943,87.92227864,0.04071258185,305.7133334,7.0,2010-04-27
West Bengal,West Medinipur,Acute Diarrhoeal Disease,2012,28,65.0,0.0,22.2788943,87.92227864,0.6640967487,301.90000000000003,16.0,2012-07-13
West Bengal,West Medinipur,Acute Diarrhoeal Disease,2013,31,59.0,0.0,22.2788943,87.92227864,2.50305217,,6.0,2013-07-30
West Bengal,West Medinipur,Acute Diarrhoeal Disease,2013,41,24.0,0.0,22.2788943,87.92227864,1.235475628,,22.0,2013-10-10
West Bengal,West Medinipur,Acute Diarrhoeal Disease,2013,42,240.0,3.0,22.2788943,87.92227864,1.103999507,300.40000000000003,22.0,2013-10-14
West Bengal,West Medinipur,Acute Diarrhoeal Disease,2013,51,39.0,0.0,22.2788943,87.92227864,0.002176742252,296.808,6.0,2013-12-21
West Bengal,West Medinipur,Acute Diarrhoeal Disease,2014,1,145.0,0.0,22.2788943,87.92227864,6.3e-05,296.165,6.0,2014-01-04
West Bengal,West Medinipur,Acute Diarrhoeal Disease,2014,30,169.0,0.0,22.2788943,87.92227864,0.4235504912,,3.0,2014-07-24
West Bengal,West Medinipur,Acute Diarrhoeal Disease,2014,31,24.0,0.0,22.2788943,87.92227864,0.4723391136,,5.0,2014-07-29
West Bengal,West Medinipur,Acute Diarrhoeal Disease,2018,22,43.0,0.0,22.2788943,87.92227864,0.151667724,304.16,,2018-06-02
West Bengal,West Medinipur,Acute Diarrhoeal Disease,2019,35,47.0,0.0,22.2788943,87.92227864,0.4316577618,302.62,5.0,2019-09-01
West Bengal,West Midnapore,Acute Diarrhoeal Disease,2015,24,70.0,0.0,22.05211075,88.07124658,0.03668623146,305.115,10.0,2015-06-11
West Bengal,West Midnapore,Acute Diarrhoeal Disease,2015,32,26.0,0.0,22.05211075,88.07124658,0.2878018505,295.88,9.0,2015-08-09
